"roll_no","full_name","email","dept_code","section","batch_year","cgpa","backlogs","placement_status"
"CB.SC.U4CSE19001","Ishaan Shetty","cb.sc.u4cse19001@cb.students.amrita.edu","CSE","A","2023","7.76","1","Not Placed"
"CB.SC.U4CSE19002","Rahul Kapoor","cb.sc.u4cse19002@cb.students.amrita.edu","CSE","A","2023","9.08","0","Not Placed"
"CB.SC.U4CSE19003","Charan Shetty","cb.sc.u4cse19003@cb.students.amrita.edu","CSE","A","2023","7.17","2","Not Placed"
"CB.SC.U4CSE19004","Anirudh Nagarajan","cb.sc.u4cse19004@cb.students.amrita.edu","CSE","A","2023","9.83","1","Not Placed"
"CB.SC.U4CSE19005","Diya Patel","cb.sc.u4cse19005@cb.students.amrita.edu","CSE","A","2023","7.91","0","Not Placed"
"CB.SC.U4CSE19006","Surya Kapoor","cb.sc.u4cse19006@cb.students.amrita.edu","CSE","A","2023","7.16","2","Placed"
"CB.SC.U4CSE19007","Diya Shetty","cb.sc.u4cse19007@cb.students.amrita.edu","CSE","A","2023","6.67","0","Not Placed"
"CB.SC.U4CSE19008","Keerthana Raman","cb.sc.u4cse19008@cb.students.amrita.edu","CSE","A","2023","6.37","2","Placed"
"CB.SC.U4CSE19009","Lakshmi Nair","cb.sc.u4cse19009@cb.students.amrita.edu","CSE","A","2023","7.59","1","Placed"
"CB.SC.U4CSE19010","Yash Das","cb.sc.u4cse19010@cb.students.amrita.edu","CSE","A","2023","8.17","1","Placed"
"CB.SC.U4CSE19011","Anirudh Kulkarni","cb.sc.u4cse19011@cb.students.amrita.edu","CSE","A","2023","7.49","0","Placed"
"CB.SC.U4CSE19012","Karthik Nagarajan","cb.sc.u4cse19012@cb.students.amrita.edu","CSE","A","2023","6.35","0","Placed"
"CB.SC.U4CSE19013","Arya Krishnan","cb.sc.u4cse19013@cb.students.amrita.edu","CSE","A","2023","7.18","1","Placed"
"CB.SC.U4CSE19014","Tanvi Patel","cb.sc.u4cse19014@cb.students.amrita.edu","CSE","A","2023","8.86","0","Placed"
"CB.SC.U4CSE19015","Varun Nair","cb.sc.u4cse19015@cb.students.amrita.edu","CSE","A","2023","9.7","2","Not Placed"
"CB.SC.U4CSE19016","Rahul Bose","cb.sc.u4cse19016@cb.students.amrita.edu","CSE","A","2023","9","2","Placed"
"CB.SC.U4CSE19017","Aishwarya Mishra","cb.sc.u4cse19017@cb.students.amrita.edu","CSE","A","2023","9.72","2","Not Placed"
"CB.SC.U4CSE19018","Karthik Patel","cb.sc.u4cse19018@cb.students.amrita.edu","CSE","A","2023","8.9","0","Not Placed"
"CB.SC.U4CSE19019","Varun Shetty","cb.sc.u4cse19019@cb.students.amrita.edu","CSE","A","2023","6.51","2","Not Placed"
"CB.SC.U4CSE19020","Keerthana Krishnan","cb.sc.u4cse19020@cb.students.amrita.edu","CSE","A","2023","7.51","1","Not Placed"
"CB.SC.U4CSE19021","Pooja Shetty","cb.sc.u4cse19021@cb.students.amrita.edu","CSE","A","2023","7.17","2","Placed"
"CB.SC.U4CSE19022","Aishwarya Joshi","cb.sc.u4cse19022@cb.students.amrita.edu","CSE","A","2023","9.11","2","Placed"
"CB.SC.U4CSE19023","Tanvi Reddy","cb.sc.u4cse19023@cb.students.amrita.edu","CSE","A","2023","7.61","1","Placed"
"CB.SC.U4CSE19024","Diya Patel","cb.sc.u4cse19024@cb.students.amrita.edu","CSE","A","2023","6.82","0","Not Placed"
"CB.SC.U4CSE19025","Vikram Reddy","cb.sc.u4cse19025@cb.students.amrita.edu","CSE","A","2023","8.22","1","Not Placed"
"CB.SC.U4CSE19026","Nikhil Kapoor","cb.sc.u4cse19026@cb.students.amrita.edu","CSE","A","2023","8.68","0","Placed"
"CB.SC.U4CSE19027","Keerthana Mishra","cb.sc.u4cse19027@cb.students.amrita.edu","CSE","A","2023","6.04","1","Not Placed"
"CB.SC.U4CSE19028","Tanvi Gupta","cb.sc.u4cse19028@cb.students.amrita.edu","CSE","A","2023","8.42","0","Placed"
"CB.SC.U4CSE19029","Ananya Iyer","cb.sc.u4cse19029@cb.students.amrita.edu","CSE","A","2023","8.21","1","Placed"
"CB.SC.U4CSE19030","Akash Reddy","cb.sc.u4cse19030@cb.students.amrita.edu","CSE","A","2023","8.51","0","Not Placed"
"CB.SC.U4CSE19031","Yash Reddy","cb.sc.u4cse19031@cb.students.amrita.edu","CSE","A","2023","6.97","0","Not Placed"
"CB.SC.U4CSE19032","Arya Nair","cb.sc.u4cse19032@cb.students.amrita.edu","CSE","A","2023","9.43","1","Not Placed"
"CB.SC.U4CSE19033","Ananya Kulkarni","cb.sc.u4cse19033@cb.students.amrita.edu","CSE","A","2023","7.61","1","Not Placed"
"CB.SC.U4CSE19034","Charan Nagarajan","cb.sc.u4cse19034@cb.students.amrita.edu","CSE","A","2023","9.54","2","Placed"
"CB.SC.U4CSE19035","Keerthana Patel","cb.sc.u4cse19035@cb.students.amrita.edu","CSE","A","2023","7.07","0","Not Placed"
"CB.SC.U4CSE19036","Sanjay Iyer","cb.sc.u4cse19036@cb.students.amrita.edu","CSE","A","2023","9.49","0","Not Placed"
"CB.SC.U4CSE19037","Diya Verma","cb.sc.u4cse19037@cb.students.amrita.edu","CSE","A","2023","9.05","0","Placed"
"CB.SC.U4CSE19038","Aditya Pillai","cb.sc.u4cse19038@cb.students.amrita.edu","CSE","A","2023","9.63","1","Not Placed"
"CB.SC.U4CSE19039","Rahul Das","cb.sc.u4cse19039@cb.students.amrita.edu","CSE","A","2023","7.19","0","Placed"
"CB.SC.U4CSE19040","Aarav Nair","cb.sc.u4cse19040@cb.students.amrita.edu","CSE","A","2023","9.36","0","Not Placed"
"CB.SC.U4CSE19041","Meera Shetty","cb.sc.u4cse19041@cb.students.amrita.edu","CSE","A","2023","9.24","1","Not Placed"
"CB.SC.U4CSE19042","Yash Patel","cb.sc.u4cse19042@cb.students.amrita.edu","CSE","A","2023","7.7","1","Placed"
"CB.SC.U4CSE19043","Aarav Nagarajan","cb.sc.u4cse19043@cb.students.amrita.edu","CSE","A","2023","6.95","0","Not Placed"
"CB.SC.U4CSE19044","Arya Verma","cb.sc.u4cse19044@cb.students.amrita.edu","CSE","A","2023","6.8","0","Placed"
"CB.SC.U4CSE19045","Sneha Das","cb.sc.u4cse19045@cb.students.amrita.edu","CSE","A","2023","9.9","1","Not Placed"
"CB.SC.U4CSE19046","Charan Bose","cb.sc.u4cse19046@cb.students.amrita.edu","CSE","A","2023","8.97","1","Placed"
"CB.SC.U4CSE19047","Akash Patel","cb.sc.u4cse19047@cb.students.amrita.edu","CSE","A","2023","7.91","1","Not Placed"
"CB.SC.U4CSE19048","Varun Verma","cb.sc.u4cse19048@cb.students.amrita.edu","CSE","A","2023","8.68","1","Not Placed"
"CB.SC.U4CSE19049","Harish Shetty","cb.sc.u4cse19049@cb.students.amrita.edu","CSE","A","2023","7.18","2","Placed"
"CB.SC.U4CSE19050","Arjun Gupta","cb.sc.u4cse19050@cb.students.amrita.edu","CSE","A","2023","6.7","1","Not Placed"
"CB.SC.U4CSE19051","Arya Reddy","cb.sc.u4cse19051@cb.students.amrita.edu","CSE","A","2023","7.24","2","Not Placed"
"CB.SC.U4CSE19052","Arya Patel","cb.sc.u4cse19052@cb.students.amrita.edu","CSE","A","2023","7.67","1","Placed"
"CB.SC.U4CSE19053","Ananya Patel","cb.sc.u4cse19053@cb.students.amrita.edu","CSE","A","2023","8.44","2","Placed"
"CB.SC.U4CSE19054","Charan Kulkarni","cb.sc.u4cse19054@cb.students.amrita.edu","CSE","A","2023","8.19","0","Placed"
"CB.SC.U4CSE19055","Keerthana Nagarajan","cb.sc.u4cse19055@cb.students.amrita.edu","CSE","A","2023","6.23","2","Not Placed"
"CB.SC.U4CSE19056","Sanjay Joshi","cb.sc.u4cse19056@cb.students.amrita.edu","CSE","A","2023","9.36","2","Placed"
"CB.SC.U4CSE19057","Rahul Patel","cb.sc.u4cse19057@cb.students.amrita.edu","CSE","A","2023","9.16","1","Not Placed"
"CB.SC.U4CSE19058","Bhavya Das","cb.sc.u4cse19058@cb.students.amrita.edu","CSE","A","2023","8.69","2","Not Placed"
"CB.SC.U4CSE19059","Sneha Mishra","cb.sc.u4cse19059@cb.students.amrita.edu","CSE","A","2023","6.84","1","Placed"
"CB.SC.U4CSE19060","Akash Patel","cb.sc.u4cse19060@cb.students.amrita.edu","CSE","A","2023","9.43","0","Not Placed"
"CB.SC.U4CSE19101","Harish Patel","cb.sc.u4cse19101@cb.students.amrita.edu","CSE","B","2023","8.18","2","Not Placed"
"CB.SC.U4CSE19102","Varun Shetty","cb.sc.u4cse19102@cb.students.amrita.edu","CSE","B","2023","9.38","0","Not Placed"
"CB.SC.U4CSE19103","Harish Nagarajan","cb.sc.u4cse19103@cb.students.amrita.edu","CSE","B","2023","6.46","1","Not Placed"
"CB.SC.U4CSE19104","Surya Menon","cb.sc.u4cse19104@cb.students.amrita.edu","CSE","B","2023","6.14","0","Placed"
"CB.SC.U4CSE19105","Aishwarya Gupta","cb.sc.u4cse19105@cb.students.amrita.edu","CSE","B","2023","9.26","2","Not Placed"
"CB.SC.U4CSE19106","Nikhil Iyer","cb.sc.u4cse19106@cb.students.amrita.edu","CSE","B","2023","7.57","0","Not Placed"
"CB.SC.U4CSE19107","Aishwarya Patel","cb.sc.u4cse19107@cb.students.amrita.edu","CSE","B","2023","9.16","2","Placed"
"CB.SC.U4CSE19108","Aarav Verma","cb.sc.u4cse19108@cb.students.amrita.edu","CSE","B","2023","9.62","2","Not Placed"
"CB.SC.U4CSE19109","Surya Sharma","cb.sc.u4cse19109@cb.students.amrita.edu","CSE","B","2023","6.6","0","Placed"
"CB.SC.U4CSE19110","Akash Pillai","cb.sc.u4cse19110@cb.students.amrita.edu","CSE","B","2023","8.83","1","Not Placed"
"CB.SC.U4CSE19111","Arya Nagarajan","cb.sc.u4cse19111@cb.students.amrita.edu","CSE","B","2023","7.77","0","Placed"
"CB.SC.U4CSE19112","Anirudh Kapoor","cb.sc.u4cse19112@cb.students.amrita.edu","CSE","B","2023","9.06","0","Placed"
"CB.SC.U4CSE19113","Zara Gupta","cb.sc.u4cse19113@cb.students.amrita.edu","CSE","B","2023","9.03","1","Placed"
"CB.SC.U4CSE19114","Tanvi Pillai","cb.sc.u4cse19114@cb.students.amrita.edu","CSE","B","2023","6.11","1","Not Placed"
"CB.SC.U4CSE19115","Pooja Verma","cb.sc.u4cse19115@cb.students.amrita.edu","CSE","B","2023","7.22","0","Placed"
"CB.SC.U4CSE19116","Tanvi Krishnan","cb.sc.u4cse19116@cb.students.amrita.edu","CSE","B","2023","6.36","2","Not Placed"
"CB.SC.U4CSE19117","Arya Verma","cb.sc.u4cse19117@cb.students.amrita.edu","CSE","B","2023","9.84","0","Placed"
"CB.SC.U4CSE19118","Charan Nair","cb.sc.u4cse19118@cb.students.amrita.edu","CSE","B","2023","6.51","1","Placed"
"CB.SC.U4CSE19119","Lakshmi Verma","cb.sc.u4cse19119@cb.students.amrita.edu","CSE","B","2023","6.59","2","Not Placed"
"CB.SC.U4CSE19120","Varun Verma","cb.sc.u4cse19120@cb.students.amrita.edu","CSE","B","2023","9.86","0","Placed"
"CB.SC.U4CSE19121","Harish Shetty","cb.sc.u4cse19121@cb.students.amrita.edu","CSE","B","2023","6.35","0","Placed"
"CB.SC.U4CSE19122","Karthik Shetty","cb.sc.u4cse19122@cb.students.amrita.edu","CSE","B","2023","9.55","1","Placed"
"CB.SC.U4CSE19123","Rahul Krishnan","cb.sc.u4cse19123@cb.students.amrita.edu","CSE","B","2023","8.96","1","Not Placed"
"CB.SC.U4CSE19124","Tanvi Gupta","cb.sc.u4cse19124@cb.students.amrita.edu","CSE","B","2023","6.97","0","Placed"
"CB.SC.U4CSE19125","Karthik Menon","cb.sc.u4cse19125@cb.students.amrita.edu","CSE","B","2023","9.34","2","Not Placed"
"CB.SC.U4CSE19126","Riya Iyer","cb.sc.u4cse19126@cb.students.amrita.edu","CSE","B","2023","9.2","0","Not Placed"
"CB.SC.U4CSE19127","Surya Kulkarni","cb.sc.u4cse19127@cb.students.amrita.edu","CSE","B","2023","6.31","1","Placed"
"CB.SC.U4CSE19128","Karthik Menon","cb.sc.u4cse19128@cb.students.amrita.edu","CSE","B","2023","9.29","0","Placed"
"CB.SC.U4CSE19129","Meera Verma","cb.sc.u4cse19129@cb.students.amrita.edu","CSE","B","2023","6.7","1","Placed"
"CB.SC.U4CSE19130","Sneha Iyer","cb.sc.u4cse19130@cb.students.amrita.edu","CSE","B","2023","6.93","0","Not Placed"
"CB.SC.U4CSE19131","Rahul Verma","cb.sc.u4cse19131@cb.students.amrita.edu","CSE","B","2023","8.27","2","Placed"
"CB.SC.U4CSE19132","Sanjay Menon","cb.sc.u4cse19132@cb.students.amrita.edu","CSE","B","2023","9.23","1","Not Placed"
"CB.SC.U4CSE19133","Surya Bose","cb.sc.u4cse19133@cb.students.amrita.edu","CSE","B","2023","6.9","0","Not Placed"
"CB.SC.U4CSE19134","Diya Joshi","cb.sc.u4cse19134@cb.students.amrita.edu","CSE","B","2023","6.58","1","Placed"
"CB.SC.U4CSE19135","Akash Reddy","cb.sc.u4cse19135@cb.students.amrita.edu","CSE","B","2023","9.54","1","Not Placed"
"CB.SC.U4CSE19136","Sanjay Reddy","cb.sc.u4cse19136@cb.students.amrita.edu","CSE","B","2023","7.95","1","Placed"
"CB.SC.U4CSE19137","Lakshmi Menon","cb.sc.u4cse19137@cb.students.amrita.edu","CSE","B","2023","8.65","0","Not Placed"
"CB.SC.U4CSE19138","Charan Nagarajan","cb.sc.u4cse19138@cb.students.amrita.edu","CSE","B","2023","9.43","0","Not Placed"
"CB.SC.U4CSE19139","Ishaan Nair","cb.sc.u4cse19139@cb.students.amrita.edu","CSE","B","2023","7.31","1","Not Placed"
"CB.SC.U4CSE19140","Lakshmi Verma","cb.sc.u4cse19140@cb.students.amrita.edu","CSE","B","2023","8.14","0","Not Placed"
"CB.SC.U4CSE19141","Akash Kulkarni","cb.sc.u4cse19141@cb.students.amrita.edu","CSE","B","2023","9.77","0","Not Placed"
"CB.SC.U4CSE19142","Ishaan Nagarajan","cb.sc.u4cse19142@cb.students.amrita.edu","CSE","B","2023","6.64","0","Placed"
"CB.SC.U4CSE19143","Keerthana Verma","cb.sc.u4cse19143@cb.students.amrita.edu","CSE","B","2023","7.73","0","Not Placed"
"CB.SC.U4CSE19144","Nikhil Shetty","cb.sc.u4cse19144@cb.students.amrita.edu","CSE","B","2023","9.27","2","Not Placed"
"CB.SC.U4CSE19145","Nikhil Chatterjee","cb.sc.u4cse19145@cb.students.amrita.edu","CSE","B","2023","8.26","1","Placed"
"CB.SC.U4CSE19146","Bhavya Patel","cb.sc.u4cse19146@cb.students.amrita.edu","CSE","B","2023","9.57","1","Not Placed"
"CB.SC.U4CSE19147","Yash Chatterjee","cb.sc.u4cse19147@cb.students.amrita.edu","CSE","B","2023","7.01","2","Placed"
"CB.SC.U4CSE19148","Anirudh Reddy","cb.sc.u4cse19148@cb.students.amrita.edu","CSE","B","2023","8.58","2","Not Placed"
"CB.SC.U4CSE19149","Akash Gupta","cb.sc.u4cse19149@cb.students.amrita.edu","CSE","B","2023","7.46","0","Not Placed"
"CB.SC.U4CSE19150","Diya Kapoor","cb.sc.u4cse19150@cb.students.amrita.edu","CSE","B","2023","9.62","0","Placed"
"CB.SC.U4CSE19151","Varun Verma","cb.sc.u4cse19151@cb.students.amrita.edu","CSE","B","2023","7.23","1","Not Placed"
"CB.SC.U4CSE19152","Karthik Das","cb.sc.u4cse19152@cb.students.amrita.edu","CSE","B","2023","6.17","2","Placed"
"CB.SC.U4CSE19153","Karthik Bose","cb.sc.u4cse19153@cb.students.amrita.edu","CSE","B","2023","9.73","0","Not Placed"
"CB.SC.U4CSE19154","Zara Kapoor","cb.sc.u4cse19154@cb.students.amrita.edu","CSE","B","2023","8.63","1","Placed"
"CB.SC.U4CSE19155","Rahul Pillai","cb.sc.u4cse19155@cb.students.amrita.edu","CSE","B","2023","6.56","0","Not Placed"
"CB.SC.U4CSE19156","Arya Shetty","cb.sc.u4cse19156@cb.students.amrita.edu","CSE","B","2023","8.5","0","Not Placed"
"CB.SC.U4CSE19157","Pooja Joshi","cb.sc.u4cse19157@cb.students.amrita.edu","CSE","B","2023","7.03","0","Not Placed"
"CB.SC.U4CSE19158","Aarav Sharma","cb.sc.u4cse19158@cb.students.amrita.edu","CSE","B","2023","9.61","1","Not Placed"
"CB.SC.U4CSE19159","Ishaan Raman","cb.sc.u4cse19159@cb.students.amrita.edu","CSE","B","2023","6.55","0","Placed"
"CB.SC.U4CSE19160","Karthik Mishra","cb.sc.u4cse19160@cb.students.amrita.edu","CSE","B","2023","8.95","1","Placed"
"CB.SC.U4CSE19201","Janani Shetty","cb.sc.u4cse19201@cb.students.amrita.edu","CSE","C","2023","7.01","2","Not Placed"
"CB.SC.U4CSE19202","Aishwarya Reddy","cb.sc.u4cse19202@cb.students.amrita.edu","CSE","C","2023","7.94","2","Not Placed"
"CB.SC.U4CSE19203","Zara Nagarajan","cb.sc.u4cse19203@cb.students.amrita.edu","CSE","C","2023","9.18","1","Not Placed"
"CB.SC.U4CSE19204","Sanjay Iyer","cb.sc.u4cse19204@cb.students.amrita.edu","CSE","C","2023","8.04","1","Not Placed"
"CB.SC.U4CSE19205","Rahul Pillai","cb.sc.u4cse19205@cb.students.amrita.edu","CSE","C","2023","9.76","1","Placed"
"CB.SC.U4CSE19206","Tanvi Chatterjee","cb.sc.u4cse19206@cb.students.amrita.edu","CSE","C","2023","9.21","0","Placed"
"CB.SC.U4CSE19207","Sanjay Nair","cb.sc.u4cse19207@cb.students.amrita.edu","CSE","C","2023","7.45","2","Placed"
"CB.SC.U4CSE19208","Sneha Kapoor","cb.sc.u4cse19208@cb.students.amrita.edu","CSE","C","2023","8.71","1","Placed"
"CB.SC.U4CSE19209","Nikhil Raman","cb.sc.u4cse19209@cb.students.amrita.edu","CSE","C","2023","8.69","1","Placed"
"CB.SC.U4CSE19210","Tanvi Kapoor","cb.sc.u4cse19210@cb.students.amrita.edu","CSE","C","2023","8.05","2","Placed"
"CB.SC.U4CSE19211","Aditya Raman","cb.sc.u4cse19211@cb.students.amrita.edu","CSE","C","2023","7.63","2","Not Placed"
"CB.SC.U4CSE19212","Bhavya Krishnan","cb.sc.u4cse19212@cb.students.amrita.edu","CSE","C","2023","7.36","0","Placed"
"CB.SC.U4CSE19213","Zara Gupta","cb.sc.u4cse19213@cb.students.amrita.edu","CSE","C","2023","8.47","1","Not Placed"
"CB.SC.U4CSE19214","Aishwarya Nagarajan","cb.sc.u4cse19214@cb.students.amrita.edu","CSE","C","2023","7.4","2","Placed"
"CB.SC.U4CSE19215","Aarav Das","cb.sc.u4cse19215@cb.students.amrita.edu","CSE","C","2023","6.09","2","Not Placed"
"CB.SC.U4CSE19216","Arjun Kulkarni","cb.sc.u4cse19216@cb.students.amrita.edu","CSE","C","2023","6.52","1","Placed"
"CB.SC.U4CSE19217","Anirudh Patel","cb.sc.u4cse19217@cb.students.amrita.edu","CSE","C","2023","7.29","2","Placed"
"CB.SC.U4CSE19218","Pooja Pillai","cb.sc.u4cse19218@cb.students.amrita.edu","CSE","C","2023","7","2","Not Placed"
"CB.SC.U4CSE19219","Pooja Verma","cb.sc.u4cse19219@cb.students.amrita.edu","CSE","C","2023","9.49","0","Placed"
"CB.SC.U4CSE19220","Charan Joshi","cb.sc.u4cse19220@cb.students.amrita.edu","CSE","C","2023","6.16","1","Not Placed"
"CB.SC.U4CSE19221","Bhavya Pillai","cb.sc.u4cse19221@cb.students.amrita.edu","CSE","C","2023","8.92","1","Not Placed"
"CB.SC.U4CSE19222","Aditya Iyer","cb.sc.u4cse19222@cb.students.amrita.edu","CSE","C","2023","9.48","2","Not Placed"
"CB.SC.U4CSE19223","Lakshmi Pillai","cb.sc.u4cse19223@cb.students.amrita.edu","CSE","C","2023","8.01","0","Not Placed"
"CB.SC.U4CSE19224","Ishaan Raman","cb.sc.u4cse19224@cb.students.amrita.edu","CSE","C","2023","6.48","1","Placed"
"CB.SC.U4CSE19225","Nikhil Kulkarni","cb.sc.u4cse19225@cb.students.amrita.edu","CSE","C","2023","7.08","1","Placed"
"CB.SC.U4CSE19226","Sneha Verma","cb.sc.u4cse19226@cb.students.amrita.edu","CSE","C","2023","9.46","2","Placed"
"CB.SC.U4CSE19227","Riya Nagarajan","cb.sc.u4cse19227@cb.students.amrita.edu","CSE","C","2023","8","1","Placed"
"CB.SC.U4CSE19228","Aarav Nair","cb.sc.u4cse19228@cb.students.amrita.edu","CSE","C","2023","8.77","1","Placed"
"CB.SC.U4CSE19229","Keerthana Patel","cb.sc.u4cse19229@cb.students.amrita.edu","CSE","C","2023","8.58","2","Not Placed"
"CB.SC.U4CSE19230","Pooja Sharma","cb.sc.u4cse19230@cb.students.amrita.edu","CSE","C","2023","9.09","0","Placed"
"CB.SC.U4CSE19231","Surya Kulkarni","cb.sc.u4cse19231@cb.students.amrita.edu","CSE","C","2023","6.91","1","Not Placed"
"CB.SC.U4CSE19232","Nikhil Bose","cb.sc.u4cse19232@cb.students.amrita.edu","CSE","C","2023","9.14","2","Not Placed"
"CB.SC.U4CSE19233","Karthik Gupta","cb.sc.u4cse19233@cb.students.amrita.edu","CSE","C","2023","8.76","1","Not Placed"
"CB.SC.U4CSE19234","Aarav Joshi","cb.sc.u4cse19234@cb.students.amrita.edu","CSE","C","2023","8.56","0","Not Placed"
"CB.SC.U4CSE19235","Zara Verma","cb.sc.u4cse19235@cb.students.amrita.edu","CSE","C","2023","9.3","1","Not Placed"
"CB.SC.U4CSE19236","Vikram Sharma","cb.sc.u4cse19236@cb.students.amrita.edu","CSE","C","2023","8.4","0","Not Placed"
"CB.SC.U4CSE19237","Pooja Das","cb.sc.u4cse19237@cb.students.amrita.edu","CSE","C","2023","8.9","0","Not Placed"
"CB.SC.U4CSE19238","Harish Reddy","cb.sc.u4cse19238@cb.students.amrita.edu","CSE","C","2023","9.41","1","Placed"
"CB.SC.U4CSE19239","Nikhil Krishnan","cb.sc.u4cse19239@cb.students.amrita.edu","CSE","C","2023","6.86","0","Not Placed"
"CB.SC.U4CSE19240","Yash Gupta","cb.sc.u4cse19240@cb.students.amrita.edu","CSE","C","2023","9.71","1","Not Placed"
"CB.SC.U4CSE19241","Aishwarya Menon","cb.sc.u4cse19241@cb.students.amrita.edu","CSE","C","2023","8.29","0","Not Placed"
"CB.SC.U4CSE19242","Rahul Kulkarni","cb.sc.u4cse19242@cb.students.amrita.edu","CSE","C","2023","6.85","2","Placed"
"CB.SC.U4CSE19243","Akash Nagarajan","cb.sc.u4cse19243@cb.students.amrita.edu","CSE","C","2023","7.29","1","Placed"
"CB.SC.U4CSE19244","Lakshmi Mishra","cb.sc.u4cse19244@cb.students.amrita.edu","CSE","C","2023","6.48","0","Placed"
"CB.SC.U4CSE19245","Surya Joshi","cb.sc.u4cse19245@cb.students.amrita.edu","CSE","C","2023","8.59","0","Placed"
"CB.SC.U4CSE19246","Akash Raman","cb.sc.u4cse19246@cb.students.amrita.edu","CSE","C","2023","9.74","0","Placed"
"CB.SC.U4CSE19247","Arya Kapoor","cb.sc.u4cse19247@cb.students.amrita.edu","CSE","C","2023","9.5","1","Placed"
"CB.SC.U4CSE19248","Riya Patel","cb.sc.u4cse19248@cb.students.amrita.edu","CSE","C","2023","7.31","0","Placed"
"CB.SC.U4CSE19249","Janani Mishra","cb.sc.u4cse19249@cb.students.amrita.edu","CSE","C","2023","7.91","1","Placed"
"CB.SC.U4CSE19250","Karthik Das","cb.sc.u4cse19250@cb.students.amrita.edu","CSE","C","2023","8.64","2","Not Placed"
"CB.SC.U4CSE19251","Sanjay Patel","cb.sc.u4cse19251@cb.students.amrita.edu","CSE","C","2023","6.15","1","Placed"
"CB.SC.U4CSE19252","Yash Nair","cb.sc.u4cse19252@cb.students.amrita.edu","CSE","C","2023","7.02","2","Not Placed"
"CB.SC.U4CSE19253","Arya Nair","cb.sc.u4cse19253@cb.students.amrita.edu","CSE","C","2023","7.76","1","Not Placed"
"CB.SC.U4CSE19254","Harish Kapoor","cb.sc.u4cse19254@cb.students.amrita.edu","CSE","C","2023","7.62","2","Not Placed"
"CB.SC.U4CSE19255","Yash Menon","cb.sc.u4cse19255@cb.students.amrita.edu","CSE","C","2023","8.79","0","Placed"
"CB.SC.U4CSE19256","Yash Joshi","cb.sc.u4cse19256@cb.students.amrita.edu","CSE","C","2023","6.48","0","Placed"
"CB.SC.U4CSE19257","Keerthana Patel","cb.sc.u4cse19257@cb.students.amrita.edu","CSE","C","2023","9.05","2","Placed"
"CB.SC.U4CSE19258","Diya Kapoor","cb.sc.u4cse19258@cb.students.amrita.edu","CSE","C","2023","8.96","0","Not Placed"
"CB.SC.U4CSE19259","Charan Mishra","cb.sc.u4cse19259@cb.students.amrita.edu","CSE","C","2023","7.4","2","Not Placed"
"CB.SC.U4CSE19260","Tanvi Shetty","cb.sc.u4cse19260@cb.students.amrita.edu","CSE","C","2023","7.39","0","Not Placed"
"CB.SC.U4CSE19301","Aarav Mishra","cb.sc.u4cse19301@cb.students.amrita.edu","CSE","D","2023","6.36","1","Not Placed"
"CB.SC.U4CSE19302","Anirudh Krishnan","cb.sc.u4cse19302@cb.students.amrita.edu","CSE","D","2023","8.34","1","Placed"
"CB.SC.U4CSE19303","Varun Kulkarni","cb.sc.u4cse19303@cb.students.amrita.edu","CSE","D","2023","8.68","0","Placed"
"CB.SC.U4CSE19304","Janani Gupta","cb.sc.u4cse19304@cb.students.amrita.edu","CSE","D","2023","8.56","1","Not Placed"
"CB.SC.U4CSE19305","Aditya Iyer","cb.sc.u4cse19305@cb.students.amrita.edu","CSE","D","2023","7.94","1","Not Placed"
"CB.SC.U4CSE19306","Varun Shetty","cb.sc.u4cse19306@cb.students.amrita.edu","CSE","D","2023","9.86","2","Not Placed"
"CB.SC.U4CSE19307","Aditya Krishnan","cb.sc.u4cse19307@cb.students.amrita.edu","CSE","D","2023","6.39","0","Not Placed"
"CB.SC.U4CSE19308","Meera Patel","cb.sc.u4cse19308@cb.students.amrita.edu","CSE","D","2023","7.65","2","Placed"
"CB.SC.U4CSE19309","Karthik Pillai","cb.sc.u4cse19309@cb.students.amrita.edu","CSE","D","2023","6.13","0","Not Placed"
"CB.SC.U4CSE19310","Aarav Raman","cb.sc.u4cse19310@cb.students.amrita.edu","CSE","D","2023","9.31","0","Not Placed"
"CB.SC.U4CSE19311","Surya Joshi","cb.sc.u4cse19311@cb.students.amrita.edu","CSE","D","2023","7.5","1","Not Placed"
"CB.SC.U4CSE19312","Karthik Kulkarni","cb.sc.u4cse19312@cb.students.amrita.edu","CSE","D","2023","8.86","2","Placed"
"CB.SC.U4CSE19313","Tanvi Pillai","cb.sc.u4cse19313@cb.students.amrita.edu","CSE","D","2023","6.23","1","Placed"
"CB.SC.U4CSE19314","Sneha Das","cb.sc.u4cse19314@cb.students.amrita.edu","CSE","D","2023","9.52","1","Placed"
"CB.SC.U4CSE19315","Vikram Menon","cb.sc.u4cse19315@cb.students.amrita.edu","CSE","D","2023","9.88","1","Placed"
"CB.SC.U4CSE19316","Diya Joshi","cb.sc.u4cse19316@cb.students.amrita.edu","CSE","D","2023","8.25","0","Not Placed"
"CB.SC.U4CSE19317","Pooja Pillai","cb.sc.u4cse19317@cb.students.amrita.edu","CSE","D","2023","9.19","2","Placed"
"CB.SC.U4CSE19318","Arya Chatterjee","cb.sc.u4cse19318@cb.students.amrita.edu","CSE","D","2023","9.62","0","Not Placed"
"CB.SC.U4CSE19319","Rahul Kapoor","cb.sc.u4cse19319@cb.students.amrita.edu","CSE","D","2023","9.83","1","Not Placed"
"CB.SC.U4CSE19320","Sneha Nair","cb.sc.u4cse19320@cb.students.amrita.edu","CSE","D","2023","7.94","1","Placed"
"CB.SC.U4CSE19321","Janani Reddy","cb.sc.u4cse19321@cb.students.amrita.edu","CSE","D","2023","7.92","1","Not Placed"
"CB.SC.U4CSE19322","Bhavya Krishnan","cb.sc.u4cse19322@cb.students.amrita.edu","CSE","D","2023","6.48","1","Placed"
"CB.SC.U4CSE19323","Aarav Patel","cb.sc.u4cse19323@cb.students.amrita.edu","CSE","D","2023","6.74","2","Not Placed"
"CB.SC.U4CSE19324","Akash Mishra","cb.sc.u4cse19324@cb.students.amrita.edu","CSE","D","2023","8.38","0","Placed"
"CB.SC.U4CSE19325","Rahul Bose","cb.sc.u4cse19325@cb.students.amrita.edu","CSE","D","2023","7.34","0","Not Placed"
"CB.SC.U4CSE19326","Arya Raman","cb.sc.u4cse19326@cb.students.amrita.edu","CSE","D","2023","6.91","0","Not Placed"
"CB.SC.U4CSE19327","Nikhil Patel","cb.sc.u4cse19327@cb.students.amrita.edu","CSE","D","2023","7.99","1","Placed"
"CB.SC.U4CSE19328","Pooja Kapoor","cb.sc.u4cse19328@cb.students.amrita.edu","CSE","D","2023","6.9","1","Placed"
"CB.SC.U4CSE19329","Nikhil Kapoor","cb.sc.u4cse19329@cb.students.amrita.edu","CSE","D","2023","6.03","2","Not Placed"
"CB.SC.U4CSE19330","Aarav Patel","cb.sc.u4cse19330@cb.students.amrita.edu","CSE","D","2023","6.85","1","Placed"
"CB.SC.U4CSE19331","Keerthana Raman","cb.sc.u4cse19331@cb.students.amrita.edu","CSE","D","2023","6.95","2","Not Placed"
"CB.SC.U4CSE19332","Zara Chatterjee","cb.sc.u4cse19332@cb.students.amrita.edu","CSE","D","2023","9.2","1","Not Placed"
"CB.SC.U4CSE19333","Yash Menon","cb.sc.u4cse19333@cb.students.amrita.edu","CSE","D","2023","7.01","1","Not Placed"
"CB.SC.U4CSE19334","Ananya Nagarajan","cb.sc.u4cse19334@cb.students.amrita.edu","CSE","D","2023","7.61","1","Placed"
"CB.SC.U4CSE19335","Karthik Kapoor","cb.sc.u4cse19335@cb.students.amrita.edu","CSE","D","2023","7.49","1","Not Placed"
"CB.SC.U4CSE19336","Rahul Gupta","cb.sc.u4cse19336@cb.students.amrita.edu","CSE","D","2023","9.06","0","Not Placed"
"CB.SC.U4CSE19337","Aditya Reddy","cb.sc.u4cse19337@cb.students.amrita.edu","CSE","D","2023","8.78","2","Placed"
"CB.SC.U4CSE19338","Yash Verma","cb.sc.u4cse19338@cb.students.amrita.edu","CSE","D","2023","7.62","2","Not Placed"
"CB.SC.U4CSE19339","Sneha Raman","cb.sc.u4cse19339@cb.students.amrita.edu","CSE","D","2023","8.54","1","Not Placed"
"CB.SC.U4CSE19340","Surya Pillai","cb.sc.u4cse19340@cb.students.amrita.edu","CSE","D","2023","6.27","2","Placed"
"CB.SC.U4CSE19341","Karthik Das","cb.sc.u4cse19341@cb.students.amrita.edu","CSE","D","2023","9.84","1","Not Placed"
"CB.SC.U4CSE19342","Akash Nagarajan","cb.sc.u4cse19342@cb.students.amrita.edu","CSE","D","2023","6.11","2","Placed"
"CB.SC.U4CSE19343","Aarav Menon","cb.sc.u4cse19343@cb.students.amrita.edu","CSE","D","2023","7.87","1","Placed"
"CB.SC.U4CSE19344","Charan Pillai","cb.sc.u4cse19344@cb.students.amrita.edu","CSE","D","2023","9.61","0","Not Placed"
"CB.SC.U4CSE19345","Akash Joshi","cb.sc.u4cse19345@cb.students.amrita.edu","CSE","D","2023","6.97","2","Not Placed"
"CB.SC.U4CSE19346","Nikhil Chatterjee","cb.sc.u4cse19346@cb.students.amrita.edu","CSE","D","2023","8.95","0","Placed"
"CB.SC.U4CSE19347","Aishwarya Kulkarni","cb.sc.u4cse19347@cb.students.amrita.edu","CSE","D","2023","6.95","2","Placed"
"CB.SC.U4CSE19348","Lakshmi Reddy","cb.sc.u4cse19348@cb.students.amrita.edu","CSE","D","2023","8.41","2","Not Placed"
"CB.SC.U4CSE19349","Akash Mishra","cb.sc.u4cse19349@cb.students.amrita.edu","CSE","D","2023","6.82","2","Placed"
"CB.SC.U4CSE19350","Arya Iyer","cb.sc.u4cse19350@cb.students.amrita.edu","CSE","D","2023","8.21","0","Not Placed"
"CB.SC.U4CSE19351","Keerthana Shetty","cb.sc.u4cse19351@cb.students.amrita.edu","CSE","D","2023","6.53","2","Placed"
"CB.SC.U4CSE19352","Meera Das","cb.sc.u4cse19352@cb.students.amrita.edu","CSE","D","2023","7.16","2","Placed"
"CB.SC.U4CSE19353","Karthik Shetty","cb.sc.u4cse19353@cb.students.amrita.edu","CSE","D","2023","6.8","2","Not Placed"
"CB.SC.U4CSE19354","Ananya Das","cb.sc.u4cse19354@cb.students.amrita.edu","CSE","D","2023","9.6","0","Placed"
"CB.SC.U4CSE19355","Varun Nair","cb.sc.u4cse19355@cb.students.amrita.edu","CSE","D","2023","8.86","2","Not Placed"
"CB.SC.U4CSE19356","Surya Patel","cb.sc.u4cse19356@cb.students.amrita.edu","CSE","D","2023","8.52","2","Placed"
"CB.SC.U4CSE19357","Tanvi Krishnan","cb.sc.u4cse19357@cb.students.amrita.edu","CSE","D","2023","8.52","1","Placed"
"CB.SC.U4CSE19358","Anirudh Kapoor","cb.sc.u4cse19358@cb.students.amrita.edu","CSE","D","2023","9.24","2","Placed"
"CB.SC.U4CSE19359","Keerthana Reddy","cb.sc.u4cse19359@cb.students.amrita.edu","CSE","D","2023","9.56","1","Not Placed"
"CB.SC.U4CSE19360","Janani Shetty","cb.sc.u4cse19360@cb.students.amrita.edu","CSE","D","2023","9.01","2","Not Placed"
"CB.SC.U4CSE19401","Pooja Chatterjee","cb.sc.u4cse19401@cb.students.amrita.edu","CSE","E","2023","6.26","2","Placed"
"CB.SC.U4CSE19402","Bhavya Joshi","cb.sc.u4cse19402@cb.students.amrita.edu","CSE","E","2023","8.7","0","Placed"
"CB.SC.U4CSE19403","Meera Sharma","cb.sc.u4cse19403@cb.students.amrita.edu","CSE","E","2023","9.27","1","Placed"
"CB.SC.U4CSE19404","Keerthana Kapoor","cb.sc.u4cse19404@cb.students.amrita.edu","CSE","E","2023","9.31","2","Not Placed"
"CB.SC.U4CSE19405","Aarav Krishnan","cb.sc.u4cse19405@cb.students.amrita.edu","CSE","E","2023","8.84","0","Placed"
"CB.SC.U4CSE19406","Nikhil Pillai","cb.sc.u4cse19406@cb.students.amrita.edu","CSE","E","2023","9.35","0","Placed"
"CB.SC.U4CSE19407","Pooja Verma","cb.sc.u4cse19407@cb.students.amrita.edu","CSE","E","2023","7.09","0","Placed"
"CB.SC.U4CSE19408","Ishaan Sharma","cb.sc.u4cse19408@cb.students.amrita.edu","CSE","E","2023","7.08","1","Not Placed"
"CB.SC.U4CSE19409","Yash Das","cb.sc.u4cse19409@cb.students.amrita.edu","CSE","E","2023","9.61","1","Not Placed"
"CB.SC.U4CSE19410","Varun Kulkarni","cb.sc.u4cse19410@cb.students.amrita.edu","CSE","E","2023","6.53","0","Placed"
"CB.SC.U4CSE19411","Pooja Krishnan","cb.sc.u4cse19411@cb.students.amrita.edu","CSE","E","2023","8.7","1","Not Placed"
"CB.SC.U4CSE19412","Harish Sharma","cb.sc.u4cse19412@cb.students.amrita.edu","CSE","E","2023","8.08","2","Placed"
"CB.SC.U4CSE19413","Lakshmi Sharma","cb.sc.u4cse19413@cb.students.amrita.edu","CSE","E","2023","6.25","2","Placed"
"CB.SC.U4CSE19414","Akash Menon","cb.sc.u4cse19414@cb.students.amrita.edu","CSE","E","2023","7.83","1","Not Placed"
"CB.SC.U4CSE19415","Riya Kulkarni","cb.sc.u4cse19415@cb.students.amrita.edu","CSE","E","2023","8.12","2","Placed"
"CB.SC.U4CSE19416","Bhavya Mishra","cb.sc.u4cse19416@cb.students.amrita.edu","CSE","E","2023","7.38","2","Placed"
"CB.SC.U4CSE19417","Bhavya Shetty","cb.sc.u4cse19417@cb.students.amrita.edu","CSE","E","2023","7.79","1","Not Placed"
"CB.SC.U4CSE19418","Keerthana Nair","cb.sc.u4cse19418@cb.students.amrita.edu","CSE","E","2023","9.01","1","Placed"
"CB.SC.U4CSE19419","Arya Menon","cb.sc.u4cse19419@cb.students.amrita.edu","CSE","E","2023","7.52","0","Not Placed"
"CB.SC.U4CSE19420","Aditya Das","cb.sc.u4cse19420@cb.students.amrita.edu","CSE","E","2023","8.79","1","Not Placed"
"CB.SC.U4CSE19421","Aishwarya Shetty","cb.sc.u4cse19421@cb.students.amrita.edu","CSE","E","2023","9.71","0","Not Placed"
"CB.SC.U4CSE19422","Varun Bose","cb.sc.u4cse19422@cb.students.amrita.edu","CSE","E","2023","6.24","1","Placed"
"CB.SC.U4CSE19423","Aarav Shetty","cb.sc.u4cse19423@cb.students.amrita.edu","CSE","E","2023","9.7","0","Not Placed"
"CB.SC.U4CSE19424","Lakshmi Nagarajan","cb.sc.u4cse19424@cb.students.amrita.edu","CSE","E","2023","9.72","2","Not Placed"
"CB.SC.U4CSE19425","Harish Sharma","cb.sc.u4cse19425@cb.students.amrita.edu","CSE","E","2023","6.82","0","Not Placed"
"CB.SC.U4CSE19426","Vikram Joshi","cb.sc.u4cse19426@cb.students.amrita.edu","CSE","E","2023","9.64","0","Placed"
"CB.SC.U4CSE19427","Pooja Patel","cb.sc.u4cse19427@cb.students.amrita.edu","CSE","E","2023","6.04","0","Placed"
"CB.SC.U4CSE19428","Arya Bose","cb.sc.u4cse19428@cb.students.amrita.edu","CSE","E","2023","6.94","0","Not Placed"
"CB.SC.U4CSE19429","Riya Sharma","cb.sc.u4cse19429@cb.students.amrita.edu","CSE","E","2023","9.38","2","Placed"
"CB.SC.U4CSE19430","Janani Mishra","cb.sc.u4cse19430@cb.students.amrita.edu","CSE","E","2023","7.5","0","Not Placed"
"CB.SC.U4CSE19431","Yash Krishnan","cb.sc.u4cse19431@cb.students.amrita.edu","CSE","E","2023","6.52","2","Not Placed"
"CB.SC.U4CSE19432","Yash Chatterjee","cb.sc.u4cse19432@cb.students.amrita.edu","CSE","E","2023","9.88","1","Placed"
"CB.SC.U4CSE19433","Yash Pillai","cb.sc.u4cse19433@cb.students.amrita.edu","CSE","E","2023","6.86","0","Placed"
"CB.SC.U4CSE19434","Ananya Kulkarni","cb.sc.u4cse19434@cb.students.amrita.edu","CSE","E","2023","8.16","0","Placed"
"CB.SC.U4CSE19435","Vikram Kapoor","cb.sc.u4cse19435@cb.students.amrita.edu","CSE","E","2023","7.75","2","Placed"
"CB.SC.U4CSE19436","Akash Bose","cb.sc.u4cse19436@cb.students.amrita.edu","CSE","E","2023","9.53","1","Not Placed"
"CB.SC.U4CSE19437","Ananya Shetty","cb.sc.u4cse19437@cb.students.amrita.edu","CSE","E","2023","8.42","0","Not Placed"
"CB.SC.U4CSE19438","Karthik Raman","cb.sc.u4cse19438@cb.students.amrita.edu","CSE","E","2023","7.71","1","Not Placed"
"CB.SC.U4CSE19439","Varun Mishra","cb.sc.u4cse19439@cb.students.amrita.edu","CSE","E","2023","7.74","0","Placed"
"CB.SC.U4CSE19440","Keerthana Bose","cb.sc.u4cse19440@cb.students.amrita.edu","CSE","E","2023","6.08","2","Placed"
"CB.SC.U4CSE19441","Tanvi Verma","cb.sc.u4cse19441@cb.students.amrita.edu","CSE","E","2023","7.61","2","Not Placed"
"CB.SC.U4CSE19442","Akash Nagarajan","cb.sc.u4cse19442@cb.students.amrita.edu","CSE","E","2023","9.53","2","Placed"
"CB.SC.U4CSE19443","Keerthana Raman","cb.sc.u4cse19443@cb.students.amrita.edu","CSE","E","2023","6.03","1","Not Placed"
"CB.SC.U4CSE19444","Arjun Nagarajan","cb.sc.u4cse19444@cb.students.amrita.edu","CSE","E","2023","9.64","1","Placed"
"CB.SC.U4CSE19445","Harish Chatterjee","cb.sc.u4cse19445@cb.students.amrita.edu","CSE","E","2023","7.44","1","Not Placed"
"CB.SC.U4CSE19446","Bhavya Reddy","cb.sc.u4cse19446@cb.students.amrita.edu","CSE","E","2023","8.88","1","Placed"
"CB.SC.U4CSE19447","Aditya Kapoor","cb.sc.u4cse19447@cb.students.amrita.edu","CSE","E","2023","8.37","2","Not Placed"
"CB.SC.U4CSE19448","Sanjay Bose","cb.sc.u4cse19448@cb.students.amrita.edu","CSE","E","2023","9.86","0","Placed"
"CB.SC.U4CSE19449","Harish Bose","cb.sc.u4cse19449@cb.students.amrita.edu","CSE","E","2023","6.89","0","Not Placed"
"CB.SC.U4CSE19450","Akash Bose","cb.sc.u4cse19450@cb.students.amrita.edu","CSE","E","2023","8.68","1","Placed"
"CB.SC.U4CSE19451","Harish Bose","cb.sc.u4cse19451@cb.students.amrita.edu","CSE","E","2023","9.87","0","Placed"
"CB.SC.U4CSE19452","Arjun Shetty","cb.sc.u4cse19452@cb.students.amrita.edu","CSE","E","2023","7.95","1","Placed"
"CB.SC.U4CSE19453","Sneha Raman","cb.sc.u4cse19453@cb.students.amrita.edu","CSE","E","2023","8.72","1","Placed"
"CB.SC.U4CSE19454","Rahul Kapoor","cb.sc.u4cse19454@cb.students.amrita.edu","CSE","E","2023","9.42","1","Not Placed"
"CB.SC.U4CSE19455","Anirudh Nagarajan","cb.sc.u4cse19455@cb.students.amrita.edu","CSE","E","2023","7.63","0","Placed"
"CB.SC.U4CSE19456","Karthik Joshi","cb.sc.u4cse19456@cb.students.amrita.edu","CSE","E","2023","8.93","1","Not Placed"
"CB.SC.U4CSE19457","Vikram Nair","cb.sc.u4cse19457@cb.students.amrita.edu","CSE","E","2023","7.2","0","Not Placed"
"CB.SC.U4CSE19458","Bhavya Das","cb.sc.u4cse19458@cb.students.amrita.edu","CSE","E","2023","8.68","2","Placed"
"CB.SC.U4CSE19459","Vikram Bose","cb.sc.u4cse19459@cb.students.amrita.edu","CSE","E","2023","6.2","2","Placed"
"CB.SC.U4CSE19460","Sneha Reddy","cb.sc.u4cse19460@cb.students.amrita.edu","CSE","E","2023","6.61","1","Placed"
"CB.SC.U4AI19001","Arjun Kulkarni","cb.sc.u4ai19001@cb.students.amrita.edu","AI","A","2023","7.2","2","Not Placed"
"CB.SC.U4AI19002","Bhavya Kulkarni","cb.sc.u4ai19002@cb.students.amrita.edu","AI","A","2023","8.29","1","Placed"
"CB.SC.U4AI19003","Zara Kapoor","cb.sc.u4ai19003@cb.students.amrita.edu","AI","A","2023","9.44","0","Placed"
"CB.SC.U4AI19004","Rahul Nair","cb.sc.u4ai19004@cb.students.amrita.edu","AI","A","2023","9.54","1","Placed"
"CB.SC.U4AI19005","Sneha Reddy","cb.sc.u4ai19005@cb.students.amrita.edu","AI","A","2023","9.2","0","Placed"
"CB.SC.U4AI19006","Riya Pillai","cb.sc.u4ai19006@cb.students.amrita.edu","AI","A","2023","9.07","1","Placed"
"CB.SC.U4AI19007","Bhavya Chatterjee","cb.sc.u4ai19007@cb.students.amrita.edu","AI","A","2023","6.99","1","Placed"
"CB.SC.U4AI19008","Diya Nair","cb.sc.u4ai19008@cb.students.amrita.edu","AI","A","2023","8.24","2","Not Placed"
"CB.SC.U4AI19009","Tanvi Pillai","cb.sc.u4ai19009@cb.students.amrita.edu","AI","A","2023","9.85","2","Placed"
"CB.SC.U4AI19010","Aditya Pillai","cb.sc.u4ai19010@cb.students.amrita.edu","AI","A","2023","7.94","1","Not Placed"
"CB.SC.U4AI19011","Meera Das","cb.sc.u4ai19011@cb.students.amrita.edu","AI","A","2023","9.06","2","Not Placed"
"CB.SC.U4AI19012","Akash Iyer","cb.sc.u4ai19012@cb.students.amrita.edu","AI","A","2023","8.32","0","Placed"
"CB.SC.U4AI19013","Akash Bose","cb.sc.u4ai19013@cb.students.amrita.edu","AI","A","2023","7.16","1","Not Placed"
"CB.SC.U4AI19014","Tanvi Joshi","cb.sc.u4ai19014@cb.students.amrita.edu","AI","A","2023","7.1","0","Not Placed"
"CB.SC.U4AI19015","Arya Raman","cb.sc.u4ai19015@cb.students.amrita.edu","AI","A","2023","6.27","0","Not Placed"
"CB.SC.U4AI19016","Lakshmi Shetty","cb.sc.u4ai19016@cb.students.amrita.edu","AI","A","2023","7.72","1","Placed"
"CB.SC.U4AI19017","Anirudh Patel","cb.sc.u4ai19017@cb.students.amrita.edu","AI","A","2023","7.69","1","Not Placed"
"CB.SC.U4AI19018","Lakshmi Krishnan","cb.sc.u4ai19018@cb.students.amrita.edu","AI","A","2023","6.37","0","Not Placed"
"CB.SC.U4AI19019","Arjun Joshi","cb.sc.u4ai19019@cb.students.amrita.edu","AI","A","2023","9.58","0","Not Placed"
"CB.SC.U4AI19020","Meera Menon","cb.sc.u4ai19020@cb.students.amrita.edu","AI","A","2023","6.92","2","Placed"
"CB.SC.U4AI19021","Tanvi Nair","cb.sc.u4ai19021@cb.students.amrita.edu","AI","A","2023","9.3","2","Not Placed"
"CB.SC.U4AI19022","Bhavya Sharma","cb.sc.u4ai19022@cb.students.amrita.edu","AI","A","2023","9.06","1","Not Placed"
"CB.SC.U4AI19023","Bhavya Menon","cb.sc.u4ai19023@cb.students.amrita.edu","AI","A","2023","8.43","1","Placed"
"CB.SC.U4AI19024","Diya Menon","cb.sc.u4ai19024@cb.students.amrita.edu","AI","A","2023","7.35","1","Placed"
"CB.SC.U4AI19025","Riya Nagarajan","cb.sc.u4ai19025@cb.students.amrita.edu","AI","A","2023","6.48","0","Not Placed"
"CB.SC.U4AI19026","Yash Menon","cb.sc.u4ai19026@cb.students.amrita.edu","AI","A","2023","9.64","1","Not Placed"
"CB.SC.U4AI19027","Ananya Kulkarni","cb.sc.u4ai19027@cb.students.amrita.edu","AI","A","2023","9.67","2","Not Placed"
"CB.SC.U4AI19028","Aishwarya Kapoor","cb.sc.u4ai19028@cb.students.amrita.edu","AI","A","2023","9.88","2","Placed"
"CB.SC.U4AI19029","Aditya Sharma","cb.sc.u4ai19029@cb.students.amrita.edu","AI","A","2023","7.76","2","Not Placed"
"CB.SC.U4AI19030","Aarav Sharma","cb.sc.u4ai19030@cb.students.amrita.edu","AI","A","2023","6.61","0","Not Placed"
"CB.SC.U4AI19031","Aarav Sharma","cb.sc.u4ai19031@cb.students.amrita.edu","AI","A","2023","8.21","1","Not Placed"
"CB.SC.U4AI19032","Lakshmi Kulkarni","cb.sc.u4ai19032@cb.students.amrita.edu","AI","A","2023","8.34","0","Not Placed"
"CB.SC.U4AI19033","Janani Nagarajan","cb.sc.u4ai19033@cb.students.amrita.edu","AI","A","2023","9.79","2","Placed"
"CB.SC.U4AI19034","Aishwarya Gupta","cb.sc.u4ai19034@cb.students.amrita.edu","AI","A","2023","7.31","2","Not Placed"
"CB.SC.U4AI19035","Zara Patel","cb.sc.u4ai19035@cb.students.amrita.edu","AI","A","2023","8.18","2","Not Placed"
"CB.SC.U4AI19036","Harish Joshi","cb.sc.u4ai19036@cb.students.amrita.edu","AI","A","2023","6.29","2","Not Placed"
"CB.SC.U4AI19037","Akash Iyer","cb.sc.u4ai19037@cb.students.amrita.edu","AI","A","2023","6.21","0","Not Placed"
"CB.SC.U4AI19038","Janani Kapoor","cb.sc.u4ai19038@cb.students.amrita.edu","AI","A","2023","8.37","1","Placed"
"CB.SC.U4AI19039","Varun Reddy","cb.sc.u4ai19039@cb.students.amrita.edu","AI","A","2023","9.68","0","Placed"
"CB.SC.U4AI19040","Nikhil Nair","cb.sc.u4ai19040@cb.students.amrita.edu","AI","A","2023","6.32","2","Placed"
"CB.SC.U4AI19041","Sanjay Verma","cb.sc.u4ai19041@cb.students.amrita.edu","AI","A","2023","6.42","0","Placed"
"CB.SC.U4AI19042","Surya Sharma","cb.sc.u4ai19042@cb.students.amrita.edu","AI","A","2023","7.76","1","Not Placed"
"CB.SC.U4AI19043","Riya Gupta","cb.sc.u4ai19043@cb.students.amrita.edu","AI","A","2023","6.2","2","Placed"
"CB.SC.U4AI19044","Arya Nair","cb.sc.u4ai19044@cb.students.amrita.edu","AI","A","2023","9.68","0","Not Placed"
"CB.SC.U4AI19045","Bhavya Nagarajan","cb.sc.u4ai19045@cb.students.amrita.edu","AI","A","2023","8.01","1","Not Placed"
"CB.SC.U4AI19046","Ishaan Kulkarni","cb.sc.u4ai19046@cb.students.amrita.edu","AI","A","2023","7.04","1","Placed"
"CB.SC.U4AI19047","Lakshmi Das","cb.sc.u4ai19047@cb.students.amrita.edu","AI","A","2023","6.25","0","Not Placed"
"CB.SC.U4AI19048","Vikram Joshi","cb.sc.u4ai19048@cb.students.amrita.edu","AI","A","2023","9.55","1","Placed"
"CB.SC.U4AI19049","Sneha Reddy","cb.sc.u4ai19049@cb.students.amrita.edu","AI","A","2023","6.14","2","Not Placed"
"CB.SC.U4AI19050","Diya Chatterjee","cb.sc.u4ai19050@cb.students.amrita.edu","AI","A","2023","6.44","0","Placed"
"CB.SC.U4AI19051","Yash Chatterjee","cb.sc.u4ai19051@cb.students.amrita.edu","AI","A","2023","9.88","0","Placed"
"CB.SC.U4AI19052","Lakshmi Krishnan","cb.sc.u4ai19052@cb.students.amrita.edu","AI","A","2023","7.18","1","Not Placed"
"CB.SC.U4AI19053","Arya Das","cb.sc.u4ai19053@cb.students.amrita.edu","AI","A","2023","6.77","2","Placed"
"CB.SC.U4AI19054","Sanjay Gupta","cb.sc.u4ai19054@cb.students.amrita.edu","AI","A","2023","6.53","0","Placed"
"CB.SC.U4AI19055","Keerthana Sharma","cb.sc.u4ai19055@cb.students.amrita.edu","AI","A","2023","8.29","0","Not Placed"
"CB.SC.U4AI19056","Aarav Kapoor","cb.sc.u4ai19056@cb.students.amrita.edu","AI","A","2023","8.44","1","Not Placed"
"CB.SC.U4AI19057","Riya Reddy","cb.sc.u4ai19057@cb.students.amrita.edu","AI","A","2023","7.67","2","Not Placed"
"CB.SC.U4AI19058","Yash Sharma","cb.sc.u4ai19058@cb.students.amrita.edu","AI","A","2023","7.93","2","Not Placed"
"CB.SC.U4AI19059","Yash Reddy","cb.sc.u4ai19059@cb.students.amrita.edu","AI","A","2023","8.07","0","Not Placed"
"CB.SC.U4AI19060","Ananya Das","cb.sc.u4ai19060@cb.students.amrita.edu","AI","A","2023","9.81","2","Placed"
"CB.SC.U4AI19101","Keerthana Verma","cb.sc.u4ai19101@cb.students.amrita.edu","AI","B","2023","6.61","0","Placed"
"CB.SC.U4AI19102","Varun Krishnan","cb.sc.u4ai19102@cb.students.amrita.edu","AI","B","2023","6.2","1","Placed"
"CB.SC.U4AI19103","Rahul Joshi","cb.sc.u4ai19103@cb.students.amrita.edu","AI","B","2023","8.07","1","Not Placed"
"CB.SC.U4AI19104","Aishwarya Bose","cb.sc.u4ai19104@cb.students.amrita.edu","AI","B","2023","9","2","Not Placed"
"CB.SC.U4AI19105","Keerthana Gupta","cb.sc.u4ai19105@cb.students.amrita.edu","AI","B","2023","6.98","2","Placed"
"CB.SC.U4AI19106","Tanvi Shetty","cb.sc.u4ai19106@cb.students.amrita.edu","AI","B","2023","7.78","0","Placed"
"CB.SC.U4AI19107","Yash Bose","cb.sc.u4ai19107@cb.students.amrita.edu","AI","B","2023","9.09","2","Placed"
"CB.SC.U4AI19108","Bhavya Iyer","cb.sc.u4ai19108@cb.students.amrita.edu","AI","B","2023","7.83","2","Placed"
"CB.SC.U4AI19109","Charan Verma","cb.sc.u4ai19109@cb.students.amrita.edu","AI","B","2023","8.71","1","Placed"
"CB.SC.U4AI19110","Janani Kulkarni","cb.sc.u4ai19110@cb.students.amrita.edu","AI","B","2023","7.55","0","Not Placed"
"CB.SC.U4AI19111","Sneha Mishra","cb.sc.u4ai19111@cb.students.amrita.edu","AI","B","2023","6.04","1","Placed"
"CB.SC.U4AI19112","Yash Menon","cb.sc.u4ai19112@cb.students.amrita.edu","AI","B","2023","6.18","2","Placed"
"CB.SC.U4AI19113","Sneha Pillai","cb.sc.u4ai19113@cb.students.amrita.edu","AI","B","2023","7.35","2","Placed"
"CB.SC.U4AI19114","Pooja Chatterjee","cb.sc.u4ai19114@cb.students.amrita.edu","AI","B","2023","8.48","1","Placed"
"CB.SC.U4AI19115","Sneha Shetty","cb.sc.u4ai19115@cb.students.amrita.edu","AI","B","2023","9.36","1","Not Placed"
"CB.SC.U4AI19116","Aditya Gupta","cb.sc.u4ai19116@cb.students.amrita.edu","AI","B","2023","9.3","2","Placed"
"CB.SC.U4AI19117","Aishwarya Sharma","cb.sc.u4ai19117@cb.students.amrita.edu","AI","B","2023","8.93","0","Not Placed"
"CB.SC.U4AI19118","Keerthana Nagarajan","cb.sc.u4ai19118@cb.students.amrita.edu","AI","B","2023","8.2","0","Placed"
"CB.SC.U4AI19119","Ananya Gupta","cb.sc.u4ai19119@cb.students.amrita.edu","AI","B","2023","9.6","2","Placed"
"CB.SC.U4AI19120","Nikhil Das","cb.sc.u4ai19120@cb.students.amrita.edu","AI","B","2023","7.49","2","Not Placed"
"CB.SC.U4AI19121","Surya Das","cb.sc.u4ai19121@cb.students.amrita.edu","AI","B","2023","7.8","0","Not Placed"
"CB.SC.U4AI19122","Charan Verma","cb.sc.u4ai19122@cb.students.amrita.edu","AI","B","2023","6.9","0","Not Placed"
"CB.SC.U4AI19123","Anirudh Sharma","cb.sc.u4ai19123@cb.students.amrita.edu","AI","B","2023","9.43","0","Placed"
"CB.SC.U4AI19124","Meera Reddy","cb.sc.u4ai19124@cb.students.amrita.edu","AI","B","2023","7.3","0","Placed"
"CB.SC.U4AI19125","Aishwarya Shetty","cb.sc.u4ai19125@cb.students.amrita.edu","AI","B","2023","6.55","2","Not Placed"
"CB.SC.U4AI19126","Zara Verma","cb.sc.u4ai19126@cb.students.amrita.edu","AI","B","2023","6.85","1","Not Placed"
"CB.SC.U4AI19127","Riya Krishnan","cb.sc.u4ai19127@cb.students.amrita.edu","AI","B","2023","9.18","0","Placed"
"CB.SC.U4AI19128","Riya Krishnan","cb.sc.u4ai19128@cb.students.amrita.edu","AI","B","2023","6.04","0","Placed"
"CB.SC.U4AI19129","Keerthana Krishnan","cb.sc.u4ai19129@cb.students.amrita.edu","AI","B","2023","8.74","1","Not Placed"
"CB.SC.U4AI19130","Rahul Chatterjee","cb.sc.u4ai19130@cb.students.amrita.edu","AI","B","2023","7.79","0","Not Placed"
"CB.SC.U4AI19131","Bhavya Menon","cb.sc.u4ai19131@cb.students.amrita.edu","AI","B","2023","8.8","0","Not Placed"
"CB.SC.U4AI19132","Anirudh Shetty","cb.sc.u4ai19132@cb.students.amrita.edu","AI","B","2023","8.44","2","Placed"
"CB.SC.U4AI19133","Arya Kapoor","cb.sc.u4ai19133@cb.students.amrita.edu","AI","B","2023","7.12","1","Not Placed"
"CB.SC.U4AI19134","Anirudh Iyer","cb.sc.u4ai19134@cb.students.amrita.edu","AI","B","2023","6.94","0","Not Placed"
"CB.SC.U4AI19135","Karthik Kapoor","cb.sc.u4ai19135@cb.students.amrita.edu","AI","B","2023","8.52","2","Placed"
"CB.SC.U4AI19136","Ishaan Kapoor","cb.sc.u4ai19136@cb.students.amrita.edu","AI","B","2023","7.26","0","Not Placed"
"CB.SC.U4AI19137","Karthik Kulkarni","cb.sc.u4ai19137@cb.students.amrita.edu","AI","B","2023","6.07","1","Not Placed"
"CB.SC.U4AI19138","Janani Kapoor","cb.sc.u4ai19138@cb.students.amrita.edu","AI","B","2023","9.43","1","Placed"
"CB.SC.U4AI19139","Diya Bose","cb.sc.u4ai19139@cb.students.amrita.edu","AI","B","2023","7.45","2","Not Placed"
"CB.SC.U4AI19140","Anirudh Iyer","cb.sc.u4ai19140@cb.students.amrita.edu","AI","B","2023","7.74","2","Placed"
"CB.SC.U4AI19141","Aarav Pillai","cb.sc.u4ai19141@cb.students.amrita.edu","AI","B","2023","8.69","1","Not Placed"
"CB.SC.U4AI19142","Aditya Shetty","cb.sc.u4ai19142@cb.students.amrita.edu","AI","B","2023","6.78","1","Not Placed"
"CB.SC.U4AI19143","Akash Iyer","cb.sc.u4ai19143@cb.students.amrita.edu","AI","B","2023","7.37","0","Placed"
"CB.SC.U4AI19144","Rahul Shetty","cb.sc.u4ai19144@cb.students.amrita.edu","AI","B","2023","9.67","0","Not Placed"
"CB.SC.U4AI19145","Akash Bose","cb.sc.u4ai19145@cb.students.amrita.edu","AI","B","2023","6.38","1","Placed"
"CB.SC.U4AI19146","Tanvi Shetty","cb.sc.u4ai19146@cb.students.amrita.edu","AI","B","2023","7.5","1","Not Placed"
"CB.SC.U4AI19147","Sanjay Menon","cb.sc.u4ai19147@cb.students.amrita.edu","AI","B","2023","9.11","0","Placed"
"CB.SC.U4AI19148","Akash Kapoor","cb.sc.u4ai19148@cb.students.amrita.edu","AI","B","2023","7.67","1","Not Placed"
"CB.SC.U4AI19149","Diya Bose","cb.sc.u4ai19149@cb.students.amrita.edu","AI","B","2023","7.05","2","Placed"
"CB.SC.U4AI19150","Tanvi Bose","cb.sc.u4ai19150@cb.students.amrita.edu","AI","B","2023","6.35","0","Placed"
"CB.SC.U4AI19151","Tanvi Gupta","cb.sc.u4ai19151@cb.students.amrita.edu","AI","B","2023","9.35","2","Placed"
"CB.SC.U4AI19152","Surya Das","cb.sc.u4ai19152@cb.students.amrita.edu","AI","B","2023","8.76","1","Not Placed"
"CB.SC.U4AI19153","Ananya Kulkarni","cb.sc.u4ai19153@cb.students.amrita.edu","AI","B","2023","9.83","0","Not Placed"
"CB.SC.U4AI19154","Arya Verma","cb.sc.u4ai19154@cb.students.amrita.edu","AI","B","2023","8.95","2","Not Placed"
"CB.SC.U4AI19155","Charan Sharma","cb.sc.u4ai19155@cb.students.amrita.edu","AI","B","2023","6.28","1","Placed"
"CB.SC.U4AI19156","Nikhil Iyer","cb.sc.u4ai19156@cb.students.amrita.edu","AI","B","2023","9.42","2","Not Placed"
"CB.SC.U4AI19157","Aishwarya Verma","cb.sc.u4ai19157@cb.students.amrita.edu","AI","B","2023","7.2","1","Placed"
"CB.SC.U4AI19158","Nikhil Pillai","cb.sc.u4ai19158@cb.students.amrita.edu","AI","B","2023","8.19","2","Placed"
"CB.SC.U4AI19159","Rahul Raman","cb.sc.u4ai19159@cb.students.amrita.edu","AI","B","2023","7.15","2","Placed"
"CB.SC.U4AI19160","Varun Chatterjee","cb.sc.u4ai19160@cb.students.amrita.edu","AI","B","2023","6.37","0","Not Placed"
"CB.SC.U4AI19201","Arya Sharma","cb.sc.u4ai19201@cb.students.amrita.edu","AI","C","2023","7.62","0","Not Placed"
"CB.SC.U4AI19202","Harish Krishnan","cb.sc.u4ai19202@cb.students.amrita.edu","AI","C","2023","7.84","1","Placed"
"CB.SC.U4AI19203","Aishwarya Patel","cb.sc.u4ai19203@cb.students.amrita.edu","AI","C","2023","8","1","Placed"
"CB.SC.U4AI19204","Bhavya Pillai","cb.sc.u4ai19204@cb.students.amrita.edu","AI","C","2023","8.57","0","Placed"
"CB.SC.U4AI19205","Ananya Nair","cb.sc.u4ai19205@cb.students.amrita.edu","AI","C","2023","7.21","0","Not Placed"
"CB.SC.U4AI19206","Aishwarya Mishra","cb.sc.u4ai19206@cb.students.amrita.edu","AI","C","2023","9.3","0","Placed"
"CB.SC.U4AI19207","Arjun Mishra","cb.sc.u4ai19207@cb.students.amrita.edu","AI","C","2023","7.24","2","Placed"
"CB.SC.U4AI19208","Sanjay Menon","cb.sc.u4ai19208@cb.students.amrita.edu","AI","C","2023","9.87","0","Not Placed"
"CB.SC.U4AI19209","Aarav Shetty","cb.sc.u4ai19209@cb.students.amrita.edu","AI","C","2023","7.87","1","Placed"
"CB.SC.U4AI19210","Aarav Bose","cb.sc.u4ai19210@cb.students.amrita.edu","AI","C","2023","9.35","2","Placed"
"CB.SC.U4AI19211","Charan Das","cb.sc.u4ai19211@cb.students.amrita.edu","AI","C","2023","7.89","0","Not Placed"
"CB.SC.U4AI19212","Keerthana Mishra","cb.sc.u4ai19212@cb.students.amrita.edu","AI","C","2023","9.52","2","Not Placed"
"CB.SC.U4AI19213","Ananya Raman","cb.sc.u4ai19213@cb.students.amrita.edu","AI","C","2023","8.88","2","Placed"
"CB.SC.U4AI19214","Bhavya Patel","cb.sc.u4ai19214@cb.students.amrita.edu","AI","C","2023","9.63","1","Not Placed"
"CB.SC.U4AI19215","Aarav Nair","cb.sc.u4ai19215@cb.students.amrita.edu","AI","C","2023","9.77","2","Not Placed"
"CB.SC.U4AI19216","Harish Chatterjee","cb.sc.u4ai19216@cb.students.amrita.edu","AI","C","2023","7.18","2","Placed"
"CB.SC.U4AI19217","Bhavya Raman","cb.sc.u4ai19217@cb.students.amrita.edu","AI","C","2023","9.28","2","Not Placed"
"CB.SC.U4AI19218","Arjun Patel","cb.sc.u4ai19218@cb.students.amrita.edu","AI","C","2023","6.06","0","Placed"
"CB.SC.U4AI19219","Vikram Joshi","cb.sc.u4ai19219@cb.students.amrita.edu","AI","C","2023","9.83","0","Placed"
"CB.SC.U4AI19220","Yash Mishra","cb.sc.u4ai19220@cb.students.amrita.edu","AI","C","2023","8","2","Not Placed"
"CB.SC.U4AI19221","Sneha Mishra","cb.sc.u4ai19221@cb.students.amrita.edu","AI","C","2023","8.23","2","Not Placed"
"CB.SC.U4AI19222","Charan Menon","cb.sc.u4ai19222@cb.students.amrita.edu","AI","C","2023","8.3","1","Placed"
"CB.SC.U4AI19223","Arya Kapoor","cb.sc.u4ai19223@cb.students.amrita.edu","AI","C","2023","9.82","0","Not Placed"
"CB.SC.U4AI19224","Aditya Reddy","cb.sc.u4ai19224@cb.students.amrita.edu","AI","C","2023","8.68","0","Not Placed"
"CB.SC.U4AI19225","Lakshmi Kulkarni","cb.sc.u4ai19225@cb.students.amrita.edu","AI","C","2023","7.46","0","Not Placed"
"CB.SC.U4AI19226","Arya Kapoor","cb.sc.u4ai19226@cb.students.amrita.edu","AI","C","2023","7.29","0","Placed"
"CB.SC.U4AI19227","Vikram Pillai","cb.sc.u4ai19227@cb.students.amrita.edu","AI","C","2023","7.05","2","Placed"
"CB.SC.U4AI19228","Diya Reddy","cb.sc.u4ai19228@cb.students.amrita.edu","AI","C","2023","9.73","1","Not Placed"
"CB.SC.U4AI19229","Akash Patel","cb.sc.u4ai19229@cb.students.amrita.edu","AI","C","2023","8.06","1","Not Placed"
"CB.SC.U4AI19230","Meera Sharma","cb.sc.u4ai19230@cb.students.amrita.edu","AI","C","2023","8.84","2","Placed"
"CB.SC.U4AI19231","Sneha Patel","cb.sc.u4ai19231@cb.students.amrita.edu","AI","C","2023","7.94","1","Placed"
"CB.SC.U4AI19232","Keerthana Patel","cb.sc.u4ai19232@cb.students.amrita.edu","AI","C","2023","9.22","0","Placed"
"CB.SC.U4AI19233","Arya Patel","cb.sc.u4ai19233@cb.students.amrita.edu","AI","C","2023","6.38","1","Placed"
"CB.SC.U4AI19234","Yash Kulkarni","cb.sc.u4ai19234@cb.students.amrita.edu","AI","C","2023","8.88","0","Placed"
"CB.SC.U4AI19235","Zara Sharma","cb.sc.u4ai19235@cb.students.amrita.edu","AI","C","2023","9.85","0","Placed"
"CB.SC.U4AI19236","Karthik Menon","cb.sc.u4ai19236@cb.students.amrita.edu","AI","C","2023","8.83","2","Placed"
"CB.SC.U4AI19237","Akash Nair","cb.sc.u4ai19237@cb.students.amrita.edu","AI","C","2023","8.69","1","Not Placed"
"CB.SC.U4AI19238","Surya Kulkarni","cb.sc.u4ai19238@cb.students.amrita.edu","AI","C","2023","8.57","1","Placed"
"CB.SC.U4AI19239","Varun Pillai","cb.sc.u4ai19239@cb.students.amrita.edu","AI","C","2023","9.16","0","Not Placed"
"CB.SC.U4AI19240","Aarav Nagarajan","cb.sc.u4ai19240@cb.students.amrita.edu","AI","C","2023","7.34","1","Not Placed"
"CB.SC.U4AI19241","Diya Nagarajan","cb.sc.u4ai19241@cb.students.amrita.edu","AI","C","2023","7.45","0","Not Placed"
"CB.SC.U4AI19242","Karthik Das","cb.sc.u4ai19242@cb.students.amrita.edu","AI","C","2023","9.19","2","Placed"
"CB.SC.U4AI19243","Meera Chatterjee","cb.sc.u4ai19243@cb.students.amrita.edu","AI","C","2023","7.34","0","Not Placed"
"CB.SC.U4AI19244","Charan Kulkarni","cb.sc.u4ai19244@cb.students.amrita.edu","AI","C","2023","7.89","1","Not Placed"
"CB.SC.U4AI19245","Arjun Chatterjee","cb.sc.u4ai19245@cb.students.amrita.edu","AI","C","2023","9.7","2","Placed"
"CB.SC.U4AI19246","Vikram Krishnan","cb.sc.u4ai19246@cb.students.amrita.edu","AI","C","2023","8.86","1","Not Placed"
"CB.SC.U4AI19247","Surya Kulkarni","cb.sc.u4ai19247@cb.students.amrita.edu","AI","C","2023","6.42","0","Not Placed"
"CB.SC.U4AI19248","Lakshmi Sharma","cb.sc.u4ai19248@cb.students.amrita.edu","AI","C","2023","7.25","1","Not Placed"
"CB.SC.U4AI19249","Tanvi Menon","cb.sc.u4ai19249@cb.students.amrita.edu","AI","C","2023","6.07","0","Placed"
"CB.SC.U4AI19250","Riya Patel","cb.sc.u4ai19250@cb.students.amrita.edu","AI","C","2023","7.24","2","Placed"
"CB.SC.U4AI19251","Zara Reddy","cb.sc.u4ai19251@cb.students.amrita.edu","AI","C","2023","7.96","2","Placed"
"CB.SC.U4AI19252","Surya Shetty","cb.sc.u4ai19252@cb.students.amrita.edu","AI","C","2023","8.05","1","Placed"
"CB.SC.U4AI19253","Aarav Menon","cb.sc.u4ai19253@cb.students.amrita.edu","AI","C","2023","8.42","2","Not Placed"
"CB.SC.U4AI19254","Pooja Das","cb.sc.u4ai19254@cb.students.amrita.edu","AI","C","2023","6.78","2","Not Placed"
"CB.SC.U4AI19255","Diya Raman","cb.sc.u4ai19255@cb.students.amrita.edu","AI","C","2023","7.13","2","Placed"
"CB.SC.U4AI19256","Harish Mishra","cb.sc.u4ai19256@cb.students.amrita.edu","AI","C","2023","8.24","2","Placed"
"CB.SC.U4AI19257","Surya Menon","cb.sc.u4ai19257@cb.students.amrita.edu","AI","C","2023","8.2","0","Placed"
"CB.SC.U4AI19258","Lakshmi Mishra","cb.sc.u4ai19258@cb.students.amrita.edu","AI","C","2023","9.38","0","Placed"
"CB.SC.U4AI19259","Karthik Raman","cb.sc.u4ai19259@cb.students.amrita.edu","AI","C","2023","8.47","2","Not Placed"
"CB.SC.U4AI19260","Lakshmi Krishnan","cb.sc.u4ai19260@cb.students.amrita.edu","AI","C","2023","7.23","1","Placed"
"CB.SC.U4AI19301","Meera Shetty","cb.sc.u4ai19301@cb.students.amrita.edu","AI","D","2023","8.14","1","Placed"
"CB.SC.U4AI19302","Karthik Joshi","cb.sc.u4ai19302@cb.students.amrita.edu","AI","D","2023","6.59","2","Not Placed"
"CB.SC.U4AI19303","Nikhil Verma","cb.sc.u4ai19303@cb.students.amrita.edu","AI","D","2023","7.56","2","Placed"
"CB.SC.U4AI19304","Janani Gupta","cb.sc.u4ai19304@cb.students.amrita.edu","AI","D","2023","7","2","Not Placed"
"CB.SC.U4AI19305","Zara Gupta","cb.sc.u4ai19305@cb.students.amrita.edu","AI","D","2023","7.69","0","Not Placed"
"CB.SC.U4AI19306","Meera Bose","cb.sc.u4ai19306@cb.students.amrita.edu","AI","D","2023","9.74","2","Not Placed"
"CB.SC.U4AI19307","Surya Krishnan","cb.sc.u4ai19307@cb.students.amrita.edu","AI","D","2023","8.57","1","Placed"
"CB.SC.U4AI19308","Rahul Shetty","cb.sc.u4ai19308@cb.students.amrita.edu","AI","D","2023","7.38","0","Placed"
"CB.SC.U4AI19309","Bhavya Nair","cb.sc.u4ai19309@cb.students.amrita.edu","AI","D","2023","9.13","0","Not Placed"
"CB.SC.U4AI19310","Diya Menon","cb.sc.u4ai19310@cb.students.amrita.edu","AI","D","2023","6.1","2","Not Placed"
"CB.SC.U4AI19311","Rahul Krishnan","cb.sc.u4ai19311@cb.students.amrita.edu","AI","D","2023","6.83","2","Placed"
"CB.SC.U4AI19312","Tanvi Reddy","cb.sc.u4ai19312@cb.students.amrita.edu","AI","D","2023","8.34","0","Placed"
"CB.SC.U4AI19313","Ananya Reddy","cb.sc.u4ai19313@cb.students.amrita.edu","AI","D","2023","6.76","2","Placed"
"CB.SC.U4AI19314","Sanjay Menon","cb.sc.u4ai19314@cb.students.amrita.edu","AI","D","2023","8.35","0","Placed"
"CB.SC.U4AI19315","Sneha Das","cb.sc.u4ai19315@cb.students.amrita.edu","AI","D","2023","7.54","1","Not Placed"
"CB.SC.U4AI19316","Karthik Nagarajan","cb.sc.u4ai19316@cb.students.amrita.edu","AI","D","2023","8.4","2","Placed"
"CB.SC.U4AI19317","Ananya Mishra","cb.sc.u4ai19317@cb.students.amrita.edu","AI","D","2023","6.38","2","Placed"
"CB.SC.U4AI19318","Vikram Gupta","cb.sc.u4ai19318@cb.students.amrita.edu","AI","D","2023","9.71","2","Placed"
"CB.SC.U4AI19319","Ishaan Menon","cb.sc.u4ai19319@cb.students.amrita.edu","AI","D","2023","8.06","0","Not Placed"
"CB.SC.U4AI19320","Surya Bose","cb.sc.u4ai19320@cb.students.amrita.edu","AI","D","2023","9.68","1","Placed"
"CB.SC.U4AI19321","Pooja Sharma","cb.sc.u4ai19321@cb.students.amrita.edu","AI","D","2023","9.56","2","Placed"
"CB.SC.U4AI19322","Akash Kapoor","cb.sc.u4ai19322@cb.students.amrita.edu","AI","D","2023","6.22","0","Not Placed"
"CB.SC.U4AI19323","Lakshmi Nagarajan","cb.sc.u4ai19323@cb.students.amrita.edu","AI","D","2023","7.46","0","Placed"
"CB.SC.U4AI19324","Varun Nair","cb.sc.u4ai19324@cb.students.amrita.edu","AI","D","2023","6.34","2","Placed"
"CB.SC.U4AI19325","Riya Verma","cb.sc.u4ai19325@cb.students.amrita.edu","AI","D","2023","9.63","1","Placed"
"CB.SC.U4AI19326","Riya Raman","cb.sc.u4ai19326@cb.students.amrita.edu","AI","D","2023","8.14","2","Placed"
"CB.SC.U4AI19327","Karthik Patel","cb.sc.u4ai19327@cb.students.amrita.edu","AI","D","2023","9.82","2","Placed"
"CB.SC.U4AI19328","Harish Iyer","cb.sc.u4ai19328@cb.students.amrita.edu","AI","D","2023","6.44","1","Not Placed"
"CB.SC.U4AI19329","Aishwarya Reddy","cb.sc.u4ai19329@cb.students.amrita.edu","AI","D","2023","7.59","0","Placed"
"CB.SC.U4AI19330","Meera Chatterjee","cb.sc.u4ai19330@cb.students.amrita.edu","AI","D","2023","6.74","0","Placed"
"CB.SC.U4AI19331","Keerthana Raman","cb.sc.u4ai19331@cb.students.amrita.edu","AI","D","2023","6.04","1","Not Placed"
"CB.SC.U4AI19332","Anirudh Nagarajan","cb.sc.u4ai19332@cb.students.amrita.edu","AI","D","2023","8.23","2","Placed"
"CB.SC.U4AI19333","Vikram Joshi","cb.sc.u4ai19333@cb.students.amrita.edu","AI","D","2023","8.61","0","Placed"
"CB.SC.U4AI19334","Riya Iyer","cb.sc.u4ai19334@cb.students.amrita.edu","AI","D","2023","9.32","0","Placed"
"CB.SC.U4AI19335","Ananya Chatterjee","cb.sc.u4ai19335@cb.students.amrita.edu","AI","D","2023","6.5","0","Placed"
"CB.SC.U4AI19336","Bhavya Kapoor","cb.sc.u4ai19336@cb.students.amrita.edu","AI","D","2023","9.34","0","Not Placed"
"CB.SC.U4AI19337","Yash Joshi","cb.sc.u4ai19337@cb.students.amrita.edu","AI","D","2023","9.86","0","Not Placed"
"CB.SC.U4AI19338","Lakshmi Pillai","cb.sc.u4ai19338@cb.students.amrita.edu","AI","D","2023","8.16","2","Placed"
"CB.SC.U4AI19339","Pooja Pillai","cb.sc.u4ai19339@cb.students.amrita.edu","AI","D","2023","8.23","1","Placed"
"CB.SC.U4AI19340","Bhavya Patel","cb.sc.u4ai19340@cb.students.amrita.edu","AI","D","2023","7.76","1","Not Placed"
"CB.SC.U4AI19341","Diya Krishnan","cb.sc.u4ai19341@cb.students.amrita.edu","AI","D","2023","8.12","0","Placed"
"CB.SC.U4AI19342","Rahul Menon","cb.sc.u4ai19342@cb.students.amrita.edu","AI","D","2023","6.83","0","Not Placed"
"CB.SC.U4AI19343","Sneha Bose","cb.sc.u4ai19343@cb.students.amrita.edu","AI","D","2023","6.43","1","Not Placed"
"CB.SC.U4AI19344","Zara Bose","cb.sc.u4ai19344@cb.students.amrita.edu","AI","D","2023","7.33","2","Not Placed"
"CB.SC.U4AI19345","Zara Iyer","cb.sc.u4ai19345@cb.students.amrita.edu","AI","D","2023","7.54","1","Placed"
"CB.SC.U4AI19346","Lakshmi Nagarajan","cb.sc.u4ai19346@cb.students.amrita.edu","AI","D","2023","7.41","0","Placed"
"CB.SC.U4AI19347","Sneha Pillai","cb.sc.u4ai19347@cb.students.amrita.edu","AI","D","2023","9.16","2","Placed"
"CB.SC.U4AI19348","Riya Chatterjee","cb.sc.u4ai19348@cb.students.amrita.edu","AI","D","2023","6.44","1","Not Placed"
"CB.SC.U4AI19349","Zara Bose","cb.sc.u4ai19349@cb.students.amrita.edu","AI","D","2023","7.21","2","Not Placed"
"CB.SC.U4AI19350","Karthik Raman","cb.sc.u4ai19350@cb.students.amrita.edu","AI","D","2023","6.98","0","Not Placed"
"CB.SC.U4AI19351","Varun Nair","cb.sc.u4ai19351@cb.students.amrita.edu","AI","D","2023","7.3","0","Not Placed"
"CB.SC.U4AI19352","Arya Sharma","cb.sc.u4ai19352@cb.students.amrita.edu","AI","D","2023","7.19","2","Not Placed"
"CB.SC.U4AI19353","Aishwarya Chatterjee","cb.sc.u4ai19353@cb.students.amrita.edu","AI","D","2023","6","1","Placed"
"CB.SC.U4AI19354","Charan Menon","cb.sc.u4ai19354@cb.students.amrita.edu","AI","D","2023","7.45","1","Placed"
"CB.SC.U4AI19355","Zara Gupta","cb.sc.u4ai19355@cb.students.amrita.edu","AI","D","2023","7.47","1","Not Placed"
"CB.SC.U4AI19356","Nikhil Kulkarni","cb.sc.u4ai19356@cb.students.amrita.edu","AI","D","2023","8.94","0","Not Placed"
"CB.SC.U4AI19357","Lakshmi Iyer","cb.sc.u4ai19357@cb.students.amrita.edu","AI","D","2023","7.54","2","Placed"
"CB.SC.U4AI19358","Keerthana Pillai","cb.sc.u4ai19358@cb.students.amrita.edu","AI","D","2023","7.88","1","Placed"
"CB.SC.U4AI19359","Tanvi Kulkarni","cb.sc.u4ai19359@cb.students.amrita.edu","AI","D","2023","7.85","2","Placed"
"CB.SC.U4AI19360","Lakshmi Pillai","cb.sc.u4ai19360@cb.students.amrita.edu","AI","D","2023","8.3","1","Not Placed"
"CB.SC.U4AI19401","Tanvi Nair","cb.sc.u4ai19401@cb.students.amrita.edu","AI","E","2023","6.03","1","Not Placed"
"CB.SC.U4AI19402","Yash Krishnan","cb.sc.u4ai19402@cb.students.amrita.edu","AI","E","2023","9.73","0","Not Placed"
"CB.SC.U4AI19403","Aarav Gupta","cb.sc.u4ai19403@cb.students.amrita.edu","AI","E","2023","9.2","1","Placed"
"CB.SC.U4AI19404","Harish Verma","cb.sc.u4ai19404@cb.students.amrita.edu","AI","E","2023","6.81","0","Placed"
"CB.SC.U4AI19405","Yash Shetty","cb.sc.u4ai19405@cb.students.amrita.edu","AI","E","2023","6.93","2","Not Placed"
"CB.SC.U4AI19406","Vikram Nagarajan","cb.sc.u4ai19406@cb.students.amrita.edu","AI","E","2023","7.15","2","Not Placed"
"CB.SC.U4AI19407","Ishaan Sharma","cb.sc.u4ai19407@cb.students.amrita.edu","AI","E","2023","9.33","1","Placed"
"CB.SC.U4AI19408","Ananya Nair","cb.sc.u4ai19408@cb.students.amrita.edu","AI","E","2023","7.66","2","Placed"
"CB.SC.U4AI19409","Rahul Bose","cb.sc.u4ai19409@cb.students.amrita.edu","AI","E","2023","6.16","1","Not Placed"
"CB.SC.U4AI19410","Aishwarya Chatterjee","cb.sc.u4ai19410@cb.students.amrita.edu","AI","E","2023","6.49","2","Placed"
"CB.SC.U4AI19411","Vikram Iyer","cb.sc.u4ai19411@cb.students.amrita.edu","AI","E","2023","9.73","1","Not Placed"
"CB.SC.U4AI19412","Harish Mishra","cb.sc.u4ai19412@cb.students.amrita.edu","AI","E","2023","9.18","0","Not Placed"
"CB.SC.U4AI19413","Akash Krishnan","cb.sc.u4ai19413@cb.students.amrita.edu","AI","E","2023","6.41","2","Placed"
"CB.SC.U4AI19414","Karthik Nair","cb.sc.u4ai19414@cb.students.amrita.edu","AI","E","2023","6.6","1","Placed"
"CB.SC.U4AI19415","Zara Raman","cb.sc.u4ai19415@cb.students.amrita.edu","AI","E","2023","6.41","2","Not Placed"
"CB.SC.U4AI19416","Pooja Nagarajan","cb.sc.u4ai19416@cb.students.amrita.edu","AI","E","2023","6.12","2","Not Placed"
"CB.SC.U4AI19417","Varun Pillai","cb.sc.u4ai19417@cb.students.amrita.edu","AI","E","2023","8.79","0","Placed"
"CB.SC.U4AI19418","Arya Shetty","cb.sc.u4ai19418@cb.students.amrita.edu","AI","E","2023","9.83","1","Not Placed"
"CB.SC.U4AI19419","Karthik Chatterjee","cb.sc.u4ai19419@cb.students.amrita.edu","AI","E","2023","6.33","0","Not Placed"
"CB.SC.U4AI19420","Karthik Verma","cb.sc.u4ai19420@cb.students.amrita.edu","AI","E","2023","8.35","1","Placed"
"CB.SC.U4AI19421","Rahul Chatterjee","cb.sc.u4ai19421@cb.students.amrita.edu","AI","E","2023","8.48","0","Not Placed"
"CB.SC.U4AI19422","Janani Patel","cb.sc.u4ai19422@cb.students.amrita.edu","AI","E","2023","8.82","1","Placed"
"CB.SC.U4AI19423","Tanvi Joshi","cb.sc.u4ai19423@cb.students.amrita.edu","AI","E","2023","9.22","1","Not Placed"
"CB.SC.U4AI19424","Karthik Nair","cb.sc.u4ai19424@cb.students.amrita.edu","AI","E","2023","6.01","1","Placed"
"CB.SC.U4AI19425","Harish Sharma","cb.sc.u4ai19425@cb.students.amrita.edu","AI","E","2023","7.7","0","Placed"
"CB.SC.U4AI19426","Pooja Bose","cb.sc.u4ai19426@cb.students.amrita.edu","AI","E","2023","6.24","1","Placed"
"CB.SC.U4AI19427","Arya Bose","cb.sc.u4ai19427@cb.students.amrita.edu","AI","E","2023","7.34","0","Placed"
"CB.SC.U4AI19428","Harish Verma","cb.sc.u4ai19428@cb.students.amrita.edu","AI","E","2023","8.88","2","Not Placed"
"CB.SC.U4AI19429","Ananya Nair","cb.sc.u4ai19429@cb.students.amrita.edu","AI","E","2023","7.27","2","Placed"
"CB.SC.U4AI19430","Harish Kapoor","cb.sc.u4ai19430@cb.students.amrita.edu","AI","E","2023","6.38","1","Not Placed"
"CB.SC.U4AI19431","Aishwarya Menon","cb.sc.u4ai19431@cb.students.amrita.edu","AI","E","2023","6.92","1","Placed"
"CB.SC.U4AI19432","Sneha Raman","cb.sc.u4ai19432@cb.students.amrita.edu","AI","E","2023","8.09","2","Not Placed"
"CB.SC.U4AI19433","Aarav Gupta","cb.sc.u4ai19433@cb.students.amrita.edu","AI","E","2023","6.47","2","Placed"
"CB.SC.U4AI19434","Charan Pillai","cb.sc.u4ai19434@cb.students.amrita.edu","AI","E","2023","8.28","2","Placed"
"CB.SC.U4AI19435","Aditya Menon","cb.sc.u4ai19435@cb.students.amrita.edu","AI","E","2023","6.81","1","Placed"
"CB.SC.U4AI19436","Aarav Gupta","cb.sc.u4ai19436@cb.students.amrita.edu","AI","E","2023","7.88","1","Placed"
"CB.SC.U4AI19437","Harish Kulkarni","cb.sc.u4ai19437@cb.students.amrita.edu","AI","E","2023","9.44","1","Not Placed"
"CB.SC.U4AI19438","Ananya Pillai","cb.sc.u4ai19438@cb.students.amrita.edu","AI","E","2023","7.84","2","Not Placed"
"CB.SC.U4AI19439","Riya Nair","cb.sc.u4ai19439@cb.students.amrita.edu","AI","E","2023","7.27","2","Not Placed"
"CB.SC.U4AI19440","Bhavya Nair","cb.sc.u4ai19440@cb.students.amrita.edu","AI","E","2023","9.86","1","Not Placed"
"CB.SC.U4AI19441","Pooja Patel","cb.sc.u4ai19441@cb.students.amrita.edu","AI","E","2023","7.27","2","Not Placed"
"CB.SC.U4AI19442","Nikhil Gupta","cb.sc.u4ai19442@cb.students.amrita.edu","AI","E","2023","8.71","0","Not Placed"
"CB.SC.U4AI19443","Surya Sharma","cb.sc.u4ai19443@cb.students.amrita.edu","AI","E","2023","6.74","0","Not Placed"
"CB.SC.U4AI19444","Ishaan Krishnan","cb.sc.u4ai19444@cb.students.amrita.edu","AI","E","2023","9.63","0","Not Placed"
"CB.SC.U4AI19445","Anirudh Kapoor","cb.sc.u4ai19445@cb.students.amrita.edu","AI","E","2023","9.13","1","Not Placed"
"CB.SC.U4AI19446","Bhavya Krishnan","cb.sc.u4ai19446@cb.students.amrita.edu","AI","E","2023","8.8","2","Placed"
"CB.SC.U4AI19447","Varun Reddy","cb.sc.u4ai19447@cb.students.amrita.edu","AI","E","2023","6.26","2","Not Placed"
"CB.SC.U4AI19448","Ishaan Shetty","cb.sc.u4ai19448@cb.students.amrita.edu","AI","E","2023","7.11","2","Placed"
"CB.SC.U4AI19449","Yash Patel","cb.sc.u4ai19449@cb.students.amrita.edu","AI","E","2023","6.72","2","Placed"
"CB.SC.U4AI19450","Aarav Menon","cb.sc.u4ai19450@cb.students.amrita.edu","AI","E","2023","7.45","1","Placed"
"CB.SC.U4AI19451","Meera Patel","cb.sc.u4ai19451@cb.students.amrita.edu","AI","E","2023","9.86","1","Placed"
"CB.SC.U4AI19452","Bhavya Kulkarni","cb.sc.u4ai19452@cb.students.amrita.edu","AI","E","2023","8.03","2","Placed"
"CB.SC.U4AI19453","Aishwarya Raman","cb.sc.u4ai19453@cb.students.amrita.edu","AI","E","2023","9.77","2","Not Placed"
"CB.SC.U4AI19454","Sanjay Raman","cb.sc.u4ai19454@cb.students.amrita.edu","AI","E","2023","8.02","1","Placed"
"CB.SC.U4AI19455","Janani Reddy","cb.sc.u4ai19455@cb.students.amrita.edu","AI","E","2023","9.06","1","Placed"
"CB.SC.U4AI19456","Arjun Krishnan","cb.sc.u4ai19456@cb.students.amrita.edu","AI","E","2023","6.01","0","Not Placed"
"CB.SC.U4AI19457","Anirudh Krishnan","cb.sc.u4ai19457@cb.students.amrita.edu","AI","E","2023","7.22","1","Not Placed"
"CB.SC.U4AI19458","Karthik Nair","cb.sc.u4ai19458@cb.students.amrita.edu","AI","E","2023","9.44","1","Not Placed"
"CB.SC.U4AI19459","Nikhil Nagarajan","cb.sc.u4ai19459@cb.students.amrita.edu","AI","E","2023","6.38","1","Not Placed"
"CB.SC.U4AI19460","Anirudh Bose","cb.sc.u4ai19460@cb.students.amrita.edu","AI","E","2023","9.05","1","Placed"
"CB.EN.U4EEE19001","Pooja Menon","cb.en.u4eee19001@cb.students.amrita.edu","EEE","A","2023","8.19","2","Placed"
"CB.EN.U4EEE19002","Keerthana Joshi","cb.en.u4eee19002@cb.students.amrita.edu","EEE","A","2023","6.54","0","Placed"
"CB.EN.U4EEE19003","Yash Nagarajan","cb.en.u4eee19003@cb.students.amrita.edu","EEE","A","2023","8.29","0","Placed"
"CB.EN.U4EEE19004","Surya Iyer","cb.en.u4eee19004@cb.students.amrita.edu","EEE","A","2023","7.19","2","Not Placed"
"CB.EN.U4EEE19005","Diya Reddy","cb.en.u4eee19005@cb.students.amrita.edu","EEE","A","2023","9.66","2","Placed"
"CB.EN.U4EEE19006","Pooja Nagarajan","cb.en.u4eee19006@cb.students.amrita.edu","EEE","A","2023","9.85","2","Not Placed"
"CB.EN.U4EEE19007","Riya Chatterjee","cb.en.u4eee19007@cb.students.amrita.edu","EEE","A","2023","8.91","0","Not Placed"
"CB.EN.U4EEE19008","Aishwarya Mishra","cb.en.u4eee19008@cb.students.amrita.edu","EEE","A","2023","9.68","0","Not Placed"
"CB.EN.U4EEE19009","Ishaan Kulkarni","cb.en.u4eee19009@cb.students.amrita.edu","EEE","A","2023","7.26","0","Not Placed"
"CB.EN.U4EEE19010","Zara Menon","cb.en.u4eee19010@cb.students.amrita.edu","EEE","A","2023","8.97","2","Placed"
"CB.EN.U4EEE19011","Bhavya Shetty","cb.en.u4eee19011@cb.students.amrita.edu","EEE","A","2023","6.77","0","Not Placed"
"CB.EN.U4EEE19012","Sneha Iyer","cb.en.u4eee19012@cb.students.amrita.edu","EEE","A","2023","9.51","2","Not Placed"
"CB.EN.U4EEE19013","Ananya Menon","cb.en.u4eee19013@cb.students.amrita.edu","EEE","A","2023","8.08","0","Not Placed"
"CB.EN.U4EEE19014","Harish Krishnan","cb.en.u4eee19014@cb.students.amrita.edu","EEE","A","2023","6.82","2","Not Placed"
"CB.EN.U4EEE19015","Lakshmi Pillai","cb.en.u4eee19015@cb.students.amrita.edu","EEE","A","2023","8.45","2","Not Placed"
"CB.EN.U4EEE19016","Ishaan Patel","cb.en.u4eee19016@cb.students.amrita.edu","EEE","A","2023","6.89","0","Not Placed"
"CB.EN.U4EEE19017","Aishwarya Das","cb.en.u4eee19017@cb.students.amrita.edu","EEE","A","2023","9.14","2","Not Placed"
"CB.EN.U4EEE19018","Meera Gupta","cb.en.u4eee19018@cb.students.amrita.edu","EEE","A","2023","8.92","1","Not Placed"
"CB.EN.U4EEE19019","Keerthana Krishnan","cb.en.u4eee19019@cb.students.amrita.edu","EEE","A","2023","8.28","0","Not Placed"
"CB.EN.U4EEE19020","Zara Raman","cb.en.u4eee19020@cb.students.amrita.edu","EEE","A","2023","9.57","0","Not Placed"
"CB.EN.U4EEE19021","Aditya Pillai","cb.en.u4eee19021@cb.students.amrita.edu","EEE","A","2023","6.29","1","Not Placed"
"CB.EN.U4EEE19022","Keerthana Shetty","cb.en.u4eee19022@cb.students.amrita.edu","EEE","A","2023","7.71","1","Not Placed"
"CB.EN.U4EEE19023","Nikhil Sharma","cb.en.u4eee19023@cb.students.amrita.edu","EEE","A","2023","7.45","0","Not Placed"
"CB.EN.U4EEE19024","Bhavya Bose","cb.en.u4eee19024@cb.students.amrita.edu","EEE","A","2023","8.25","2","Not Placed"
"CB.EN.U4EEE19025","Aishwarya Joshi","cb.en.u4eee19025@cb.students.amrita.edu","EEE","A","2023","9.07","1","Placed"
"CB.EN.U4EEE19026","Sanjay Iyer","cb.en.u4eee19026@cb.students.amrita.edu","EEE","A","2023","8.81","2","Not Placed"
"CB.EN.U4EEE19027","Aditya Krishnan","cb.en.u4eee19027@cb.students.amrita.edu","EEE","A","2023","7.66","0","Placed"
"CB.EN.U4EEE19028","Anirudh Reddy","cb.en.u4eee19028@cb.students.amrita.edu","EEE","A","2023","9.48","2","Placed"
"CB.EN.U4EEE19029","Keerthana Das","cb.en.u4eee19029@cb.students.amrita.edu","EEE","A","2023","6.46","1","Placed"
"CB.EN.U4EEE19030","Pooja Patel","cb.en.u4eee19030@cb.students.amrita.edu","EEE","A","2023","6.99","2","Not Placed"
"CB.EN.U4EEE19031","Sanjay Raman","cb.en.u4eee19031@cb.students.amrita.edu","EEE","A","2023","9.36","0","Placed"
"CB.EN.U4EEE19032","Aarav Nagarajan","cb.en.u4eee19032@cb.students.amrita.edu","EEE","A","2023","7.94","1","Placed"
"CB.EN.U4EEE19033","Keerthana Joshi","cb.en.u4eee19033@cb.students.amrita.edu","EEE","A","2023","7.55","1","Not Placed"
"CB.EN.U4EEE19034","Janani Chatterjee","cb.en.u4eee19034@cb.students.amrita.edu","EEE","A","2023","9.67","1","Placed"
"CB.EN.U4EEE19035","Ananya Bose","cb.en.u4eee19035@cb.students.amrita.edu","EEE","A","2023","7.48","2","Placed"
"CB.EN.U4EEE19036","Janani Nair","cb.en.u4eee19036@cb.students.amrita.edu","EEE","A","2023","6.75","2","Placed"
"CB.EN.U4EEE19037","Surya Krishnan","cb.en.u4eee19037@cb.students.amrita.edu","EEE","A","2023","9.67","0","Placed"
"CB.EN.U4EEE19038","Nikhil Kapoor","cb.en.u4eee19038@cb.students.amrita.edu","EEE","A","2023","9.76","1","Not Placed"
"CB.EN.U4EEE19039","Charan Chatterjee","cb.en.u4eee19039@cb.students.amrita.edu","EEE","A","2023","9.72","0","Not Placed"
"CB.EN.U4EEE19040","Zara Verma","cb.en.u4eee19040@cb.students.amrita.edu","EEE","A","2023","6.24","1","Not Placed"
"CB.EN.U4EEE19041","Charan Gupta","cb.en.u4eee19041@cb.students.amrita.edu","EEE","A","2023","9.5","1","Not Placed"
"CB.EN.U4EEE19042","Sanjay Patel","cb.en.u4eee19042@cb.students.amrita.edu","EEE","A","2023","6.78","2","Placed"
"CB.EN.U4EEE19043","Varun Kapoor","cb.en.u4eee19043@cb.students.amrita.edu","EEE","A","2023","9","0","Not Placed"
"CB.EN.U4EEE19044","Arya Menon","cb.en.u4eee19044@cb.students.amrita.edu","EEE","A","2023","9.7","1","Placed"
"CB.EN.U4EEE19045","Lakshmi Menon","cb.en.u4eee19045@cb.students.amrita.edu","EEE","A","2023","7.22","1","Not Placed"
"CB.EN.U4EEE19046","Aarav Pillai","cb.en.u4eee19046@cb.students.amrita.edu","EEE","A","2023","9.31","0","Not Placed"
"CB.EN.U4EEE19047","Varun Menon","cb.en.u4eee19047@cb.students.amrita.edu","EEE","A","2023","8.09","1","Placed"
"CB.EN.U4EEE19048","Varun Krishnan","cb.en.u4eee19048@cb.students.amrita.edu","EEE","A","2023","6.35","0","Not Placed"
"CB.EN.U4EEE19049","Aishwarya Verma","cb.en.u4eee19049@cb.students.amrita.edu","EEE","A","2023","8.06","1","Placed"
"CB.EN.U4EEE19050","Varun Menon","cb.en.u4eee19050@cb.students.amrita.edu","EEE","A","2023","7.17","2","Placed"
"CB.EN.U4EEE19051","Akash Sharma","cb.en.u4eee19051@cb.students.amrita.edu","EEE","A","2023","7.42","2","Placed"
"CB.EN.U4EEE19052","Lakshmi Nagarajan","cb.en.u4eee19052@cb.students.amrita.edu","EEE","A","2023","8.04","0","Not Placed"
"CB.EN.U4EEE19053","Arjun Nair","cb.en.u4eee19053@cb.students.amrita.edu","EEE","A","2023","8.04","2","Placed"
"CB.EN.U4EEE19054","Keerthana Gupta","cb.en.u4eee19054@cb.students.amrita.edu","EEE","A","2023","8.79","2","Not Placed"
"CB.EN.U4EEE19055","Sanjay Raman","cb.en.u4eee19055@cb.students.amrita.edu","EEE","A","2023","9.49","2","Not Placed"
"CB.EN.U4EEE19056","Ananya Gupta","cb.en.u4eee19056@cb.students.amrita.edu","EEE","A","2023","9.75","0","Placed"
"CB.EN.U4EEE19057","Bhavya Bose","cb.en.u4eee19057@cb.students.amrita.edu","EEE","A","2023","9.74","2","Not Placed"
"CB.EN.U4EEE19058","Nikhil Kulkarni","cb.en.u4eee19058@cb.students.amrita.edu","EEE","A","2023","8.12","2","Placed"
"CB.EN.U4EEE19059","Aishwarya Kulkarni","cb.en.u4eee19059@cb.students.amrita.edu","EEE","A","2023","7.52","1","Not Placed"
"CB.EN.U4EEE19060","Sneha Patel","cb.en.u4eee19060@cb.students.amrita.edu","EEE","A","2023","6.58","0","Placed"
"CB.EN.U4EEE19101","Sneha Joshi","cb.en.u4eee19101@cb.students.amrita.edu","EEE","B","2023","6.3","2","Placed"
"CB.EN.U4EEE19102","Charan Kapoor","cb.en.u4eee19102@cb.students.amrita.edu","EEE","B","2023","7.1","2","Placed"
"CB.EN.U4EEE19103","Aditya Reddy","cb.en.u4eee19103@cb.students.amrita.edu","EEE","B","2023","9.66","0","Placed"
"CB.EN.U4EEE19104","Janani Shetty","cb.en.u4eee19104@cb.students.amrita.edu","EEE","B","2023","9.3","2","Placed"
"CB.EN.U4EEE19105","Karthik Krishnan","cb.en.u4eee19105@cb.students.amrita.edu","EEE","B","2023","6.95","1","Not Placed"
"CB.EN.U4EEE19106","Lakshmi Shetty","cb.en.u4eee19106@cb.students.amrita.edu","EEE","B","2023","9.75","1","Placed"
"CB.EN.U4EEE19107","Harish Patel","cb.en.u4eee19107@cb.students.amrita.edu","EEE","B","2023","6.75","1","Not Placed"
"CB.EN.U4EEE19108","Diya Das","cb.en.u4eee19108@cb.students.amrita.edu","EEE","B","2023","9.59","2","Placed"
"CB.EN.U4EEE19109","Aarav Das","cb.en.u4eee19109@cb.students.amrita.edu","EEE","B","2023","7.4","1","Placed"
"CB.EN.U4EEE19110","Ishaan Nair","cb.en.u4eee19110@cb.students.amrita.edu","EEE","B","2023","6.96","1","Not Placed"
"CB.EN.U4EEE19111","Pooja Verma","cb.en.u4eee19111@cb.students.amrita.edu","EEE","B","2023","9.66","0","Not Placed"
"CB.EN.U4EEE19112","Karthik Pillai","cb.en.u4eee19112@cb.students.amrita.edu","EEE","B","2023","8.58","0","Placed"
"CB.EN.U4EEE19113","Ananya Raman","cb.en.u4eee19113@cb.students.amrita.edu","EEE","B","2023","9.14","1","Not Placed"
"CB.EN.U4EEE19114","Harish Pillai","cb.en.u4eee19114@cb.students.amrita.edu","EEE","B","2023","8.57","0","Placed"
"CB.EN.U4EEE19115","Janani Sharma","cb.en.u4eee19115@cb.students.amrita.edu","EEE","B","2023","6.49","1","Placed"
"CB.EN.U4EEE19116","Varun Nagarajan","cb.en.u4eee19116@cb.students.amrita.edu","EEE","B","2023","7.56","0","Placed"
"CB.EN.U4EEE19117","Varun Shetty","cb.en.u4eee19117@cb.students.amrita.edu","EEE","B","2023","8.55","1","Not Placed"
"CB.EN.U4EEE19118","Ishaan Pillai","cb.en.u4eee19118@cb.students.amrita.edu","EEE","B","2023","7.3","2","Not Placed"
"CB.EN.U4EEE19119","Sanjay Nagarajan","cb.en.u4eee19119@cb.students.amrita.edu","EEE","B","2023","6.05","0","Placed"
"CB.EN.U4EEE19120","Aditya Verma","cb.en.u4eee19120@cb.students.amrita.edu","EEE","B","2023","8.8","1","Not Placed"
"CB.EN.U4EEE19121","Surya Kulkarni","cb.en.u4eee19121@cb.students.amrita.edu","EEE","B","2023","9.44","0","Not Placed"
"CB.EN.U4EEE19122","Aarav Sharma","cb.en.u4eee19122@cb.students.amrita.edu","EEE","B","2023","8.06","2","Placed"
"CB.EN.U4EEE19123","Meera Bose","cb.en.u4eee19123@cb.students.amrita.edu","EEE","B","2023","7.13","2","Placed"
"CB.EN.U4EEE19124","Harish Nair","cb.en.u4eee19124@cb.students.amrita.edu","EEE","B","2023","8.07","1","Not Placed"
"CB.EN.U4EEE19125","Janani Pillai","cb.en.u4eee19125@cb.students.amrita.edu","EEE","B","2023","7.51","0","Not Placed"
"CB.EN.U4EEE19126","Ishaan Joshi","cb.en.u4eee19126@cb.students.amrita.edu","EEE","B","2023","7.38","1","Not Placed"
"CB.EN.U4EEE19127","Ananya Kulkarni","cb.en.u4eee19127@cb.students.amrita.edu","EEE","B","2023","9.1","1","Not Placed"
"CB.EN.U4EEE19128","Ananya Raman","cb.en.u4eee19128@cb.students.amrita.edu","EEE","B","2023","8.66","2","Placed"
"CB.EN.U4EEE19129","Rahul Menon","cb.en.u4eee19129@cb.students.amrita.edu","EEE","B","2023","7.87","2","Placed"
"CB.EN.U4EEE19130","Anirudh Pillai","cb.en.u4eee19130@cb.students.amrita.edu","EEE","B","2023","9.39","0","Not Placed"
"CB.EN.U4EEE19131","Varun Gupta","cb.en.u4eee19131@cb.students.amrita.edu","EEE","B","2023","9.1","2","Not Placed"
"CB.EN.U4EEE19132","Sneha Iyer","cb.en.u4eee19132@cb.students.amrita.edu","EEE","B","2023","6.77","0","Not Placed"
"CB.EN.U4EEE19133","Akash Gupta","cb.en.u4eee19133@cb.students.amrita.edu","EEE","B","2023","9.68","1","Not Placed"
"CB.EN.U4EEE19134","Rahul Joshi","cb.en.u4eee19134@cb.students.amrita.edu","EEE","B","2023","7.45","1","Not Placed"
"CB.EN.U4EEE19135","Zara Kapoor","cb.en.u4eee19135@cb.students.amrita.edu","EEE","B","2023","9.41","2","Placed"
"CB.EN.U4EEE19136","Rahul Krishnan","cb.en.u4eee19136@cb.students.amrita.edu","EEE","B","2023","6.47","1","Not Placed"
"CB.EN.U4EEE19137","Aishwarya Shetty","cb.en.u4eee19137@cb.students.amrita.edu","EEE","B","2023","9.42","1","Placed"
"CB.EN.U4EEE19138","Janani Nagarajan","cb.en.u4eee19138@cb.students.amrita.edu","EEE","B","2023","8.07","1","Placed"
"CB.EN.U4EEE19139","Vikram Mishra","cb.en.u4eee19139@cb.students.amrita.edu","EEE","B","2023","7.8","2","Not Placed"
"CB.EN.U4EEE19140","Varun Krishnan","cb.en.u4eee19140@cb.students.amrita.edu","EEE","B","2023","6.78","1","Not Placed"
"CB.EN.U4EEE19141","Sneha Pillai","cb.en.u4eee19141@cb.students.amrita.edu","EEE","B","2023","9.88","1","Placed"
"CB.EN.U4EEE19142","Arjun Mishra","cb.en.u4eee19142@cb.students.amrita.edu","EEE","B","2023","6.98","1","Not Placed"
"CB.EN.U4EEE19143","Yash Patel","cb.en.u4eee19143@cb.students.amrita.edu","EEE","B","2023","9.79","0","Placed"
"CB.EN.U4EEE19144","Ananya Mishra","cb.en.u4eee19144@cb.students.amrita.edu","EEE","B","2023","9.08","0","Not Placed"
"CB.EN.U4EEE19145","Lakshmi Verma","cb.en.u4eee19145@cb.students.amrita.edu","EEE","B","2023","8.66","0","Not Placed"
"CB.EN.U4EEE19146","Karthik Kapoor","cb.en.u4eee19146@cb.students.amrita.edu","EEE","B","2023","6.24","1","Placed"
"CB.EN.U4EEE19147","Sanjay Kulkarni","cb.en.u4eee19147@cb.students.amrita.edu","EEE","B","2023","8.09","2","Not Placed"
"CB.EN.U4EEE19148","Arya Bose","cb.en.u4eee19148@cb.students.amrita.edu","EEE","B","2023","6.52","2","Placed"
"CB.EN.U4EEE19149","Aarav Kulkarni","cb.en.u4eee19149@cb.students.amrita.edu","EEE","B","2023","6.71","1","Placed"
"CB.EN.U4EEE19150","Ishaan Kulkarni","cb.en.u4eee19150@cb.students.amrita.edu","EEE","B","2023","6.32","0","Not Placed"
"CB.EN.U4EEE19151","Akash Shetty","cb.en.u4eee19151@cb.students.amrita.edu","EEE","B","2023","8.18","0","Not Placed"
"CB.EN.U4EEE19152","Sneha Iyer","cb.en.u4eee19152@cb.students.amrita.edu","EEE","B","2023","6.01","0","Placed"
"CB.EN.U4EEE19153","Yash Menon","cb.en.u4eee19153@cb.students.amrita.edu","EEE","B","2023","8.94","1","Not Placed"
"CB.EN.U4EEE19154","Arya Kulkarni","cb.en.u4eee19154@cb.students.amrita.edu","EEE","B","2023","8.83","2","Not Placed"
"CB.EN.U4EEE19155","Rahul Raman","cb.en.u4eee19155@cb.students.amrita.edu","EEE","B","2023","7.06","1","Placed"
"CB.EN.U4EEE19156","Varun Nair","cb.en.u4eee19156@cb.students.amrita.edu","EEE","B","2023","8.42","2","Not Placed"
"CB.EN.U4EEE19157","Vikram Mishra","cb.en.u4eee19157@cb.students.amrita.edu","EEE","B","2023","6.37","1","Placed"
"CB.EN.U4EEE19158","Aarav Verma","cb.en.u4eee19158@cb.students.amrita.edu","EEE","B","2023","8.66","1","Placed"
"CB.EN.U4EEE19159","Aishwarya Menon","cb.en.u4eee19159@cb.students.amrita.edu","EEE","B","2023","8.94","0","Placed"
"CB.EN.U4EEE19160","Karthik Krishnan","cb.en.u4eee19160@cb.students.amrita.edu","EEE","B","2023","6.67","2","Placed"
"CB.EN.U4EEE19201","Surya Das","cb.en.u4eee19201@cb.students.amrita.edu","EEE","C","2023","6.28","2","Not Placed"
"CB.EN.U4EEE19202","Anirudh Das","cb.en.u4eee19202@cb.students.amrita.edu","EEE","C","2023","9.21","0","Not Placed"
"CB.EN.U4EEE19203","Pooja Bose","cb.en.u4eee19203@cb.students.amrita.edu","EEE","C","2023","6.12","0","Placed"
"CB.EN.U4EEE19204","Pooja Nair","cb.en.u4eee19204@cb.students.amrita.edu","EEE","C","2023","9.1","0","Placed"
"CB.EN.U4EEE19205","Sneha Kapoor","cb.en.u4eee19205@cb.students.amrita.edu","EEE","C","2023","9.7","2","Not Placed"
"CB.EN.U4EEE19206","Yash Nagarajan","cb.en.u4eee19206@cb.students.amrita.edu","EEE","C","2023","8.81","0","Not Placed"
"CB.EN.U4EEE19207","Zara Sharma","cb.en.u4eee19207@cb.students.amrita.edu","EEE","C","2023","8.62","1","Not Placed"
"CB.EN.U4EEE19208","Surya Shetty","cb.en.u4eee19208@cb.students.amrita.edu","EEE","C","2023","9.37","0","Placed"
"CB.EN.U4EEE19209","Anirudh Menon","cb.en.u4eee19209@cb.students.amrita.edu","EEE","C","2023","7.21","1","Not Placed"
"CB.EN.U4EEE19210","Janani Bose","cb.en.u4eee19210@cb.students.amrita.edu","EEE","C","2023","9.71","0","Not Placed"
"CB.EN.U4EEE19211","Janani Reddy","cb.en.u4eee19211@cb.students.amrita.edu","EEE","C","2023","7.17","2","Not Placed"
"CB.EN.U4EEE19212","Yash Patel","cb.en.u4eee19212@cb.students.amrita.edu","EEE","C","2023","8.2","0","Not Placed"
"CB.EN.U4EEE19213","Surya Joshi","cb.en.u4eee19213@cb.students.amrita.edu","EEE","C","2023","6.29","0","Placed"
"CB.EN.U4EEE19214","Aditya Krishnan","cb.en.u4eee19214@cb.students.amrita.edu","EEE","C","2023","8.64","0","Not Placed"
"CB.EN.U4EEE19215","Riya Pillai","cb.en.u4eee19215@cb.students.amrita.edu","EEE","C","2023","7.06","2","Not Placed"
"CB.EN.U4EEE19216","Arya Reddy","cb.en.u4eee19216@cb.students.amrita.edu","EEE","C","2023","9.23","2","Placed"
"CB.EN.U4EEE19217","Aditya Kapoor","cb.en.u4eee19217@cb.students.amrita.edu","EEE","C","2023","6.69","0","Not Placed"
"CB.EN.U4EEE19218","Lakshmi Pillai","cb.en.u4eee19218@cb.students.amrita.edu","EEE","C","2023","8.84","1","Placed"
"CB.EN.U4EEE19219","Zara Sharma","cb.en.u4eee19219@cb.students.amrita.edu","EEE","C","2023","9.53","2","Placed"
"CB.EN.U4EEE19220","Aishwarya Verma","cb.en.u4eee19220@cb.students.amrita.edu","EEE","C","2023","8.21","1","Placed"
"CB.EN.U4EEE19221","Nikhil Das","cb.en.u4eee19221@cb.students.amrita.edu","EEE","C","2023","8.7","1","Not Placed"
"CB.EN.U4EEE19222","Janani Kapoor","cb.en.u4eee19222@cb.students.amrita.edu","EEE","C","2023","8.56","1","Placed"
"CB.EN.U4EEE19223","Charan Krishnan","cb.en.u4eee19223@cb.students.amrita.edu","EEE","C","2023","6.06","1","Not Placed"
"CB.EN.U4EEE19224","Arjun Bose","cb.en.u4eee19224@cb.students.amrita.edu","EEE","C","2023","8.76","1","Not Placed"
"CB.EN.U4EEE19225","Tanvi Gupta","cb.en.u4eee19225@cb.students.amrita.edu","EEE","C","2023","8.91","1","Not Placed"
"CB.EN.U4EEE19226","Yash Chatterjee","cb.en.u4eee19226@cb.students.amrita.edu","EEE","C","2023","6.29","0","Not Placed"
"CB.EN.U4EEE19227","Harish Reddy","cb.en.u4eee19227@cb.students.amrita.edu","EEE","C","2023","7.21","0","Not Placed"
"CB.EN.U4EEE19228","Nikhil Pillai","cb.en.u4eee19228@cb.students.amrita.edu","EEE","C","2023","6.46","0","Not Placed"
"CB.EN.U4EEE19229","Aarav Sharma","cb.en.u4eee19229@cb.students.amrita.edu","EEE","C","2023","7.14","2","Placed"
"CB.EN.U4EEE19230","Rahul Chatterjee","cb.en.u4eee19230@cb.students.amrita.edu","EEE","C","2023","8.38","2","Placed"
"CB.EN.U4EEE19231","Tanvi Kapoor","cb.en.u4eee19231@cb.students.amrita.edu","EEE","C","2023","8.08","2","Not Placed"
"CB.EN.U4EEE19232","Ananya Sharma","cb.en.u4eee19232@cb.students.amrita.edu","EEE","C","2023","8.68","1","Not Placed"
"CB.EN.U4EEE19233","Ananya Raman","cb.en.u4eee19233@cb.students.amrita.edu","EEE","C","2023","7.19","0","Placed"
"CB.EN.U4EEE19234","Ananya Iyer","cb.en.u4eee19234@cb.students.amrita.edu","EEE","C","2023","7.16","1","Not Placed"
"CB.EN.U4EEE19235","Nikhil Chatterjee","cb.en.u4eee19235@cb.students.amrita.edu","EEE","C","2023","6.92","2","Not Placed"
"CB.EN.U4EEE19236","Pooja Pillai","cb.en.u4eee19236@cb.students.amrita.edu","EEE","C","2023","6.67","0","Placed"
"CB.EN.U4EEE19237","Lakshmi Joshi","cb.en.u4eee19237@cb.students.amrita.edu","EEE","C","2023","9.56","2","Placed"
"CB.EN.U4EEE19238","Aditya Shetty","cb.en.u4eee19238@cb.students.amrita.edu","EEE","C","2023","6.92","2","Not Placed"
"CB.EN.U4EEE19239","Charan Verma","cb.en.u4eee19239@cb.students.amrita.edu","EEE","C","2023","7.41","0","Placed"
"CB.EN.U4EEE19240","Harish Raman","cb.en.u4eee19240@cb.students.amrita.edu","EEE","C","2023","8.33","0","Not Placed"
"CB.EN.U4EEE19241","Surya Das","cb.en.u4eee19241@cb.students.amrita.edu","EEE","C","2023","7.64","2","Placed"
"CB.EN.U4EEE19242","Surya Pillai","cb.en.u4eee19242@cb.students.amrita.edu","EEE","C","2023","7.79","1","Placed"
"CB.EN.U4EEE19243","Bhavya Mishra","cb.en.u4eee19243@cb.students.amrita.edu","EEE","C","2023","7.66","0","Not Placed"
"CB.EN.U4EEE19244","Nikhil Chatterjee","cb.en.u4eee19244@cb.students.amrita.edu","EEE","C","2023","8.87","1","Not Placed"
"CB.EN.U4EEE19245","Arjun Mishra","cb.en.u4eee19245@cb.students.amrita.edu","EEE","C","2023","8.37","1","Not Placed"
"CB.EN.U4EEE19246","Bhavya Mishra","cb.en.u4eee19246@cb.students.amrita.edu","EEE","C","2023","8.39","1","Not Placed"
"CB.EN.U4EEE19247","Keerthana Kulkarni","cb.en.u4eee19247@cb.students.amrita.edu","EEE","C","2023","6.11","2","Not Placed"
"CB.EN.U4EEE19248","Riya Pillai","cb.en.u4eee19248@cb.students.amrita.edu","EEE","C","2023","9.43","2","Not Placed"
"CB.EN.U4EEE19249","Vikram Chatterjee","cb.en.u4eee19249@cb.students.amrita.edu","EEE","C","2023","9.55","0","Not Placed"
"CB.EN.U4EEE19250","Nikhil Joshi","cb.en.u4eee19250@cb.students.amrita.edu","EEE","C","2023","9.75","1","Placed"
"CB.EN.U4EEE19251","Rahul Nair","cb.en.u4eee19251@cb.students.amrita.edu","EEE","C","2023","8.9","1","Placed"
"CB.EN.U4EEE19252","Varun Shetty","cb.en.u4eee19252@cb.students.amrita.edu","EEE","C","2023","6.92","2","Not Placed"
"CB.EN.U4EEE19253","Harish Bose","cb.en.u4eee19253@cb.students.amrita.edu","EEE","C","2023","8.61","0","Not Placed"
"CB.EN.U4EEE19254","Ananya Shetty","cb.en.u4eee19254@cb.students.amrita.edu","EEE","C","2023","8.16","1","Placed"
"CB.EN.U4EEE19255","Keerthana Joshi","cb.en.u4eee19255@cb.students.amrita.edu","EEE","C","2023","9.11","0","Placed"
"CB.EN.U4EEE19256","Nikhil Gupta","cb.en.u4eee19256@cb.students.amrita.edu","EEE","C","2023","8.48","0","Not Placed"
"CB.EN.U4EEE19257","Anirudh Raman","cb.en.u4eee19257@cb.students.amrita.edu","EEE","C","2023","7.08","0","Placed"
"CB.EN.U4EEE19258","Anirudh Kulkarni","cb.en.u4eee19258@cb.students.amrita.edu","EEE","C","2023","6.65","0","Placed"
"CB.EN.U4EEE19259","Keerthana Kapoor","cb.en.u4eee19259@cb.students.amrita.edu","EEE","C","2023","7.71","2","Placed"
"CB.EN.U4EEE19260","Surya Nair","cb.en.u4eee19260@cb.students.amrita.edu","EEE","C","2023","9.59","0","Placed"
"CB.EN.U4EEE19301","Vikram Shetty","cb.en.u4eee19301@cb.students.amrita.edu","EEE","D","2023","9.85","2","Placed"
"CB.EN.U4EEE19302","Charan Raman","cb.en.u4eee19302@cb.students.amrita.edu","EEE","D","2023","7.9","2","Placed"
"CB.EN.U4EEE19303","Sneha Bose","cb.en.u4eee19303@cb.students.amrita.edu","EEE","D","2023","8.36","1","Not Placed"
"CB.EN.U4EEE19304","Keerthana Patel","cb.en.u4eee19304@cb.students.amrita.edu","EEE","D","2023","9.89","2","Placed"
"CB.EN.U4EEE19305","Aditya Gupta","cb.en.u4eee19305@cb.students.amrita.edu","EEE","D","2023","6.8","1","Placed"
"CB.EN.U4EEE19306","Tanvi Bose","cb.en.u4eee19306@cb.students.amrita.edu","EEE","D","2023","7.52","1","Not Placed"
"CB.EN.U4EEE19307","Sanjay Menon","cb.en.u4eee19307@cb.students.amrita.edu","EEE","D","2023","6.27","1","Not Placed"
"CB.EN.U4EEE19308","Charan Pillai","cb.en.u4eee19308@cb.students.amrita.edu","EEE","D","2023","8","0","Not Placed"
"CB.EN.U4EEE19309","Janani Reddy","cb.en.u4eee19309@cb.students.amrita.edu","EEE","D","2023","9.51","1","Not Placed"
"CB.EN.U4EEE19310","Arjun Pillai","cb.en.u4eee19310@cb.students.amrita.edu","EEE","D","2023","7.24","2","Not Placed"
"CB.EN.U4EEE19311","Anirudh Gupta","cb.en.u4eee19311@cb.students.amrita.edu","EEE","D","2023","6.08","1","Placed"
"CB.EN.U4EEE19312","Varun Nair","cb.en.u4eee19312@cb.students.amrita.edu","EEE","D","2023","8.13","2","Placed"
"CB.EN.U4EEE19313","Diya Reddy","cb.en.u4eee19313@cb.students.amrita.edu","EEE","D","2023","7.78","0","Placed"
"CB.EN.U4EEE19314","Tanvi Das","cb.en.u4eee19314@cb.students.amrita.edu","EEE","D","2023","7.02","1","Placed"
"CB.EN.U4EEE19315","Pooja Kapoor","cb.en.u4eee19315@cb.students.amrita.edu","EEE","D","2023","7.82","2","Not Placed"
"CB.EN.U4EEE19316","Ananya Menon","cb.en.u4eee19316@cb.students.amrita.edu","EEE","D","2023","7.34","2","Placed"
"CB.EN.U4EEE19317","Diya Gupta","cb.en.u4eee19317@cb.students.amrita.edu","EEE","D","2023","9.87","1","Placed"
"CB.EN.U4EEE19318","Rahul Patel","cb.en.u4eee19318@cb.students.amrita.edu","EEE","D","2023","8.2","1","Not Placed"
"CB.EN.U4EEE19319","Akash Nagarajan","cb.en.u4eee19319@cb.students.amrita.edu","EEE","D","2023","8.17","0","Placed"
"CB.EN.U4EEE19320","Arya Verma","cb.en.u4eee19320@cb.students.amrita.edu","EEE","D","2023","6.83","1","Placed"
"CB.EN.U4EEE19321","Diya Patel","cb.en.u4eee19321@cb.students.amrita.edu","EEE","D","2023","9.43","2","Placed"
"CB.EN.U4EEE19322","Diya Kapoor","cb.en.u4eee19322@cb.students.amrita.edu","EEE","D","2023","8.86","1","Placed"
"CB.EN.U4EEE19323","Arjun Kulkarni","cb.en.u4eee19323@cb.students.amrita.edu","EEE","D","2023","8.82","0","Placed"
"CB.EN.U4EEE19324","Varun Nair","cb.en.u4eee19324@cb.students.amrita.edu","EEE","D","2023","7.78","2","Placed"
"CB.EN.U4EEE19325","Ishaan Shetty","cb.en.u4eee19325@cb.students.amrita.edu","EEE","D","2023","6.11","0","Not Placed"
"CB.EN.U4EEE19326","Surya Krishnan","cb.en.u4eee19326@cb.students.amrita.edu","EEE","D","2023","9.76","2","Not Placed"
"CB.EN.U4EEE19327","Aditya Shetty","cb.en.u4eee19327@cb.students.amrita.edu","EEE","D","2023","9.36","0","Placed"
"CB.EN.U4EEE19328","Bhavya Chatterjee","cb.en.u4eee19328@cb.students.amrita.edu","EEE","D","2023","7.84","1","Not Placed"
"CB.EN.U4EEE19329","Arya Pillai","cb.en.u4eee19329@cb.students.amrita.edu","EEE","D","2023","6.97","1","Placed"
"CB.EN.U4EEE19330","Arjun Patel","cb.en.u4eee19330@cb.students.amrita.edu","EEE","D","2023","8.64","2","Not Placed"
"CB.EN.U4EEE19331","Janani Sharma","cb.en.u4eee19331@cb.students.amrita.edu","EEE","D","2023","9.46","2","Placed"
"CB.EN.U4EEE19332","Nikhil Sharma","cb.en.u4eee19332@cb.students.amrita.edu","EEE","D","2023","9.43","1","Not Placed"
"CB.EN.U4EEE19333","Rahul Reddy","cb.en.u4eee19333@cb.students.amrita.edu","EEE","D","2023","7.42","1","Not Placed"
"CB.EN.U4EEE19334","Charan Gupta","cb.en.u4eee19334@cb.students.amrita.edu","EEE","D","2023","9.33","2","Placed"
"CB.EN.U4EEE19335","Tanvi Krishnan","cb.en.u4eee19335@cb.students.amrita.edu","EEE","D","2023","6.21","1","Not Placed"
"CB.EN.U4EEE19336","Nikhil Gupta","cb.en.u4eee19336@cb.students.amrita.edu","EEE","D","2023","6.32","1","Placed"
"CB.EN.U4EEE19337","Aarav Joshi","cb.en.u4eee19337@cb.students.amrita.edu","EEE","D","2023","9.8","1","Not Placed"
"CB.EN.U4EEE19338","Lakshmi Mishra","cb.en.u4eee19338@cb.students.amrita.edu","EEE","D","2023","7.86","2","Placed"
"CB.EN.U4EEE19339","Pooja Joshi","cb.en.u4eee19339@cb.students.amrita.edu","EEE","D","2023","7.74","0","Not Placed"
"CB.EN.U4EEE19340","Akash Joshi","cb.en.u4eee19340@cb.students.amrita.edu","EEE","D","2023","6.45","0","Placed"
"CB.EN.U4EEE19341","Rahul Iyer","cb.en.u4eee19341@cb.students.amrita.edu","EEE","D","2023","9.58","1","Not Placed"
"CB.EN.U4EEE19342","Sneha Kulkarni","cb.en.u4eee19342@cb.students.amrita.edu","EEE","D","2023","7.61","0","Not Placed"
"CB.EN.U4EEE19343","Charan Iyer","cb.en.u4eee19343@cb.students.amrita.edu","EEE","D","2023","6.41","0","Placed"
"CB.EN.U4EEE19344","Charan Krishnan","cb.en.u4eee19344@cb.students.amrita.edu","EEE","D","2023","8.65","0","Not Placed"
"CB.EN.U4EEE19345","Janani Nair","cb.en.u4eee19345@cb.students.amrita.edu","EEE","D","2023","7.09","1","Not Placed"
"CB.EN.U4EEE19346","Meera Joshi","cb.en.u4eee19346@cb.students.amrita.edu","EEE","D","2023","8.1","2","Not Placed"
"CB.EN.U4EEE19347","Riya Reddy","cb.en.u4eee19347@cb.students.amrita.edu","EEE","D","2023","8.6","0","Placed"
"CB.EN.U4EEE19348","Diya Bose","cb.en.u4eee19348@cb.students.amrita.edu","EEE","D","2023","6.29","2","Not Placed"
"CB.EN.U4EEE19349","Yash Nagarajan","cb.en.u4eee19349@cb.students.amrita.edu","EEE","D","2023","7.31","0","Not Placed"
"CB.EN.U4EEE19350","Janani Bose","cb.en.u4eee19350@cb.students.amrita.edu","EEE","D","2023","6.08","1","Not Placed"
"CB.EN.U4EEE19351","Riya Verma","cb.en.u4eee19351@cb.students.amrita.edu","EEE","D","2023","9.39","1","Not Placed"
"CB.EN.U4EEE19352","Anirudh Joshi","cb.en.u4eee19352@cb.students.amrita.edu","EEE","D","2023","8.43","2","Placed"
"CB.EN.U4EEE19353","Lakshmi Kulkarni","cb.en.u4eee19353@cb.students.amrita.edu","EEE","D","2023","8.71","2","Placed"
"CB.EN.U4EEE19354","Arya Chatterjee","cb.en.u4eee19354@cb.students.amrita.edu","EEE","D","2023","6.89","1","Placed"
"CB.EN.U4EEE19355","Harish Mishra","cb.en.u4eee19355@cb.students.amrita.edu","EEE","D","2023","6.56","1","Not Placed"
"CB.EN.U4EEE19356","Riya Patel","cb.en.u4eee19356@cb.students.amrita.edu","EEE","D","2023","7.49","0","Placed"
"CB.EN.U4EEE19357","Vikram Nagarajan","cb.en.u4eee19357@cb.students.amrita.edu","EEE","D","2023","6.56","1","Placed"
"CB.EN.U4EEE19358","Nikhil Raman","cb.en.u4eee19358@cb.students.amrita.edu","EEE","D","2023","9.14","2","Placed"
"CB.EN.U4EEE19359","Akash Menon","cb.en.u4eee19359@cb.students.amrita.edu","EEE","D","2023","6.4","0","Not Placed"
"CB.EN.U4EEE19360","Aarav Kulkarni","cb.en.u4eee19360@cb.students.amrita.edu","EEE","D","2023","6","0","Not Placed"
"CB.EN.U4EEE19401","Janani Das","cb.en.u4eee19401@cb.students.amrita.edu","EEE","E","2023","6.46","2","Placed"
"CB.EN.U4EEE19402","Zara Reddy","cb.en.u4eee19402@cb.students.amrita.edu","EEE","E","2023","9.2","0","Not Placed"
"CB.EN.U4EEE19403","Arya Pillai","cb.en.u4eee19403@cb.students.amrita.edu","EEE","E","2023","9.54","1","Placed"
"CB.EN.U4EEE19404","Vikram Kulkarni","cb.en.u4eee19404@cb.students.amrita.edu","EEE","E","2023","6.93","0","Not Placed"
"CB.EN.U4EEE19405","Sneha Menon","cb.en.u4eee19405@cb.students.amrita.edu","EEE","E","2023","6.17","2","Placed"
"CB.EN.U4EEE19406","Rahul Shetty","cb.en.u4eee19406@cb.students.amrita.edu","EEE","E","2023","9.23","0","Placed"
"CB.EN.U4EEE19407","Surya Verma","cb.en.u4eee19407@cb.students.amrita.edu","EEE","E","2023","9.79","2","Not Placed"
"CB.EN.U4EEE19408","Zara Kapoor","cb.en.u4eee19408@cb.students.amrita.edu","EEE","E","2023","6.53","1","Not Placed"
"CB.EN.U4EEE19409","Diya Shetty","cb.en.u4eee19409@cb.students.amrita.edu","EEE","E","2023","6.43","2","Placed"
"CB.EN.U4EEE19410","Akash Joshi","cb.en.u4eee19410@cb.students.amrita.edu","EEE","E","2023","7.58","1","Not Placed"
"CB.EN.U4EEE19411","Zara Krishnan","cb.en.u4eee19411@cb.students.amrita.edu","EEE","E","2023","9.17","2","Not Placed"
"CB.EN.U4EEE19412","Ishaan Verma","cb.en.u4eee19412@cb.students.amrita.edu","EEE","E","2023","8.64","0","Placed"
"CB.EN.U4EEE19413","Meera Gupta","cb.en.u4eee19413@cb.students.amrita.edu","EEE","E","2023","6.57","0","Placed"
"CB.EN.U4EEE19414","Tanvi Sharma","cb.en.u4eee19414@cb.students.amrita.edu","EEE","E","2023","8.88","2","Placed"
"CB.EN.U4EEE19415","Sneha Krishnan","cb.en.u4eee19415@cb.students.amrita.edu","EEE","E","2023","8.78","1","Not Placed"
"CB.EN.U4EEE19416","Nikhil Reddy","cb.en.u4eee19416@cb.students.amrita.edu","EEE","E","2023","9.44","0","Placed"
"CB.EN.U4EEE19417","Nikhil Das","cb.en.u4eee19417@cb.students.amrita.edu","EEE","E","2023","8.23","2","Placed"
"CB.EN.U4EEE19418","Ishaan Verma","cb.en.u4eee19418@cb.students.amrita.edu","EEE","E","2023","8.71","2","Placed"
"CB.EN.U4EEE19419","Arjun Das","cb.en.u4eee19419@cb.students.amrita.edu","EEE","E","2023","8.37","0","Not Placed"
"CB.EN.U4EEE19420","Meera Shetty","cb.en.u4eee19420@cb.students.amrita.edu","EEE","E","2023","8.98","1","Placed"
"CB.EN.U4EEE19421","Ishaan Nagarajan","cb.en.u4eee19421@cb.students.amrita.edu","EEE","E","2023","8.54","0","Placed"
"CB.EN.U4EEE19422","Lakshmi Verma","cb.en.u4eee19422@cb.students.amrita.edu","EEE","E","2023","9.61","1","Not Placed"
"CB.EN.U4EEE19423","Tanvi Gupta","cb.en.u4eee19423@cb.students.amrita.edu","EEE","E","2023","9.22","1","Not Placed"
"CB.EN.U4EEE19424","Riya Das","cb.en.u4eee19424@cb.students.amrita.edu","EEE","E","2023","8.56","0","Placed"
"CB.EN.U4EEE19425","Surya Mishra","cb.en.u4eee19425@cb.students.amrita.edu","EEE","E","2023","9.38","1","Placed"
"CB.EN.U4EEE19426","Aditya Kulkarni","cb.en.u4eee19426@cb.students.amrita.edu","EEE","E","2023","6.11","2","Placed"
"CB.EN.U4EEE19427","Akash Krishnan","cb.en.u4eee19427@cb.students.amrita.edu","EEE","E","2023","7.78","2","Not Placed"
"CB.EN.U4EEE19428","Charan Shetty","cb.en.u4eee19428@cb.students.amrita.edu","EEE","E","2023","8.15","2","Not Placed"
"CB.EN.U4EEE19429","Ishaan Krishnan","cb.en.u4eee19429@cb.students.amrita.edu","EEE","E","2023","6.63","0","Placed"
"CB.EN.U4EEE19430","Lakshmi Joshi","cb.en.u4eee19430@cb.students.amrita.edu","EEE","E","2023","6.62","1","Not Placed"
"CB.EN.U4EEE19431","Aarav Shetty","cb.en.u4eee19431@cb.students.amrita.edu","EEE","E","2023","8.74","1","Placed"
"CB.EN.U4EEE19432","Meera Iyer","cb.en.u4eee19432@cb.students.amrita.edu","EEE","E","2023","8.21","2","Placed"
"CB.EN.U4EEE19433","Janani Gupta","cb.en.u4eee19433@cb.students.amrita.edu","EEE","E","2023","8.34","0","Placed"
"CB.EN.U4EEE19434","Rahul Sharma","cb.en.u4eee19434@cb.students.amrita.edu","EEE","E","2023","9.74","1","Not Placed"
"CB.EN.U4EEE19435","Varun Sharma","cb.en.u4eee19435@cb.students.amrita.edu","EEE","E","2023","8.36","0","Placed"
"CB.EN.U4EEE19436","Sanjay Iyer","cb.en.u4eee19436@cb.students.amrita.edu","EEE","E","2023","9.05","0","Placed"
"CB.EN.U4EEE19437","Akash Reddy","cb.en.u4eee19437@cb.students.amrita.edu","EEE","E","2023","9.85","1","Placed"
"CB.EN.U4EEE19438","Sneha Patel","cb.en.u4eee19438@cb.students.amrita.edu","EEE","E","2023","8.21","1","Not Placed"
"CB.EN.U4EEE19439","Ananya Iyer","cb.en.u4eee19439@cb.students.amrita.edu","EEE","E","2023","7.69","0","Not Placed"
"CB.EN.U4EEE19440","Harish Menon","cb.en.u4eee19440@cb.students.amrita.edu","EEE","E","2023","9.23","0","Placed"
"CB.EN.U4EEE19441","Meera Das","cb.en.u4eee19441@cb.students.amrita.edu","EEE","E","2023","8.74","0","Not Placed"
"CB.EN.U4EEE19442","Harish Chatterjee","cb.en.u4eee19442@cb.students.amrita.edu","EEE","E","2023","6.48","1","Not Placed"
"CB.EN.U4EEE19443","Varun Reddy","cb.en.u4eee19443@cb.students.amrita.edu","EEE","E","2023","9.88","2","Not Placed"
"CB.EN.U4EEE19444","Aarav Kapoor","cb.en.u4eee19444@cb.students.amrita.edu","EEE","E","2023","6.77","0","Placed"
"CB.EN.U4EEE19445","Harish Gupta","cb.en.u4eee19445@cb.students.amrita.edu","EEE","E","2023","7","2","Not Placed"
"CB.EN.U4EEE19446","Arjun Reddy","cb.en.u4eee19446@cb.students.amrita.edu","EEE","E","2023","9.4","0","Placed"
"CB.EN.U4EEE19447","Keerthana Reddy","cb.en.u4eee19447@cb.students.amrita.edu","EEE","E","2023","6.43","0","Not Placed"
"CB.EN.U4EEE19448","Aarav Bose","cb.en.u4eee19448@cb.students.amrita.edu","EEE","E","2023","7.66","2","Placed"
"CB.EN.U4EEE19449","Yash Sharma","cb.en.u4eee19449@cb.students.amrita.edu","EEE","E","2023","9.9","2","Not Placed"
"CB.EN.U4EEE19450","Janani Krishnan","cb.en.u4eee19450@cb.students.amrita.edu","EEE","E","2023","7.99","0","Not Placed"
"CB.EN.U4EEE19451","Akash Verma","cb.en.u4eee19451@cb.students.amrita.edu","EEE","E","2023","9.01","0","Not Placed"
"CB.EN.U4EEE19452","Yash Mishra","cb.en.u4eee19452@cb.students.amrita.edu","EEE","E","2023","8.17","1","Placed"
"CB.EN.U4EEE19453","Ishaan Bose","cb.en.u4eee19453@cb.students.amrita.edu","EEE","E","2023","8.71","2","Not Placed"
"CB.EN.U4EEE19454","Pooja Bose","cb.en.u4eee19454@cb.students.amrita.edu","EEE","E","2023","6.98","0","Placed"
"CB.EN.U4EEE19455","Yash Menon","cb.en.u4eee19455@cb.students.amrita.edu","EEE","E","2023","7.28","0","Not Placed"
"CB.EN.U4EEE19456","Aishwarya Raman","cb.en.u4eee19456@cb.students.amrita.edu","EEE","E","2023","6.89","0","Placed"
"CB.EN.U4EEE19457","Janani Iyer","cb.en.u4eee19457@cb.students.amrita.edu","EEE","E","2023","6.09","2","Placed"
"CB.EN.U4EEE19458","Akash Kapoor","cb.en.u4eee19458@cb.students.amrita.edu","EEE","E","2023","9.03","1","Not Placed"
"CB.EN.U4EEE19459","Keerthana Chatterjee","cb.en.u4eee19459@cb.students.amrita.edu","EEE","E","2023","9.85","1","Placed"
"CB.EN.U4EEE19460","Surya Kulkarni","cb.en.u4eee19460@cb.students.amrita.edu","EEE","E","2023","9","1","Placed"
"CB.EN.U4ECE19001","Surya Kapoor","cb.en.u4ece19001@cb.students.amrita.edu","ECE","A","2023","7.85","2","Not Placed"
"CB.EN.U4ECE19002","Nikhil Verma","cb.en.u4ece19002@cb.students.amrita.edu","ECE","A","2023","7.6","0","Placed"
"CB.EN.U4ECE19003","Sanjay Menon","cb.en.u4ece19003@cb.students.amrita.edu","ECE","A","2023","7.84","1","Not Placed"
"CB.EN.U4ECE19004","Riya Kulkarni","cb.en.u4ece19004@cb.students.amrita.edu","ECE","A","2023","7.25","2","Not Placed"
"CB.EN.U4ECE19005","Tanvi Mishra","cb.en.u4ece19005@cb.students.amrita.edu","ECE","A","2023","6.01","0","Placed"
"CB.EN.U4ECE19006","Meera Krishnan","cb.en.u4ece19006@cb.students.amrita.edu","ECE","A","2023","7.41","1","Not Placed"
"CB.EN.U4ECE19007","Sneha Bose","cb.en.u4ece19007@cb.students.amrita.edu","ECE","A","2023","7.13","1","Placed"
"CB.EN.U4ECE19008","Sanjay Nagarajan","cb.en.u4ece19008@cb.students.amrita.edu","ECE","A","2023","8.01","2","Placed"
"CB.EN.U4ECE19009","Harish Krishnan","cb.en.u4ece19009@cb.students.amrita.edu","ECE","A","2023","8.63","0","Placed"
"CB.EN.U4ECE19010","Meera Nagarajan","cb.en.u4ece19010@cb.students.amrita.edu","ECE","A","2023","8.44","0","Not Placed"
"CB.EN.U4ECE19011","Pooja Nagarajan","cb.en.u4ece19011@cb.students.amrita.edu","ECE","A","2023","8.31","0","Placed"
"CB.EN.U4ECE19012","Aditya Reddy","cb.en.u4ece19012@cb.students.amrita.edu","ECE","A","2023","9.18","2","Not Placed"
"CB.EN.U4ECE19013","Riya Krishnan","cb.en.u4ece19013@cb.students.amrita.edu","ECE","A","2023","7.65","2","Placed"
"CB.EN.U4ECE19014","Rahul Patel","cb.en.u4ece19014@cb.students.amrita.edu","ECE","A","2023","9.03","1","Placed"
"CB.EN.U4ECE19015","Riya Krishnan","cb.en.u4ece19015@cb.students.amrita.edu","ECE","A","2023","7.13","2","Not Placed"
"CB.EN.U4ECE19016","Keerthana Reddy","cb.en.u4ece19016@cb.students.amrita.edu","ECE","A","2023","8.28","0","Placed"
"CB.EN.U4ECE19017","Riya Chatterjee","cb.en.u4ece19017@cb.students.amrita.edu","ECE","A","2023","6.15","2","Placed"
"CB.EN.U4ECE19018","Sneha Menon","cb.en.u4ece19018@cb.students.amrita.edu","ECE","A","2023","7.26","1","Placed"
"CB.EN.U4ECE19019","Janani Verma","cb.en.u4ece19019@cb.students.amrita.edu","ECE","A","2023","7.62","1","Placed"
"CB.EN.U4ECE19020","Ananya Sharma","cb.en.u4ece19020@cb.students.amrita.edu","ECE","A","2023","9.59","2","Not Placed"
"CB.EN.U4ECE19021","Pooja Verma","cb.en.u4ece19021@cb.students.amrita.edu","ECE","A","2023","8.57","0","Placed"
"CB.EN.U4ECE19022","Zara Pillai","cb.en.u4ece19022@cb.students.amrita.edu","ECE","A","2023","7.76","2","Not Placed"
"CB.EN.U4ECE19023","Surya Gupta","cb.en.u4ece19023@cb.students.amrita.edu","ECE","A","2023","8.33","2","Not Placed"
"CB.EN.U4ECE19024","Janani Patel","cb.en.u4ece19024@cb.students.amrita.edu","ECE","A","2023","6.21","0","Not Placed"
"CB.EN.U4ECE19025","Harish Pillai","cb.en.u4ece19025@cb.students.amrita.edu","ECE","A","2023","7.24","2","Placed"
"CB.EN.U4ECE19026","Janani Shetty","cb.en.u4ece19026@cb.students.amrita.edu","ECE","A","2023","6.14","0","Placed"
"CB.EN.U4ECE19027","Varun Chatterjee","cb.en.u4ece19027@cb.students.amrita.edu","ECE","A","2023","9.51","0","Not Placed"
"CB.EN.U4ECE19028","Bhavya Nair","cb.en.u4ece19028@cb.students.amrita.edu","ECE","A","2023","9.14","1","Placed"
"CB.EN.U4ECE19029","Aishwarya Mishra","cb.en.u4ece19029@cb.students.amrita.edu","ECE","A","2023","8.56","0","Not Placed"
"CB.EN.U4ECE19030","Janani Sharma","cb.en.u4ece19030@cb.students.amrita.edu","ECE","A","2023","9.81","2","Not Placed"
"CB.EN.U4ECE19031","Pooja Nair","cb.en.u4ece19031@cb.students.amrita.edu","ECE","A","2023","9.04","2","Not Placed"
"CB.EN.U4ECE19032","Arya Bose","cb.en.u4ece19032@cb.students.amrita.edu","ECE","A","2023","7.03","2","Placed"
"CB.EN.U4ECE19033","Aditya Reddy","cb.en.u4ece19033@cb.students.amrita.edu","ECE","A","2023","6.46","1","Not Placed"
"CB.EN.U4ECE19034","Nikhil Mishra","cb.en.u4ece19034@cb.students.amrita.edu","ECE","A","2023","8.25","2","Not Placed"
"CB.EN.U4ECE19035","Aarav Das","cb.en.u4ece19035@cb.students.amrita.edu","ECE","A","2023","8.37","0","Not Placed"
"CB.EN.U4ECE19036","Lakshmi Sharma","cb.en.u4ece19036@cb.students.amrita.edu","ECE","A","2023","6.83","2","Placed"
"CB.EN.U4ECE19037","Aditya Nagarajan","cb.en.u4ece19037@cb.students.amrita.edu","ECE","A","2023","6.49","1","Not Placed"
"CB.EN.U4ECE19038","Zara Mishra","cb.en.u4ece19038@cb.students.amrita.edu","ECE","A","2023","6.01","0","Not Placed"
"CB.EN.U4ECE19039","Rahul Sharma","cb.en.u4ece19039@cb.students.amrita.edu","ECE","A","2023","9.77","1","Not Placed"
"CB.EN.U4ECE19040","Bhavya Das","cb.en.u4ece19040@cb.students.amrita.edu","ECE","A","2023","7.39","0","Not Placed"
"CB.EN.U4ECE19041","Karthik Raman","cb.en.u4ece19041@cb.students.amrita.edu","ECE","A","2023","7.98","1","Not Placed"
"CB.EN.U4ECE19042","Janani Kulkarni","cb.en.u4ece19042@cb.students.amrita.edu","ECE","A","2023","7.02","0","Placed"
"CB.EN.U4ECE19043","Pooja Gupta","cb.en.u4ece19043@cb.students.amrita.edu","ECE","A","2023","9.44","1","Placed"
"CB.EN.U4ECE19044","Meera Shetty","cb.en.u4ece19044@cb.students.amrita.edu","ECE","A","2023","7.28","2","Not Placed"
"CB.EN.U4ECE19045","Lakshmi Nair","cb.en.u4ece19045@cb.students.amrita.edu","ECE","A","2023","7.06","0","Not Placed"
"CB.EN.U4ECE19046","Aishwarya Das","cb.en.u4ece19046@cb.students.amrita.edu","ECE","A","2023","6.9","2","Not Placed"
"CB.EN.U4ECE19047","Aishwarya Das","cb.en.u4ece19047@cb.students.amrita.edu","ECE","A","2023","8.48","1","Not Placed"
"CB.EN.U4ECE19048","Diya Menon","cb.en.u4ece19048@cb.students.amrita.edu","ECE","A","2023","7.94","2","Placed"
"CB.EN.U4ECE19049","Arya Patel","cb.en.u4ece19049@cb.students.amrita.edu","ECE","A","2023","7.74","0","Not Placed"
"CB.EN.U4ECE19050","Akash Iyer","cb.en.u4ece19050@cb.students.amrita.edu","ECE","A","2023","7.63","1","Not Placed"
"CB.EN.U4ECE19051","Meera Raman","cb.en.u4ece19051@cb.students.amrita.edu","ECE","A","2023","7.59","2","Placed"
"CB.EN.U4ECE19052","Arjun Kapoor","cb.en.u4ece19052@cb.students.amrita.edu","ECE","A","2023","9.12","2","Placed"
"CB.EN.U4ECE19053","Diya Bose","cb.en.u4ece19053@cb.students.amrita.edu","ECE","A","2023","8.96","0","Placed"
"CB.EN.U4ECE19054","Karthik Nair","cb.en.u4ece19054@cb.students.amrita.edu","ECE","A","2023","8.13","2","Not Placed"
"CB.EN.U4ECE19055","Karthik Patel","cb.en.u4ece19055@cb.students.amrita.edu","ECE","A","2023","9.22","1","Placed"
"CB.EN.U4ECE19056","Anirudh Krishnan","cb.en.u4ece19056@cb.students.amrita.edu","ECE","A","2023","9.76","2","Placed"
"CB.EN.U4ECE19057","Aishwarya Nair","cb.en.u4ece19057@cb.students.amrita.edu","ECE","A","2023","7.13","0","Placed"
"CB.EN.U4ECE19058","Keerthana Reddy","cb.en.u4ece19058@cb.students.amrita.edu","ECE","A","2023","6.68","2","Placed"
"CB.EN.U4ECE19059","Tanvi Nair","cb.en.u4ece19059@cb.students.amrita.edu","ECE","A","2023","9.55","0","Placed"
"CB.EN.U4ECE19060","Riya Pillai","cb.en.u4ece19060@cb.students.amrita.edu","ECE","A","2023","7.17","2","Placed"
"CB.EN.U4ECE19101","Akash Nagarajan","cb.en.u4ece19101@cb.students.amrita.edu","ECE","B","2023","8.46","2","Not Placed"
"CB.EN.U4ECE19102","Aarav Gupta","cb.en.u4ece19102@cb.students.amrita.edu","ECE","B","2023","8.33","0","Not Placed"
"CB.EN.U4ECE19103","Karthik Iyer","cb.en.u4ece19103@cb.students.amrita.edu","ECE","B","2023","7.55","2","Placed"
"CB.EN.U4ECE19104","Tanvi Kulkarni","cb.en.u4ece19104@cb.students.amrita.edu","ECE","B","2023","8.32","1","Not Placed"
"CB.EN.U4ECE19105","Nikhil Mishra","cb.en.u4ece19105@cb.students.amrita.edu","ECE","B","2023","7.58","0","Not Placed"
"CB.EN.U4ECE19106","Sanjay Nair","cb.en.u4ece19106@cb.students.amrita.edu","ECE","B","2023","8.27","1","Not Placed"
"CB.EN.U4ECE19107","Charan Menon","cb.en.u4ece19107@cb.students.amrita.edu","ECE","B","2023","8.34","1","Placed"
"CB.EN.U4ECE19108","Arjun Kapoor","cb.en.u4ece19108@cb.students.amrita.edu","ECE","B","2023","9.27","0","Placed"
"CB.EN.U4ECE19109","Ananya Joshi","cb.en.u4ece19109@cb.students.amrita.edu","ECE","B","2023","8.55","2","Not Placed"
"CB.EN.U4ECE19110","Aditya Patel","cb.en.u4ece19110@cb.students.amrita.edu","ECE","B","2023","6.38","0","Not Placed"
"CB.EN.U4ECE19111","Aishwarya Sharma","cb.en.u4ece19111@cb.students.amrita.edu","ECE","B","2023","6.58","1","Placed"
"CB.EN.U4ECE19112","Akash Raman","cb.en.u4ece19112@cb.students.amrita.edu","ECE","B","2023","7.41","1","Placed"
"CB.EN.U4ECE19113","Keerthana Gupta","cb.en.u4ece19113@cb.students.amrita.edu","ECE","B","2023","8.15","0","Placed"
"CB.EN.U4ECE19114","Anirudh Das","cb.en.u4ece19114@cb.students.amrita.edu","ECE","B","2023","6.88","2","Not Placed"
"CB.EN.U4ECE19115","Keerthana Mishra","cb.en.u4ece19115@cb.students.amrita.edu","ECE","B","2023","6.52","1","Not Placed"
"CB.EN.U4ECE19116","Surya Krishnan","cb.en.u4ece19116@cb.students.amrita.edu","ECE","B","2023","9.46","1","Not Placed"
"CB.EN.U4ECE19117","Diya Mishra","cb.en.u4ece19117@cb.students.amrita.edu","ECE","B","2023","8.41","1","Not Placed"
"CB.EN.U4ECE19118","Tanvi Reddy","cb.en.u4ece19118@cb.students.amrita.edu","ECE","B","2023","6.52","1","Placed"
"CB.EN.U4ECE19119","Surya Sharma","cb.en.u4ece19119@cb.students.amrita.edu","ECE","B","2023","8.3","0","Not Placed"
"CB.EN.U4ECE19120","Nikhil Sharma","cb.en.u4ece19120@cb.students.amrita.edu","ECE","B","2023","7.23","2","Placed"
"CB.EN.U4ECE19121","Diya Gupta","cb.en.u4ece19121@cb.students.amrita.edu","ECE","B","2023","9.51","0","Not Placed"
"CB.EN.U4ECE19122","Karthik Reddy","cb.en.u4ece19122@cb.students.amrita.edu","ECE","B","2023","9.75","2","Placed"
"CB.EN.U4ECE19123","Surya Chatterjee","cb.en.u4ece19123@cb.students.amrita.edu","ECE","B","2023","9.49","0","Not Placed"
"CB.EN.U4ECE19124","Janani Das","cb.en.u4ece19124@cb.students.amrita.edu","ECE","B","2023","8.56","2","Placed"
"CB.EN.U4ECE19125","Zara Shetty","cb.en.u4ece19125@cb.students.amrita.edu","ECE","B","2023","7.43","1","Not Placed"
"CB.EN.U4ECE19126","Sneha Krishnan","cb.en.u4ece19126@cb.students.amrita.edu","ECE","B","2023","9.33","0","Not Placed"
"CB.EN.U4ECE19127","Aishwarya Kulkarni","cb.en.u4ece19127@cb.students.amrita.edu","ECE","B","2023","7.73","2","Placed"
"CB.EN.U4ECE19128","Vikram Kulkarni","cb.en.u4ece19128@cb.students.amrita.edu","ECE","B","2023","7.32","0","Not Placed"
"CB.EN.U4ECE19129","Varun Menon","cb.en.u4ece19129@cb.students.amrita.edu","ECE","B","2023","9.6","2","Not Placed"
"CB.EN.U4ECE19130","Meera Bose","cb.en.u4ece19130@cb.students.amrita.edu","ECE","B","2023","8.7","0","Not Placed"
"CB.EN.U4ECE19131","Sneha Nagarajan","cb.en.u4ece19131@cb.students.amrita.edu","ECE","B","2023","6.44","2","Placed"
"CB.EN.U4ECE19132","Nikhil Nair","cb.en.u4ece19132@cb.students.amrita.edu","ECE","B","2023","8.72","1","Placed"
"CB.EN.U4ECE19133","Pooja Menon","cb.en.u4ece19133@cb.students.amrita.edu","ECE","B","2023","6.4","0","Not Placed"
"CB.EN.U4ECE19134","Sneha Gupta","cb.en.u4ece19134@cb.students.amrita.edu","ECE","B","2023","9.82","2","Placed"
"CB.EN.U4ECE19135","Aditya Shetty","cb.en.u4ece19135@cb.students.amrita.edu","ECE","B","2023","7.01","0","Placed"
"CB.EN.U4ECE19136","Lakshmi Bose","cb.en.u4ece19136@cb.students.amrita.edu","ECE","B","2023","9.01","2","Placed"
"CB.EN.U4ECE19137","Charan Das","cb.en.u4ece19137@cb.students.amrita.edu","ECE","B","2023","7.58","0","Not Placed"
"CB.EN.U4ECE19138","Harish Mishra","cb.en.u4ece19138@cb.students.amrita.edu","ECE","B","2023","6.2","2","Placed"
"CB.EN.U4ECE19139","Tanvi Shetty","cb.en.u4ece19139@cb.students.amrita.edu","ECE","B","2023","9.59","0","Not Placed"
"CB.EN.U4ECE19140","Riya Raman","cb.en.u4ece19140@cb.students.amrita.edu","ECE","B","2023","7.76","2","Placed"
"CB.EN.U4ECE19141","Anirudh Sharma","cb.en.u4ece19141@cb.students.amrita.edu","ECE","B","2023","8.7","0","Not Placed"
"CB.EN.U4ECE19142","Aishwarya Joshi","cb.en.u4ece19142@cb.students.amrita.edu","ECE","B","2023","6.48","2","Not Placed"
"CB.EN.U4ECE19143","Yash Patel","cb.en.u4ece19143@cb.students.amrita.edu","ECE","B","2023","9.43","0","Placed"
"CB.EN.U4ECE19144","Varun Chatterjee","cb.en.u4ece19144@cb.students.amrita.edu","ECE","B","2023","6.22","1","Not Placed"
"CB.EN.U4ECE19145","Riya Das","cb.en.u4ece19145@cb.students.amrita.edu","ECE","B","2023","6","1","Not Placed"
"CB.EN.U4ECE19146","Arjun Krishnan","cb.en.u4ece19146@cb.students.amrita.edu","ECE","B","2023","9.76","2","Placed"
"CB.EN.U4ECE19147","Ananya Chatterjee","cb.en.u4ece19147@cb.students.amrita.edu","ECE","B","2023","7.54","1","Not Placed"
"CB.EN.U4ECE19148","Charan Mishra","cb.en.u4ece19148@cb.students.amrita.edu","ECE","B","2023","7.86","2","Placed"
"CB.EN.U4ECE19149","Charan Patel","cb.en.u4ece19149@cb.students.amrita.edu","ECE","B","2023","7.58","2","Placed"
"CB.EN.U4ECE19150","Aditya Nagarajan","cb.en.u4ece19150@cb.students.amrita.edu","ECE","B","2023","7.23","2","Not Placed"
"CB.EN.U4ECE19151","Diya Iyer","cb.en.u4ece19151@cb.students.amrita.edu","ECE","B","2023","9.63","0","Not Placed"
"CB.EN.U4ECE19152","Aishwarya Pillai","cb.en.u4ece19152@cb.students.amrita.edu","ECE","B","2023","7.76","1","Not Placed"
"CB.EN.U4ECE19153","Anirudh Kulkarni","cb.en.u4ece19153@cb.students.amrita.edu","ECE","B","2023","7.98","1","Placed"
"CB.EN.U4ECE19154","Zara Nagarajan","cb.en.u4ece19154@cb.students.amrita.edu","ECE","B","2023","7.43","0","Placed"
"CB.EN.U4ECE19155","Aditya Raman","cb.en.u4ece19155@cb.students.amrita.edu","ECE","B","2023","7.34","0","Placed"
"CB.EN.U4ECE19156","Tanvi Krishnan","cb.en.u4ece19156@cb.students.amrita.edu","ECE","B","2023","8.21","1","Placed"
"CB.EN.U4ECE19157","Janani Patel","cb.en.u4ece19157@cb.students.amrita.edu","ECE","B","2023","9.11","1","Not Placed"
"CB.EN.U4ECE19158","Anirudh Das","cb.en.u4ece19158@cb.students.amrita.edu","ECE","B","2023","8.31","1","Placed"
"CB.EN.U4ECE19159","Charan Nagarajan","cb.en.u4ece19159@cb.students.amrita.edu","ECE","B","2023","8.34","1","Not Placed"
"CB.EN.U4ECE19160","Anirudh Iyer","cb.en.u4ece19160@cb.students.amrita.edu","ECE","B","2023","6.18","2","Not Placed"
"CB.EN.U4ECE19201","Diya Iyer","cb.en.u4ece19201@cb.students.amrita.edu","ECE","C","2023","9.72","2","Not Placed"
"CB.EN.U4ECE19202","Yash Mishra","cb.en.u4ece19202@cb.students.amrita.edu","ECE","C","2023","6.19","0","Placed"
"CB.EN.U4ECE19203","Varun Verma","cb.en.u4ece19203@cb.students.amrita.edu","ECE","C","2023","6.19","2","Placed"
"CB.EN.U4ECE19204","Akash Pillai","cb.en.u4ece19204@cb.students.amrita.edu","ECE","C","2023","8.98","0","Not Placed"
"CB.EN.U4ECE19205","Meera Kapoor","cb.en.u4ece19205@cb.students.amrita.edu","ECE","C","2023","9.81","0","Placed"
"CB.EN.U4ECE19206","Zara Reddy","cb.en.u4ece19206@cb.students.amrita.edu","ECE","C","2023","9.86","0","Placed"
"CB.EN.U4ECE19207","Pooja Kapoor","cb.en.u4ece19207@cb.students.amrita.edu","ECE","C","2023","8.04","1","Placed"
"CB.EN.U4ECE19208","Sneha Bose","cb.en.u4ece19208@cb.students.amrita.edu","ECE","C","2023","6.32","2","Placed"
"CB.EN.U4ECE19209","Nikhil Mishra","cb.en.u4ece19209@cb.students.amrita.edu","ECE","C","2023","9.87","1","Not Placed"
"CB.EN.U4ECE19210","Ananya Chatterjee","cb.en.u4ece19210@cb.students.amrita.edu","ECE","C","2023","8.57","1","Not Placed"
"CB.EN.U4ECE19211","Zara Iyer","cb.en.u4ece19211@cb.students.amrita.edu","ECE","C","2023","7.57","2","Placed"
"CB.EN.U4ECE19212","Tanvi Patel","cb.en.u4ece19212@cb.students.amrita.edu","ECE","C","2023","8.09","0","Not Placed"
"CB.EN.U4ECE19213","Surya Gupta","cb.en.u4ece19213@cb.students.amrita.edu","ECE","C","2023","6.88","2","Placed"
"CB.EN.U4ECE19214","Janani Kulkarni","cb.en.u4ece19214@cb.students.amrita.edu","ECE","C","2023","6.32","2","Not Placed"
"CB.EN.U4ECE19215","Meera Gupta","cb.en.u4ece19215@cb.students.amrita.edu","ECE","C","2023","9.45","2","Placed"
"CB.EN.U4ECE19216","Aditya Raman","cb.en.u4ece19216@cb.students.amrita.edu","ECE","C","2023","6.78","0","Not Placed"
"CB.EN.U4ECE19217","Aarav Nair","cb.en.u4ece19217@cb.students.amrita.edu","ECE","C","2023","9.15","1","Placed"
"CB.EN.U4ECE19218","Diya Patel","cb.en.u4ece19218@cb.students.amrita.edu","ECE","C","2023","6.5","0","Placed"
"CB.EN.U4ECE19219","Ishaan Pillai","cb.en.u4ece19219@cb.students.amrita.edu","ECE","C","2023","7.61","2","Not Placed"
"CB.EN.U4ECE19220","Aishwarya Nair","cb.en.u4ece19220@cb.students.amrita.edu","ECE","C","2023","7.32","0","Not Placed"
"CB.EN.U4ECE19221","Pooja Verma","cb.en.u4ece19221@cb.students.amrita.edu","ECE","C","2023","9.13","0","Not Placed"
"CB.EN.U4ECE19222","Charan Raman","cb.en.u4ece19222@cb.students.amrita.edu","ECE","C","2023","9.47","2","Not Placed"
"CB.EN.U4ECE19223","Karthik Krishnan","cb.en.u4ece19223@cb.students.amrita.edu","ECE","C","2023","7.38","1","Placed"
"CB.EN.U4ECE19224","Zara Raman","cb.en.u4ece19224@cb.students.amrita.edu","ECE","C","2023","8.5","0","Placed"
"CB.EN.U4ECE19225","Anirudh Das","cb.en.u4ece19225@cb.students.amrita.edu","ECE","C","2023","6.58","0","Not Placed"
"CB.EN.U4ECE19226","Meera Bose","cb.en.u4ece19226@cb.students.amrita.edu","ECE","C","2023","7.9","0","Not Placed"
"CB.EN.U4ECE19227","Ishaan Joshi","cb.en.u4ece19227@cb.students.amrita.edu","ECE","C","2023","8.97","2","Not Placed"
"CB.EN.U4ECE19228","Arya Mishra","cb.en.u4ece19228@cb.students.amrita.edu","ECE","C","2023","6.37","1","Not Placed"
"CB.EN.U4ECE19229","Arya Bose","cb.en.u4ece19229@cb.students.amrita.edu","ECE","C","2023","8.79","1","Not Placed"
"CB.EN.U4ECE19230","Akash Reddy","cb.en.u4ece19230@cb.students.amrita.edu","ECE","C","2023","6.01","1","Not Placed"
"CB.EN.U4ECE19231","Harish Iyer","cb.en.u4ece19231@cb.students.amrita.edu","ECE","C","2023","8.05","1","Placed"
"CB.EN.U4ECE19232","Riya Joshi","cb.en.u4ece19232@cb.students.amrita.edu","ECE","C","2023","6.53","2","Placed"
"CB.EN.U4ECE19233","Lakshmi Raman","cb.en.u4ece19233@cb.students.amrita.edu","ECE","C","2023","6.22","1","Placed"
"CB.EN.U4ECE19234","Akash Iyer","cb.en.u4ece19234@cb.students.amrita.edu","ECE","C","2023","6.37","0","Not Placed"
"CB.EN.U4ECE19235","Yash Joshi","cb.en.u4ece19235@cb.students.amrita.edu","ECE","C","2023","7.67","2","Not Placed"
"CB.EN.U4ECE19236","Tanvi Krishnan","cb.en.u4ece19236@cb.students.amrita.edu","ECE","C","2023","8.34","2","Placed"
"CB.EN.U4ECE19237","Diya Patel","cb.en.u4ece19237@cb.students.amrita.edu","ECE","C","2023","7.72","1","Not Placed"
"CB.EN.U4ECE19238","Tanvi Kapoor","cb.en.u4ece19238@cb.students.amrita.edu","ECE","C","2023","9.46","0","Placed"
"CB.EN.U4ECE19239","Charan Gupta","cb.en.u4ece19239@cb.students.amrita.edu","ECE","C","2023","7.51","2","Placed"
"CB.EN.U4ECE19240","Ananya Nagarajan","cb.en.u4ece19240@cb.students.amrita.edu","ECE","C","2023","7.71","1","Placed"
"CB.EN.U4ECE19241","Janani Reddy","cb.en.u4ece19241@cb.students.amrita.edu","ECE","C","2023","6.2","1","Not Placed"
"CB.EN.U4ECE19242","Arjun Bose","cb.en.u4ece19242@cb.students.amrita.edu","ECE","C","2023","9.29","1","Not Placed"
"CB.EN.U4ECE19243","Rahul Verma","cb.en.u4ece19243@cb.students.amrita.edu","ECE","C","2023","6.9","2","Not Placed"
"CB.EN.U4ECE19244","Aditya Sharma","cb.en.u4ece19244@cb.students.amrita.edu","ECE","C","2023","6.75","0","Not Placed"
"CB.EN.U4ECE19245","Sanjay Mishra","cb.en.u4ece19245@cb.students.amrita.edu","ECE","C","2023","6.73","2","Not Placed"
"CB.EN.U4ECE19246","Yash Das","cb.en.u4ece19246@cb.students.amrita.edu","ECE","C","2023","6.55","1","Not Placed"
"CB.EN.U4ECE19247","Anirudh Verma","cb.en.u4ece19247@cb.students.amrita.edu","ECE","C","2023","9.86","1","Not Placed"
"CB.EN.U4ECE19248","Ananya Shetty","cb.en.u4ece19248@cb.students.amrita.edu","ECE","C","2023","6.73","1","Not Placed"
"CB.EN.U4ECE19249","Ananya Nair","cb.en.u4ece19249@cb.students.amrita.edu","ECE","C","2023","8.07","2","Not Placed"
"CB.EN.U4ECE19250","Sneha Iyer","cb.en.u4ece19250@cb.students.amrita.edu","ECE","C","2023","6.9","0","Not Placed"
"CB.EN.U4ECE19251","Lakshmi Nair","cb.en.u4ece19251@cb.students.amrita.edu","ECE","C","2023","6.52","1","Placed"
"CB.EN.U4ECE19252","Tanvi Nair","cb.en.u4ece19252@cb.students.amrita.edu","ECE","C","2023","9.29","0","Placed"
"CB.EN.U4ECE19253","Surya Shetty","cb.en.u4ece19253@cb.students.amrita.edu","ECE","C","2023","8.2","1","Placed"
"CB.EN.U4ECE19254","Charan Pillai","cb.en.u4ece19254@cb.students.amrita.edu","ECE","C","2023","7.5","1","Placed"
"CB.EN.U4ECE19255","Nikhil Nair","cb.en.u4ece19255@cb.students.amrita.edu","ECE","C","2023","7.5","1","Not Placed"
"CB.EN.U4ECE19256","Keerthana Reddy","cb.en.u4ece19256@cb.students.amrita.edu","ECE","C","2023","8.5","1","Placed"
"CB.EN.U4ECE19257","Varun Chatterjee","cb.en.u4ece19257@cb.students.amrita.edu","ECE","C","2023","6.73","0","Not Placed"
"CB.EN.U4ECE19258","Karthik Shetty","cb.en.u4ece19258@cb.students.amrita.edu","ECE","C","2023","6.97","2","Not Placed"
"CB.EN.U4ECE19259","Tanvi Iyer","cb.en.u4ece19259@cb.students.amrita.edu","ECE","C","2023","8.24","1","Not Placed"
"CB.EN.U4ECE19260","Meera Verma","cb.en.u4ece19260@cb.students.amrita.edu","ECE","C","2023","8.14","1","Placed"
"CB.EN.U4ECE19301","Ananya Reddy","cb.en.u4ece19301@cb.students.amrita.edu","ECE","D","2023","7.94","0","Not Placed"
"CB.EN.U4ECE19302","Akash Kapoor","cb.en.u4ece19302@cb.students.amrita.edu","ECE","D","2023","7.35","1","Not Placed"
"CB.EN.U4ECE19303","Bhavya Nair","cb.en.u4ece19303@cb.students.amrita.edu","ECE","D","2023","9.71","0","Not Placed"
"CB.EN.U4ECE19304","Varun Shetty","cb.en.u4ece19304@cb.students.amrita.edu","ECE","D","2023","6.28","1","Not Placed"
"CB.EN.U4ECE19305","Akash Sharma","cb.en.u4ece19305@cb.students.amrita.edu","ECE","D","2023","8.18","0","Placed"
"CB.EN.U4ECE19306","Karthik Sharma","cb.en.u4ece19306@cb.students.amrita.edu","ECE","D","2023","6.44","0","Placed"
"CB.EN.U4ECE19307","Anirudh Sharma","cb.en.u4ece19307@cb.students.amrita.edu","ECE","D","2023","9.03","0","Not Placed"
"CB.EN.U4ECE19308","Karthik Shetty","cb.en.u4ece19308@cb.students.amrita.edu","ECE","D","2023","7.65","1","Placed"
"CB.EN.U4ECE19309","Lakshmi Gupta","cb.en.u4ece19309@cb.students.amrita.edu","ECE","D","2023","9.89","2","Placed"
"CB.EN.U4ECE19310","Lakshmi Das","cb.en.u4ece19310@cb.students.amrita.edu","ECE","D","2023","9.68","2","Not Placed"
"CB.EN.U4ECE19311","Aarav Shetty","cb.en.u4ece19311@cb.students.amrita.edu","ECE","D","2023","6.76","0","Not Placed"
"CB.EN.U4ECE19312","Aditya Nagarajan","cb.en.u4ece19312@cb.students.amrita.edu","ECE","D","2023","6.09","0","Placed"
"CB.EN.U4ECE19313","Surya Nagarajan","cb.en.u4ece19313@cb.students.amrita.edu","ECE","D","2023","9.7","2","Not Placed"
"CB.EN.U4ECE19314","Aarav Krishnan","cb.en.u4ece19314@cb.students.amrita.edu","ECE","D","2023","8.84","2","Placed"
"CB.EN.U4ECE19315","Sneha Nair","cb.en.u4ece19315@cb.students.amrita.edu","ECE","D","2023","8.84","1","Placed"
"CB.EN.U4ECE19316","Varun Kulkarni","cb.en.u4ece19316@cb.students.amrita.edu","ECE","D","2023","7.26","0","Not Placed"
"CB.EN.U4ECE19317","Rahul Sharma","cb.en.u4ece19317@cb.students.amrita.edu","ECE","D","2023","8.39","1","Placed"
"CB.EN.U4ECE19318","Ananya Reddy","cb.en.u4ece19318@cb.students.amrita.edu","ECE","D","2023","8.56","1","Not Placed"
"CB.EN.U4ECE19319","Surya Pillai","cb.en.u4ece19319@cb.students.amrita.edu","ECE","D","2023","7.84","1","Placed"
"CB.EN.U4ECE19320","Ananya Chatterjee","cb.en.u4ece19320@cb.students.amrita.edu","ECE","D","2023","6.38","1","Not Placed"
"CB.EN.U4ECE19321","Arya Patel","cb.en.u4ece19321@cb.students.amrita.edu","ECE","D","2023","6.94","0","Placed"
"CB.EN.U4ECE19322","Vikram Patel","cb.en.u4ece19322@cb.students.amrita.edu","ECE","D","2023","7.94","1","Not Placed"
"CB.EN.U4ECE19323","Janani Bose","cb.en.u4ece19323@cb.students.amrita.edu","ECE","D","2023","6.68","2","Not Placed"
"CB.EN.U4ECE19324","Rahul Patel","cb.en.u4ece19324@cb.students.amrita.edu","ECE","D","2023","7.45","2","Not Placed"
"CB.EN.U4ECE19325","Yash Das","cb.en.u4ece19325@cb.students.amrita.edu","ECE","D","2023","6.82","0","Not Placed"
"CB.EN.U4ECE19326","Harish Raman","cb.en.u4ece19326@cb.students.amrita.edu","ECE","D","2023","9.32","1","Placed"
"CB.EN.U4ECE19327","Varun Nair","cb.en.u4ece19327@cb.students.amrita.edu","ECE","D","2023","7.73","2","Placed"
"CB.EN.U4ECE19328","Sneha Patel","cb.en.u4ece19328@cb.students.amrita.edu","ECE","D","2023","9.45","1","Placed"
"CB.EN.U4ECE19329","Surya Patel","cb.en.u4ece19329@cb.students.amrita.edu","ECE","D","2023","8.4","0","Placed"
"CB.EN.U4ECE19330","Sneha Chatterjee","cb.en.u4ece19330@cb.students.amrita.edu","ECE","D","2023","8.24","0","Not Placed"
"CB.EN.U4ECE19331","Zara Nagarajan","cb.en.u4ece19331@cb.students.amrita.edu","ECE","D","2023","6.49","0","Not Placed"
"CB.EN.U4ECE19332","Meera Gupta","cb.en.u4ece19332@cb.students.amrita.edu","ECE","D","2023","9.21","2","Not Placed"
"CB.EN.U4ECE19333","Lakshmi Mishra","cb.en.u4ece19333@cb.students.amrita.edu","ECE","D","2023","7.55","0","Placed"
"CB.EN.U4ECE19334","Janani Iyer","cb.en.u4ece19334@cb.students.amrita.edu","ECE","D","2023","6.89","1","Not Placed"
"CB.EN.U4ECE19335","Aarav Kulkarni","cb.en.u4ece19335@cb.students.amrita.edu","ECE","D","2023","6.5","0","Placed"
"CB.EN.U4ECE19336","Bhavya Krishnan","cb.en.u4ece19336@cb.students.amrita.edu","ECE","D","2023","6.13","0","Placed"
"CB.EN.U4ECE19337","Surya Raman","cb.en.u4ece19337@cb.students.amrita.edu","ECE","D","2023","7.29","1","Placed"
"CB.EN.U4ECE19338","Yash Das","cb.en.u4ece19338@cb.students.amrita.edu","ECE","D","2023","8.19","0","Placed"
"CB.EN.U4ECE19339","Yash Gupta","cb.en.u4ece19339@cb.students.amrita.edu","ECE","D","2023","7.3","2","Placed"
"CB.EN.U4ECE19340","Yash Sharma","cb.en.u4ece19340@cb.students.amrita.edu","ECE","D","2023","7.3","2","Not Placed"
"CB.EN.U4ECE19341","Diya Chatterjee","cb.en.u4ece19341@cb.students.amrita.edu","ECE","D","2023","8.09","1","Not Placed"
"CB.EN.U4ECE19342","Pooja Das","cb.en.u4ece19342@cb.students.amrita.edu","ECE","D","2023","7.48","1","Not Placed"
"CB.EN.U4ECE19343","Anirudh Kulkarni","cb.en.u4ece19343@cb.students.amrita.edu","ECE","D","2023","8.78","1","Not Placed"
"CB.EN.U4ECE19344","Vikram Nagarajan","cb.en.u4ece19344@cb.students.amrita.edu","ECE","D","2023","8.67","2","Placed"
"CB.EN.U4ECE19345","Ananya Verma","cb.en.u4ece19345@cb.students.amrita.edu","ECE","D","2023","6.21","1","Placed"
"CB.EN.U4ECE19346","Harish Das","cb.en.u4ece19346@cb.students.amrita.edu","ECE","D","2023","8.37","1","Placed"
"CB.EN.U4ECE19347","Arjun Reddy","cb.en.u4ece19347@cb.students.amrita.edu","ECE","D","2023","9.08","1","Not Placed"
"CB.EN.U4ECE19348","Harish Chatterjee","cb.en.u4ece19348@cb.students.amrita.edu","ECE","D","2023","7.28","0","Not Placed"
"CB.EN.U4ECE19349","Varun Menon","cb.en.u4ece19349@cb.students.amrita.edu","ECE","D","2023","7.25","2","Placed"
"CB.EN.U4ECE19350","Janani Verma","cb.en.u4ece19350@cb.students.amrita.edu","ECE","D","2023","8.39","1","Not Placed"
"CB.EN.U4ECE19351","Sanjay Reddy","cb.en.u4ece19351@cb.students.amrita.edu","ECE","D","2023","9.85","0","Placed"
"CB.EN.U4ECE19352","Janani Kulkarni","cb.en.u4ece19352@cb.students.amrita.edu","ECE","D","2023","8.39","1","Placed"
"CB.EN.U4ECE19353","Diya Shetty","cb.en.u4ece19353@cb.students.amrita.edu","ECE","D","2023","7.34","2","Not Placed"
"CB.EN.U4ECE19354","Riya Joshi","cb.en.u4ece19354@cb.students.amrita.edu","ECE","D","2023","8.02","1","Placed"
"CB.EN.U4ECE19355","Arjun Krishnan","cb.en.u4ece19355@cb.students.amrita.edu","ECE","D","2023","6.2","0","Placed"
"CB.EN.U4ECE19356","Anirudh Krishnan","cb.en.u4ece19356@cb.students.amrita.edu","ECE","D","2023","9.28","2","Placed"
"CB.EN.U4ECE19357","Pooja Sharma","cb.en.u4ece19357@cb.students.amrita.edu","ECE","D","2023","7.46","2","Placed"
"CB.EN.U4ECE19358","Charan Raman","cb.en.u4ece19358@cb.students.amrita.edu","ECE","D","2023","6.03","1","Placed"
"CB.EN.U4ECE19359","Aditya Nagarajan","cb.en.u4ece19359@cb.students.amrita.edu","ECE","D","2023","6.24","0","Not Placed"
"CB.EN.U4ECE19360","Pooja Sharma","cb.en.u4ece19360@cb.students.amrita.edu","ECE","D","2023","6.2","2","Placed"
"CB.EN.U4ECE19401","Lakshmi Nagarajan","cb.en.u4ece19401@cb.students.amrita.edu","ECE","E","2023","7.49","1","Not Placed"
"CB.EN.U4ECE19402","Karthik Bose","cb.en.u4ece19402@cb.students.amrita.edu","ECE","E","2023","9.16","2","Placed"
"CB.EN.U4ECE19403","Tanvi Das","cb.en.u4ece19403@cb.students.amrita.edu","ECE","E","2023","9.37","2","Not Placed"
"CB.EN.U4ECE19404","Pooja Shetty","cb.en.u4ece19404@cb.students.amrita.edu","ECE","E","2023","9.8","0","Not Placed"
"CB.EN.U4ECE19405","Diya Menon","cb.en.u4ece19405@cb.students.amrita.edu","ECE","E","2023","7.11","2","Placed"
"CB.EN.U4ECE19406","Ananya Bose","cb.en.u4ece19406@cb.students.amrita.edu","ECE","E","2023","7.48","0","Placed"
"CB.EN.U4ECE19407","Surya Krishnan","cb.en.u4ece19407@cb.students.amrita.edu","ECE","E","2023","8.86","0","Placed"
"CB.EN.U4ECE19408","Bhavya Chatterjee","cb.en.u4ece19408@cb.students.amrita.edu","ECE","E","2023","7.44","1","Placed"
"CB.EN.U4ECE19409","Meera Krishnan","cb.en.u4ece19409@cb.students.amrita.edu","ECE","E","2023","6.29","1","Placed"
"CB.EN.U4ECE19410","Keerthana Das","cb.en.u4ece19410@cb.students.amrita.edu","ECE","E","2023","9.22","1","Not Placed"
"CB.EN.U4ECE19411","Charan Chatterjee","cb.en.u4ece19411@cb.students.amrita.edu","ECE","E","2023","9.47","0","Placed"
"CB.EN.U4ECE19412","Surya Mishra","cb.en.u4ece19412@cb.students.amrita.edu","ECE","E","2023","9.89","0","Placed"
"CB.EN.U4ECE19413","Vikram Raman","cb.en.u4ece19413@cb.students.amrita.edu","ECE","E","2023","8.79","2","Placed"
"CB.EN.U4ECE19414","Vikram Raman","cb.en.u4ece19414@cb.students.amrita.edu","ECE","E","2023","7.21","2","Not Placed"
"CB.EN.U4ECE19415","Sneha Pillai","cb.en.u4ece19415@cb.students.amrita.edu","ECE","E","2023","6.55","1","Placed"
"CB.EN.U4ECE19416","Pooja Gupta","cb.en.u4ece19416@cb.students.amrita.edu","ECE","E","2023","9.2","2","Placed"
"CB.EN.U4ECE19417","Sanjay Nair","cb.en.u4ece19417@cb.students.amrita.edu","ECE","E","2023","6.64","2","Placed"
"CB.EN.U4ECE19418","Rahul Nair","cb.en.u4ece19418@cb.students.amrita.edu","ECE","E","2023","7.92","1","Not Placed"
"CB.EN.U4ECE19419","Sneha Krishnan","cb.en.u4ece19419@cb.students.amrita.edu","ECE","E","2023","9.83","2","Placed"
"CB.EN.U4ECE19420","Meera Verma","cb.en.u4ece19420@cb.students.amrita.edu","ECE","E","2023","9.31","0","Not Placed"
"CB.EN.U4ECE19421","Riya Gupta","cb.en.u4ece19421@cb.students.amrita.edu","ECE","E","2023","9.85","0","Not Placed"
"CB.EN.U4ECE19422","Diya Patel","cb.en.u4ece19422@cb.students.amrita.edu","ECE","E","2023","6.8","2","Placed"
"CB.EN.U4ECE19423","Riya Sharma","cb.en.u4ece19423@cb.students.amrita.edu","ECE","E","2023","7.9","2","Placed"
"CB.EN.U4ECE19424","Anirudh Pillai","cb.en.u4ece19424@cb.students.amrita.edu","ECE","E","2023","8.39","0","Not Placed"
"CB.EN.U4ECE19425","Bhavya Bose","cb.en.u4ece19425@cb.students.amrita.edu","ECE","E","2023","7.77","1","Placed"
"CB.EN.U4ECE19426","Riya Kulkarni","cb.en.u4ece19426@cb.students.amrita.edu","ECE","E","2023","9.26","1","Not Placed"
"CB.EN.U4ECE19427","Bhavya Shetty","cb.en.u4ece19427@cb.students.amrita.edu","ECE","E","2023","7.76","1","Placed"
"CB.EN.U4ECE19428","Vikram Pillai","cb.en.u4ece19428@cb.students.amrita.edu","ECE","E","2023","8.87","2","Not Placed"
"CB.EN.U4ECE19429","Varun Bose","cb.en.u4ece19429@cb.students.amrita.edu","ECE","E","2023","7.31","1","Placed"
"CB.EN.U4ECE19430","Ananya Nair","cb.en.u4ece19430@cb.students.amrita.edu","ECE","E","2023","8.56","1","Not Placed"
"CB.EN.U4ECE19431","Surya Kapoor","cb.en.u4ece19431@cb.students.amrita.edu","ECE","E","2023","7.53","1","Placed"
"CB.EN.U4ECE19432","Tanvi Joshi","cb.en.u4ece19432@cb.students.amrita.edu","ECE","E","2023","6.3","2","Placed"
"CB.EN.U4ECE19433","Ishaan Kulkarni","cb.en.u4ece19433@cb.students.amrita.edu","ECE","E","2023","7.55","2","Placed"
"CB.EN.U4ECE19434","Aarav Iyer","cb.en.u4ece19434@cb.students.amrita.edu","ECE","E","2023","6.8","2","Placed"
"CB.EN.U4ECE19435","Nikhil Menon","cb.en.u4ece19435@cb.students.amrita.edu","ECE","E","2023","7.36","2","Placed"
"CB.EN.U4ECE19436","Vikram Kapoor","cb.en.u4ece19436@cb.students.amrita.edu","ECE","E","2023","7.78","1","Not Placed"
"CB.EN.U4ECE19437","Janani Kulkarni","cb.en.u4ece19437@cb.students.amrita.edu","ECE","E","2023","6.91","2","Not Placed"
"CB.EN.U4ECE19438","Harish Pillai","cb.en.u4ece19438@cb.students.amrita.edu","ECE","E","2023","8.72","0","Not Placed"
"CB.EN.U4ECE19439","Harish Raman","cb.en.u4ece19439@cb.students.amrita.edu","ECE","E","2023","6.51","1","Placed"
"CB.EN.U4ECE19440","Arjun Patel","cb.en.u4ece19440@cb.students.amrita.edu","ECE","E","2023","8.31","0","Not Placed"
"CB.EN.U4ECE19441","Ananya Joshi","cb.en.u4ece19441@cb.students.amrita.edu","ECE","E","2023","7.02","2","Placed"
"CB.EN.U4ECE19442","Rahul Patel","cb.en.u4ece19442@cb.students.amrita.edu","ECE","E","2023","8.26","0","Placed"
"CB.EN.U4ECE19443","Rahul Chatterjee","cb.en.u4ece19443@cb.students.amrita.edu","ECE","E","2023","8.1","1","Not Placed"
"CB.EN.U4ECE19444","Keerthana Raman","cb.en.u4ece19444@cb.students.amrita.edu","ECE","E","2023","8.74","1","Placed"
"CB.EN.U4ECE19445","Arjun Kapoor","cb.en.u4ece19445@cb.students.amrita.edu","ECE","E","2023","7.35","2","Placed"
"CB.EN.U4ECE19446","Aarav Kapoor","cb.en.u4ece19446@cb.students.amrita.edu","ECE","E","2023","8.51","2","Placed"
"CB.EN.U4ECE19447","Janani Menon","cb.en.u4ece19447@cb.students.amrita.edu","ECE","E","2023","6.74","1","Placed"
"CB.EN.U4ECE19448","Janani Iyer","cb.en.u4ece19448@cb.students.amrita.edu","ECE","E","2023","8.51","1","Not Placed"
"CB.EN.U4ECE19449","Lakshmi Reddy","cb.en.u4ece19449@cb.students.amrita.edu","ECE","E","2023","8.69","1","Placed"
"CB.EN.U4ECE19450","Anirudh Mishra","cb.en.u4ece19450@cb.students.amrita.edu","ECE","E","2023","6.66","1","Not Placed"
"CB.EN.U4ECE19451","Zara Kulkarni","cb.en.u4ece19451@cb.students.amrita.edu","ECE","E","2023","9.43","1","Placed"
"CB.EN.U4ECE19452","Janani Das","cb.en.u4ece19452@cb.students.amrita.edu","ECE","E","2023","8.42","2","Placed"
"CB.EN.U4ECE19453","Rahul Kulkarni","cb.en.u4ece19453@cb.students.amrita.edu","ECE","E","2023","9.22","1","Not Placed"
"CB.EN.U4ECE19454","Anirudh Nair","cb.en.u4ece19454@cb.students.amrita.edu","ECE","E","2023","9.23","2","Placed"
"CB.EN.U4ECE19455","Aarav Raman","cb.en.u4ece19455@cb.students.amrita.edu","ECE","E","2023","9.38","2","Placed"
"CB.EN.U4ECE19456","Anirudh Raman","cb.en.u4ece19456@cb.students.amrita.edu","ECE","E","2023","9.25","1","Placed"
"CB.EN.U4ECE19457","Bhavya Pillai","cb.en.u4ece19457@cb.students.amrita.edu","ECE","E","2023","7.12","2","Not Placed"
"CB.EN.U4ECE19458","Keerthana Krishnan","cb.en.u4ece19458@cb.students.amrita.edu","ECE","E","2023","7.3","0","Placed"
"CB.EN.U4ECE19459","Aishwarya Verma","cb.en.u4ece19459@cb.students.amrita.edu","ECE","E","2023","9.57","2","Placed"
"CB.EN.U4ECE19460","Keerthana Krishnan","cb.en.u4ece19460@cb.students.amrita.edu","ECE","E","2023","6.53","1","Not Placed"
"CB.EN.U4MEE19001","Varun Gupta","cb.en.u4mee19001@cb.students.amrita.edu","MEE","A","2023","6.36","0","Placed"
"CB.EN.U4MEE19002","Aishwarya Reddy","cb.en.u4mee19002@cb.students.amrita.edu","MEE","A","2023","7.32","2","Placed"
"CB.EN.U4MEE19003","Diya Shetty","cb.en.u4mee19003@cb.students.amrita.edu","MEE","A","2023","9.87","1","Placed"
"CB.EN.U4MEE19004","Nikhil Nagarajan","cb.en.u4mee19004@cb.students.amrita.edu","MEE","A","2023","8.85","0","Placed"
"CB.EN.U4MEE19005","Varun Verma","cb.en.u4mee19005@cb.students.amrita.edu","MEE","A","2023","6.26","0","Not Placed"
"CB.EN.U4MEE19006","Aarav Krishnan","cb.en.u4mee19006@cb.students.amrita.edu","MEE","A","2023","9.8","0","Not Placed"
"CB.EN.U4MEE19007","Meera Kapoor","cb.en.u4mee19007@cb.students.amrita.edu","MEE","A","2023","7.01","0","Not Placed"
"CB.EN.U4MEE19008","Surya Kapoor","cb.en.u4mee19008@cb.students.amrita.edu","MEE","A","2023","7.66","2","Not Placed"
"CB.EN.U4MEE19009","Aditya Nagarajan","cb.en.u4mee19009@cb.students.amrita.edu","MEE","A","2023","6.39","2","Not Placed"
"CB.EN.U4MEE19010","Ananya Sharma","cb.en.u4mee19010@cb.students.amrita.edu","MEE","A","2023","7.15","1","Placed"
"CB.EN.U4MEE19011","Harish Nair","cb.en.u4mee19011@cb.students.amrita.edu","MEE","A","2023","6.05","0","Placed"
"CB.EN.U4MEE19012","Akash Nagarajan","cb.en.u4mee19012@cb.students.amrita.edu","MEE","A","2023","6.75","0","Not Placed"
"CB.EN.U4MEE19013","Charan Kulkarni","cb.en.u4mee19013@cb.students.amrita.edu","MEE","A","2023","7.25","0","Placed"
"CB.EN.U4MEE19014","Harish Raman","cb.en.u4mee19014@cb.students.amrita.edu","MEE","A","2023","8.85","2","Placed"
"CB.EN.U4MEE19015","Rahul Shetty","cb.en.u4mee19015@cb.students.amrita.edu","MEE","A","2023","7.92","2","Placed"
"CB.EN.U4MEE19016","Sneha Iyer","cb.en.u4mee19016@cb.students.amrita.edu","MEE","A","2023","7.17","2","Placed"
"CB.EN.U4MEE19017","Bhavya Sharma","cb.en.u4mee19017@cb.students.amrita.edu","MEE","A","2023","7.96","2","Not Placed"
"CB.EN.U4MEE19018","Anirudh Joshi","cb.en.u4mee19018@cb.students.amrita.edu","MEE","A","2023","7.91","1","Placed"
"CB.EN.U4MEE19019","Arjun Shetty","cb.en.u4mee19019@cb.students.amrita.edu","MEE","A","2023","6.1","2","Not Placed"
"CB.EN.U4MEE19020","Aditya Menon","cb.en.u4mee19020@cb.students.amrita.edu","MEE","A","2023","7.79","2","Placed"
"CB.EN.U4MEE19021","Varun Kulkarni","cb.en.u4mee19021@cb.students.amrita.edu","MEE","A","2023","7.55","1","Not Placed"
"CB.EN.U4MEE19022","Sneha Verma","cb.en.u4mee19022@cb.students.amrita.edu","MEE","A","2023","7.69","2","Not Placed"
"CB.EN.U4MEE19023","Zara Kapoor","cb.en.u4mee19023@cb.students.amrita.edu","MEE","A","2023","6.15","0","Placed"
"CB.EN.U4MEE19024","Rahul Verma","cb.en.u4mee19024@cb.students.amrita.edu","MEE","A","2023","6.15","2","Placed"
"CB.EN.U4MEE19025","Varun Iyer","cb.en.u4mee19025@cb.students.amrita.edu","MEE","A","2023","7.32","2","Placed"
"CB.EN.U4MEE19026","Pooja Reddy","cb.en.u4mee19026@cb.students.amrita.edu","MEE","A","2023","8.88","1","Placed"
"CB.EN.U4MEE19027","Arya Reddy","cb.en.u4mee19027@cb.students.amrita.edu","MEE","A","2023","7.38","1","Placed"
"CB.EN.U4MEE19028","Varun Kulkarni","cb.en.u4mee19028@cb.students.amrita.edu","MEE","A","2023","6.21","1","Not Placed"
"CB.EN.U4MEE19029","Aditya Joshi","cb.en.u4mee19029@cb.students.amrita.edu","MEE","A","2023","9.75","0","Not Placed"
"CB.EN.U4MEE19030","Aditya Shetty","cb.en.u4mee19030@cb.students.amrita.edu","MEE","A","2023","6.45","1","Placed"
"CB.EN.U4MEE19031","Zara Iyer","cb.en.u4mee19031@cb.students.amrita.edu","MEE","A","2023","8.91","0","Placed"
"CB.EN.U4MEE19032","Ishaan Krishnan","cb.en.u4mee19032@cb.students.amrita.edu","MEE","A","2023","8","2","Placed"
"CB.EN.U4MEE19033","Yash Mishra","cb.en.u4mee19033@cb.students.amrita.edu","MEE","A","2023","7.65","1","Placed"
"CB.EN.U4MEE19034","Varun Pillai","cb.en.u4mee19034@cb.students.amrita.edu","MEE","A","2023","8.64","1","Not Placed"
"CB.EN.U4MEE19035","Ananya Gupta","cb.en.u4mee19035@cb.students.amrita.edu","MEE","A","2023","9.41","1","Not Placed"
"CB.EN.U4MEE19036","Janani Gupta","cb.en.u4mee19036@cb.students.amrita.edu","MEE","A","2023","7.58","1","Placed"
"CB.EN.U4MEE19037","Varun Patel","cb.en.u4mee19037@cb.students.amrita.edu","MEE","A","2023","8.02","0","Not Placed"
"CB.EN.U4MEE19038","Harish Gupta","cb.en.u4mee19038@cb.students.amrita.edu","MEE","A","2023","7.48","0","Placed"
"CB.EN.U4MEE19039","Aarav Verma","cb.en.u4mee19039@cb.students.amrita.edu","MEE","A","2023","7.25","0","Not Placed"
"CB.EN.U4MEE19040","Meera Bose","cb.en.u4mee19040@cb.students.amrita.edu","MEE","A","2023","7.32","2","Not Placed"
"CB.EN.U4MEE19041","Akash Sharma","cb.en.u4mee19041@cb.students.amrita.edu","MEE","A","2023","9.2","2","Not Placed"
"CB.EN.U4MEE19042","Ananya Shetty","cb.en.u4mee19042@cb.students.amrita.edu","MEE","A","2023","7.49","1","Placed"
"CB.EN.U4MEE19043","Aishwarya Kapoor","cb.en.u4mee19043@cb.students.amrita.edu","MEE","A","2023","9.11","2","Not Placed"
"CB.EN.U4MEE19044","Lakshmi Verma","cb.en.u4mee19044@cb.students.amrita.edu","MEE","A","2023","9.4","2","Placed"
"CB.EN.U4MEE19045","Meera Gupta","cb.en.u4mee19045@cb.students.amrita.edu","MEE","A","2023","8.67","1","Placed"
"CB.EN.U4MEE19046","Meera Patel","cb.en.u4mee19046@cb.students.amrita.edu","MEE","A","2023","6.22","0","Placed"
"CB.EN.U4MEE19047","Zara Iyer","cb.en.u4mee19047@cb.students.amrita.edu","MEE","A","2023","7.43","2","Placed"
"CB.EN.U4MEE19048","Harish Nagarajan","cb.en.u4mee19048@cb.students.amrita.edu","MEE","A","2023","9.37","1","Placed"
"CB.EN.U4MEE19049","Bhavya Verma","cb.en.u4mee19049@cb.students.amrita.edu","MEE","A","2023","9.81","0","Not Placed"
"CB.EN.U4MEE19050","Riya Das","cb.en.u4mee19050@cb.students.amrita.edu","MEE","A","2023","6.28","0","Placed"
"CB.EN.U4MEE19051","Riya Nair","cb.en.u4mee19051@cb.students.amrita.edu","MEE","A","2023","9.57","1","Placed"
"CB.EN.U4MEE19052","Sanjay Nagarajan","cb.en.u4mee19052@cb.students.amrita.edu","MEE","A","2023","9.84","2","Placed"
"CB.EN.U4MEE19053","Zara Bose","cb.en.u4mee19053@cb.students.amrita.edu","MEE","A","2023","6.3","2","Placed"
"CB.EN.U4MEE19054","Tanvi Mishra","cb.en.u4mee19054@cb.students.amrita.edu","MEE","A","2023","6.4","1","Placed"
"CB.EN.U4MEE19055","Anirudh Das","cb.en.u4mee19055@cb.students.amrita.edu","MEE","A","2023","8.82","1","Placed"
"CB.EN.U4MEE19056","Ishaan Mishra","cb.en.u4mee19056@cb.students.amrita.edu","MEE","A","2023","8.66","1","Not Placed"
"CB.EN.U4MEE19057","Aarav Raman","cb.en.u4mee19057@cb.students.amrita.edu","MEE","A","2023","6.06","0","Not Placed"
"CB.EN.U4MEE19058","Yash Chatterjee","cb.en.u4mee19058@cb.students.amrita.edu","MEE","A","2023","7.93","2","Not Placed"
"CB.EN.U4MEE19059","Aarav Shetty","cb.en.u4mee19059@cb.students.amrita.edu","MEE","A","2023","7.37","1","Not Placed"
"CB.EN.U4MEE19060","Janani Patel","cb.en.u4mee19060@cb.students.amrita.edu","MEE","A","2023","8.47","2","Not Placed"
"CB.EN.U4MEE19101","Arya Kapoor","cb.en.u4mee19101@cb.students.amrita.edu","MEE","B","2023","8.68","0","Not Placed"
"CB.EN.U4MEE19102","Aarav Nagarajan","cb.en.u4mee19102@cb.students.amrita.edu","MEE","B","2023","8.06","0","Not Placed"
"CB.EN.U4MEE19103","Karthik Nair","cb.en.u4mee19103@cb.students.amrita.edu","MEE","B","2023","6.7","2","Not Placed"
"CB.EN.U4MEE19104","Diya Raman","cb.en.u4mee19104@cb.students.amrita.edu","MEE","B","2023","7.6","2","Not Placed"
"CB.EN.U4MEE19105","Varun Gupta","cb.en.u4mee19105@cb.students.amrita.edu","MEE","B","2023","9.75","0","Placed"
"CB.EN.U4MEE19106","Ananya Patel","cb.en.u4mee19106@cb.students.amrita.edu","MEE","B","2023","9.37","1","Placed"
"CB.EN.U4MEE19107","Ishaan Reddy","cb.en.u4mee19107@cb.students.amrita.edu","MEE","B","2023","6.19","1","Not Placed"
"CB.EN.U4MEE19108","Akash Das","cb.en.u4mee19108@cb.students.amrita.edu","MEE","B","2023","8.6","2","Not Placed"
"CB.EN.U4MEE19109","Arya Nagarajan","cb.en.u4mee19109@cb.students.amrita.edu","MEE","B","2023","8.71","0","Not Placed"
"CB.EN.U4MEE19110","Anirudh Verma","cb.en.u4mee19110@cb.students.amrita.edu","MEE","B","2023","6.62","0","Not Placed"
"CB.EN.U4MEE19111","Arya Krishnan","cb.en.u4mee19111@cb.students.amrita.edu","MEE","B","2023","7.04","0","Not Placed"
"CB.EN.U4MEE19112","Karthik Chatterjee","cb.en.u4mee19112@cb.students.amrita.edu","MEE","B","2023","6.01","1","Placed"
"CB.EN.U4MEE19113","Bhavya Chatterjee","cb.en.u4mee19113@cb.students.amrita.edu","MEE","B","2023","7.64","0","Placed"
"CB.EN.U4MEE19114","Aditya Raman","cb.en.u4mee19114@cb.students.amrita.edu","MEE","B","2023","7.08","1","Placed"
"CB.EN.U4MEE19115","Zara Krishnan","cb.en.u4mee19115@cb.students.amrita.edu","MEE","B","2023","9.26","1","Placed"
"CB.EN.U4MEE19116","Nikhil Chatterjee","cb.en.u4mee19116@cb.students.amrita.edu","MEE","B","2023","9.14","2","Placed"
"CB.EN.U4MEE19117","Sanjay Raman","cb.en.u4mee19117@cb.students.amrita.edu","MEE","B","2023","8.17","2","Placed"
"CB.EN.U4MEE19118","Aishwarya Reddy","cb.en.u4mee19118@cb.students.amrita.edu","MEE","B","2023","7.41","1","Placed"
"CB.EN.U4MEE19119","Charan Bose","cb.en.u4mee19119@cb.students.amrita.edu","MEE","B","2023","6.86","1","Placed"
"CB.EN.U4MEE19120","Varun Joshi","cb.en.u4mee19120@cb.students.amrita.edu","MEE","B","2023","9.47","0","Placed"
"CB.EN.U4MEE19121","Janani Shetty","cb.en.u4mee19121@cb.students.amrita.edu","MEE","B","2023","7.59","1","Placed"
"CB.EN.U4MEE19122","Karthik Verma","cb.en.u4mee19122@cb.students.amrita.edu","MEE","B","2023","7.88","1","Placed"
"CB.EN.U4MEE19123","Aditya Das","cb.en.u4mee19123@cb.students.amrita.edu","MEE","B","2023","7.25","1","Placed"
"CB.EN.U4MEE19124","Keerthana Verma","cb.en.u4mee19124@cb.students.amrita.edu","MEE","B","2023","9.36","0","Not Placed"
"CB.EN.U4MEE19125","Diya Sharma","cb.en.u4mee19125@cb.students.amrita.edu","MEE","B","2023","7.9","0","Not Placed"
"CB.EN.U4MEE19126","Akash Krishnan","cb.en.u4mee19126@cb.students.amrita.edu","MEE","B","2023","7.66","0","Placed"
"CB.EN.U4MEE19127","Charan Pillai","cb.en.u4mee19127@cb.students.amrita.edu","MEE","B","2023","7.94","2","Not Placed"
"CB.EN.U4MEE19128","Janani Joshi","cb.en.u4mee19128@cb.students.amrita.edu","MEE","B","2023","7.21","0","Not Placed"
"CB.EN.U4MEE19129","Ishaan Shetty","cb.en.u4mee19129@cb.students.amrita.edu","MEE","B","2023","8.85","2","Placed"
"CB.EN.U4MEE19130","Ishaan Pillai","cb.en.u4mee19130@cb.students.amrita.edu","MEE","B","2023","9.82","0","Not Placed"
"CB.EN.U4MEE19131","Nikhil Joshi","cb.en.u4mee19131@cb.students.amrita.edu","MEE","B","2023","6.03","0","Placed"
"CB.EN.U4MEE19132","Charan Reddy","cb.en.u4mee19132@cb.students.amrita.edu","MEE","B","2023","6.66","2","Not Placed"
"CB.EN.U4MEE19133","Aditya Nair","cb.en.u4mee19133@cb.students.amrita.edu","MEE","B","2023","6.28","0","Not Placed"
"CB.EN.U4MEE19134","Harish Raman","cb.en.u4mee19134@cb.students.amrita.edu","MEE","B","2023","7.73","0","Not Placed"
"CB.EN.U4MEE19135","Meera Gupta","cb.en.u4mee19135@cb.students.amrita.edu","MEE","B","2023","8.36","2","Placed"
"CB.EN.U4MEE19136","Lakshmi Chatterjee","cb.en.u4mee19136@cb.students.amrita.edu","MEE","B","2023","7.49","1","Placed"
"CB.EN.U4MEE19137","Janani Patel","cb.en.u4mee19137@cb.students.amrita.edu","MEE","B","2023","6.55","2","Placed"
"CB.EN.U4MEE19138","Anirudh Nair","cb.en.u4mee19138@cb.students.amrita.edu","MEE","B","2023","7.07","0","Placed"
"CB.EN.U4MEE19139","Sneha Shetty","cb.en.u4mee19139@cb.students.amrita.edu","MEE","B","2023","6.1","2","Placed"
"CB.EN.U4MEE19140","Keerthana Shetty","cb.en.u4mee19140@cb.students.amrita.edu","MEE","B","2023","6.68","1","Placed"
"CB.EN.U4MEE19141","Varun Shetty","cb.en.u4mee19141@cb.students.amrita.edu","MEE","B","2023","6.48","2","Not Placed"
"CB.EN.U4MEE19142","Karthik Verma","cb.en.u4mee19142@cb.students.amrita.edu","MEE","B","2023","9.87","1","Not Placed"
"CB.EN.U4MEE19143","Ananya Nagarajan","cb.en.u4mee19143@cb.students.amrita.edu","MEE","B","2023","7.31","0","Placed"
"CB.EN.U4MEE19144","Karthik Kapoor","cb.en.u4mee19144@cb.students.amrita.edu","MEE","B","2023","7.27","1","Placed"
"CB.EN.U4MEE19145","Ishaan Kapoor","cb.en.u4mee19145@cb.students.amrita.edu","MEE","B","2023","7.28","2","Placed"
"CB.EN.U4MEE19146","Lakshmi Gupta","cb.en.u4mee19146@cb.students.amrita.edu","MEE","B","2023","8.01","0","Placed"
"CB.EN.U4MEE19147","Meera Pillai","cb.en.u4mee19147@cb.students.amrita.edu","MEE","B","2023","9.65","2","Not Placed"
"CB.EN.U4MEE19148","Pooja Iyer","cb.en.u4mee19148@cb.students.amrita.edu","MEE","B","2023","7.23","2","Placed"
"CB.EN.U4MEE19149","Zara Reddy","cb.en.u4mee19149@cb.students.amrita.edu","MEE","B","2023","9.12","2","Not Placed"
"CB.EN.U4MEE19150","Rahul Chatterjee","cb.en.u4mee19150@cb.students.amrita.edu","MEE","B","2023","7.88","0","Not Placed"
"CB.EN.U4MEE19151","Yash Shetty","cb.en.u4mee19151@cb.students.amrita.edu","MEE","B","2023","8.57","1","Placed"
"CB.EN.U4MEE19152","Arya Gupta","cb.en.u4mee19152@cb.students.amrita.edu","MEE","B","2023","6.16","2","Not Placed"
"CB.EN.U4MEE19153","Aditya Bose","cb.en.u4mee19153@cb.students.amrita.edu","MEE","B","2023","7.83","2","Placed"
"CB.EN.U4MEE19154","Ananya Krishnan","cb.en.u4mee19154@cb.students.amrita.edu","MEE","B","2023","8.5","1","Placed"
"CB.EN.U4MEE19155","Sneha Nair","cb.en.u4mee19155@cb.students.amrita.edu","MEE","B","2023","6.03","2","Placed"
"CB.EN.U4MEE19156","Harish Kapoor","cb.en.u4mee19156@cb.students.amrita.edu","MEE","B","2023","9.73","2","Placed"
"CB.EN.U4MEE19157","Tanvi Nagarajan","cb.en.u4mee19157@cb.students.amrita.edu","MEE","B","2023","8.72","1","Not Placed"
"CB.EN.U4MEE19158","Sneha Iyer","cb.en.u4mee19158@cb.students.amrita.edu","MEE","B","2023","7.4","1","Placed"
"CB.EN.U4MEE19159","Bhavya Shetty","cb.en.u4mee19159@cb.students.amrita.edu","MEE","B","2023","8.24","0","Placed"
"CB.EN.U4MEE19160","Arjun Patel","cb.en.u4mee19160@cb.students.amrita.edu","MEE","B","2023","8.61","2","Placed"
"CB.EN.U4MEE19201","Sanjay Nair","cb.en.u4mee19201@cb.students.amrita.edu","MEE","C","2023","8.72","1","Not Placed"
"CB.EN.U4MEE19202","Arjun Pillai","cb.en.u4mee19202@cb.students.amrita.edu","MEE","C","2023","9.13","1","Not Placed"
"CB.EN.U4MEE19203","Keerthana Menon","cb.en.u4mee19203@cb.students.amrita.edu","MEE","C","2023","6.76","2","Not Placed"
"CB.EN.U4MEE19204","Vikram Joshi","cb.en.u4mee19204@cb.students.amrita.edu","MEE","C","2023","7.19","1","Not Placed"
"CB.EN.U4MEE19205","Arjun Sharma","cb.en.u4mee19205@cb.students.amrita.edu","MEE","C","2023","6.06","0","Not Placed"
"CB.EN.U4MEE19206","Varun Nagarajan","cb.en.u4mee19206@cb.students.amrita.edu","MEE","C","2023","8.19","1","Not Placed"
"CB.EN.U4MEE19207","Nikhil Bose","cb.en.u4mee19207@cb.students.amrita.edu","MEE","C","2023","9.3","0","Placed"
"CB.EN.U4MEE19208","Nikhil Reddy","cb.en.u4mee19208@cb.students.amrita.edu","MEE","C","2023","9.63","0","Placed"
"CB.EN.U4MEE19209","Meera Bose","cb.en.u4mee19209@cb.students.amrita.edu","MEE","C","2023","9.86","0","Not Placed"
"CB.EN.U4MEE19210","Riya Kapoor","cb.en.u4mee19210@cb.students.amrita.edu","MEE","C","2023","7.89","1","Not Placed"
"CB.EN.U4MEE19211","Bhavya Reddy","cb.en.u4mee19211@cb.students.amrita.edu","MEE","C","2023","7.7","0","Placed"
"CB.EN.U4MEE19212","Harish Kapoor","cb.en.u4mee19212@cb.students.amrita.edu","MEE","C","2023","8.94","2","Not Placed"
"CB.EN.U4MEE19213","Surya Kapoor","cb.en.u4mee19213@cb.students.amrita.edu","MEE","C","2023","9.69","2","Not Placed"
"CB.EN.U4MEE19214","Diya Verma","cb.en.u4mee19214@cb.students.amrita.edu","MEE","C","2023","9.47","1","Placed"
"CB.EN.U4MEE19215","Lakshmi Mishra","cb.en.u4mee19215@cb.students.amrita.edu","MEE","C","2023","9.36","2","Placed"
"CB.EN.U4MEE19216","Anirudh Pillai","cb.en.u4mee19216@cb.students.amrita.edu","MEE","C","2023","7.19","1","Placed"
"CB.EN.U4MEE19217","Zara Iyer","cb.en.u4mee19217@cb.students.amrita.edu","MEE","C","2023","8.1","0","Not Placed"
"CB.EN.U4MEE19218","Janani Sharma","cb.en.u4mee19218@cb.students.amrita.edu","MEE","C","2023","7.56","0","Not Placed"
"CB.EN.U4MEE19219","Bhavya Sharma","cb.en.u4mee19219@cb.students.amrita.edu","MEE","C","2023","8.02","1","Not Placed"
"CB.EN.U4MEE19220","Keerthana Joshi","cb.en.u4mee19220@cb.students.amrita.edu","MEE","C","2023","9.88","2","Not Placed"
"CB.EN.U4MEE19221","Tanvi Kapoor","cb.en.u4mee19221@cb.students.amrita.edu","MEE","C","2023","9.06","0","Not Placed"
"CB.EN.U4MEE19222","Zara Kulkarni","cb.en.u4mee19222@cb.students.amrita.edu","MEE","C","2023","6.22","0","Not Placed"
"CB.EN.U4MEE19223","Anirudh Kapoor","cb.en.u4mee19223@cb.students.amrita.edu","MEE","C","2023","6.81","0","Not Placed"
"CB.EN.U4MEE19224","Diya Sharma","cb.en.u4mee19224@cb.students.amrita.edu","MEE","C","2023","8.31","2","Not Placed"
"CB.EN.U4MEE19225","Yash Verma","cb.en.u4mee19225@cb.students.amrita.edu","MEE","C","2023","7.09","2","Placed"
"CB.EN.U4MEE19226","Varun Krishnan","cb.en.u4mee19226@cb.students.amrita.edu","MEE","C","2023","7.68","1","Placed"
"CB.EN.U4MEE19227","Bhavya Gupta","cb.en.u4mee19227@cb.students.amrita.edu","MEE","C","2023","7.29","1","Not Placed"
"CB.EN.U4MEE19228","Anirudh Reddy","cb.en.u4mee19228@cb.students.amrita.edu","MEE","C","2023","9.81","1","Placed"
"CB.EN.U4MEE19229","Janani Das","cb.en.u4mee19229@cb.students.amrita.edu","MEE","C","2023","9.74","2","Placed"
"CB.EN.U4MEE19230","Harish Bose","cb.en.u4mee19230@cb.students.amrita.edu","MEE","C","2023","7.9","0","Placed"
"CB.EN.U4MEE19231","Rahul Gupta","cb.en.u4mee19231@cb.students.amrita.edu","MEE","C","2023","7.36","2","Not Placed"
"CB.EN.U4MEE19232","Charan Pillai","cb.en.u4mee19232@cb.students.amrita.edu","MEE","C","2023","8.98","0","Placed"
"CB.EN.U4MEE19233","Charan Kulkarni","cb.en.u4mee19233@cb.students.amrita.edu","MEE","C","2023","8.29","2","Not Placed"
"CB.EN.U4MEE19234","Keerthana Reddy","cb.en.u4mee19234@cb.students.amrita.edu","MEE","C","2023","9.36","1","Not Placed"
"CB.EN.U4MEE19235","Rahul Verma","cb.en.u4mee19235@cb.students.amrita.edu","MEE","C","2023","9.84","2","Not Placed"
"CB.EN.U4MEE19236","Nikhil Krishnan","cb.en.u4mee19236@cb.students.amrita.edu","MEE","C","2023","6.49","2","Placed"
"CB.EN.U4MEE19237","Rahul Krishnan","cb.en.u4mee19237@cb.students.amrita.edu","MEE","C","2023","7.12","0","Placed"
"CB.EN.U4MEE19238","Meera Bose","cb.en.u4mee19238@cb.students.amrita.edu","MEE","C","2023","7.18","2","Not Placed"
"CB.EN.U4MEE19239","Charan Iyer","cb.en.u4mee19239@cb.students.amrita.edu","MEE","C","2023","7.3","1","Not Placed"
"CB.EN.U4MEE19240","Sanjay Pillai","cb.en.u4mee19240@cb.students.amrita.edu","MEE","C","2023","9.83","2","Not Placed"
"CB.EN.U4MEE19241","Meera Gupta","cb.en.u4mee19241@cb.students.amrita.edu","MEE","C","2023","6.57","2","Placed"
"CB.EN.U4MEE19242","Keerthana Krishnan","cb.en.u4mee19242@cb.students.amrita.edu","MEE","C","2023","8.14","0","Placed"
"CB.EN.U4MEE19243","Sanjay Iyer","cb.en.u4mee19243@cb.students.amrita.edu","MEE","C","2023","9.03","0","Placed"
"CB.EN.U4MEE19244","Bhavya Shetty","cb.en.u4mee19244@cb.students.amrita.edu","MEE","C","2023","9.31","0","Placed"
"CB.EN.U4MEE19245","Rahul Sharma","cb.en.u4mee19245@cb.students.amrita.edu","MEE","C","2023","7.79","0","Not Placed"
"CB.EN.U4MEE19246","Pooja Sharma","cb.en.u4mee19246@cb.students.amrita.edu","MEE","C","2023","9.2","2","Not Placed"
"CB.EN.U4MEE19247","Keerthana Iyer","cb.en.u4mee19247@cb.students.amrita.edu","MEE","C","2023","8.61","0","Not Placed"
"CB.EN.U4MEE19248","Anirudh Chatterjee","cb.en.u4mee19248@cb.students.amrita.edu","MEE","C","2023","6.15","2","Not Placed"
"CB.EN.U4MEE19249","Nikhil Nair","cb.en.u4mee19249@cb.students.amrita.edu","MEE","C","2023","9.02","1","Placed"
"CB.EN.U4MEE19250","Zara Reddy","cb.en.u4mee19250@cb.students.amrita.edu","MEE","C","2023","7.54","2","Placed"
"CB.EN.U4MEE19251","Surya Chatterjee","cb.en.u4mee19251@cb.students.amrita.edu","MEE","C","2023","9.3","0","Placed"
"CB.EN.U4MEE19252","Vikram Chatterjee","cb.en.u4mee19252@cb.students.amrita.edu","MEE","C","2023","8.47","2","Placed"
"CB.EN.U4MEE19253","Pooja Shetty","cb.en.u4mee19253@cb.students.amrita.edu","MEE","C","2023","8.98","2","Not Placed"
"CB.EN.U4MEE19254","Sanjay Joshi","cb.en.u4mee19254@cb.students.amrita.edu","MEE","C","2023","8.94","1","Placed"
"CB.EN.U4MEE19255","Vikram Nair","cb.en.u4mee19255@cb.students.amrita.edu","MEE","C","2023","8.56","2","Placed"
"CB.EN.U4MEE19256","Vikram Shetty","cb.en.u4mee19256@cb.students.amrita.edu","MEE","C","2023","7.9","0","Not Placed"
"CB.EN.U4MEE19257","Keerthana Patel","cb.en.u4mee19257@cb.students.amrita.edu","MEE","C","2023","9.43","2","Not Placed"
"CB.EN.U4MEE19258","Anirudh Reddy","cb.en.u4mee19258@cb.students.amrita.edu","MEE","C","2023","8.24","0","Placed"
"CB.EN.U4MEE19259","Surya Nagarajan","cb.en.u4mee19259@cb.students.amrita.edu","MEE","C","2023","9.1","2","Placed"
"CB.EN.U4MEE19260","Bhavya Menon","cb.en.u4mee19260@cb.students.amrita.edu","MEE","C","2023","7.2","1","Not Placed"
"CB.EN.U4MEE19301","Akash Iyer","cb.en.u4mee19301@cb.students.amrita.edu","MEE","D","2023","7.56","0","Placed"
"CB.EN.U4MEE19302","Sanjay Das","cb.en.u4mee19302@cb.students.amrita.edu","MEE","D","2023","8.82","1","Placed"
"CB.EN.U4MEE19303","Karthik Pillai","cb.en.u4mee19303@cb.students.amrita.edu","MEE","D","2023","6.41","2","Placed"
"CB.EN.U4MEE19304","Ishaan Reddy","cb.en.u4mee19304@cb.students.amrita.edu","MEE","D","2023","9.7","0","Not Placed"
"CB.EN.U4MEE19305","Aditya Mishra","cb.en.u4mee19305@cb.students.amrita.edu","MEE","D","2023","6.35","2","Not Placed"
"CB.EN.U4MEE19306","Charan Mishra","cb.en.u4mee19306@cb.students.amrita.edu","MEE","D","2023","8.06","0","Placed"
"CB.EN.U4MEE19307","Diya Nair","cb.en.u4mee19307@cb.students.amrita.edu","MEE","D","2023","7.66","1","Not Placed"
"CB.EN.U4MEE19308","Nikhil Das","cb.en.u4mee19308@cb.students.amrita.edu","MEE","D","2023","6.12","0","Not Placed"
"CB.EN.U4MEE19309","Diya Patel","cb.en.u4mee19309@cb.students.amrita.edu","MEE","D","2023","8.63","2","Placed"
"CB.EN.U4MEE19310","Surya Verma","cb.en.u4mee19310@cb.students.amrita.edu","MEE","D","2023","8.2","1","Placed"
"CB.EN.U4MEE19311","Yash Kulkarni","cb.en.u4mee19311@cb.students.amrita.edu","MEE","D","2023","6.79","1","Not Placed"
"CB.EN.U4MEE19312","Tanvi Das","cb.en.u4mee19312@cb.students.amrita.edu","MEE","D","2023","9.61","0","Not Placed"
"CB.EN.U4MEE19313","Pooja Mishra","cb.en.u4mee19313@cb.students.amrita.edu","MEE","D","2023","6.68","2","Placed"
"CB.EN.U4MEE19314","Anirudh Krishnan","cb.en.u4mee19314@cb.students.amrita.edu","MEE","D","2023","8.6","1","Not Placed"
"CB.EN.U4MEE19315","Janani Iyer","cb.en.u4mee19315@cb.students.amrita.edu","MEE","D","2023","9.9","2","Placed"
"CB.EN.U4MEE19316","Janani Patel","cb.en.u4mee19316@cb.students.amrita.edu","MEE","D","2023","8.11","0","Placed"
"CB.EN.U4MEE19317","Ishaan Patel","cb.en.u4mee19317@cb.students.amrita.edu","MEE","D","2023","7.37","1","Not Placed"
"CB.EN.U4MEE19318","Aishwarya Reddy","cb.en.u4mee19318@cb.students.amrita.edu","MEE","D","2023","8.34","2","Not Placed"
"CB.EN.U4MEE19319","Janani Nagarajan","cb.en.u4mee19319@cb.students.amrita.edu","MEE","D","2023","8.23","2","Placed"
"CB.EN.U4MEE19320","Aishwarya Das","cb.en.u4mee19320@cb.students.amrita.edu","MEE","D","2023","7.72","2","Not Placed"
"CB.EN.U4MEE19321","Bhavya Nagarajan","cb.en.u4mee19321@cb.students.amrita.edu","MEE","D","2023","8.44","2","Placed"
"CB.EN.U4MEE19322","Rahul Patel","cb.en.u4mee19322@cb.students.amrita.edu","MEE","D","2023","8.48","0","Not Placed"
"CB.EN.U4MEE19323","Vikram Raman","cb.en.u4mee19323@cb.students.amrita.edu","MEE","D","2023","7.14","2","Placed"
"CB.EN.U4MEE19324","Riya Joshi","cb.en.u4mee19324@cb.students.amrita.edu","MEE","D","2023","6.17","2","Not Placed"
"CB.EN.U4MEE19325","Zara Kulkarni","cb.en.u4mee19325@cb.students.amrita.edu","MEE","D","2023","8.61","2","Placed"
"CB.EN.U4MEE19326","Ishaan Das","cb.en.u4mee19326@cb.students.amrita.edu","MEE","D","2023","6.28","0","Not Placed"
"CB.EN.U4MEE19327","Janani Gupta","cb.en.u4mee19327@cb.students.amrita.edu","MEE","D","2023","6.26","1","Not Placed"
"CB.EN.U4MEE19328","Arjun Krishnan","cb.en.u4mee19328@cb.students.amrita.edu","MEE","D","2023","6.91","1","Not Placed"
"CB.EN.U4MEE19329","Ishaan Menon","cb.en.u4mee19329@cb.students.amrita.edu","MEE","D","2023","6.05","2","Placed"
"CB.EN.U4MEE19330","Akash Iyer","cb.en.u4mee19330@cb.students.amrita.edu","MEE","D","2023","6.47","0","Not Placed"
"CB.EN.U4MEE19331","Varun Kulkarni","cb.en.u4mee19331@cb.students.amrita.edu","MEE","D","2023","8.88","2","Placed"
"CB.EN.U4MEE19332","Ishaan Chatterjee","cb.en.u4mee19332@cb.students.amrita.edu","MEE","D","2023","8.18","1","Not Placed"
"CB.EN.U4MEE19333","Akash Kulkarni","cb.en.u4mee19333@cb.students.amrita.edu","MEE","D","2023","9.06","0","Placed"
"CB.EN.U4MEE19334","Riya Nair","cb.en.u4mee19334@cb.students.amrita.edu","MEE","D","2023","6.8","2","Placed"
"CB.EN.U4MEE19335","Sanjay Chatterjee","cb.en.u4mee19335@cb.students.amrita.edu","MEE","D","2023","8.28","2","Not Placed"
"CB.EN.U4MEE19336","Ananya Iyer","cb.en.u4mee19336@cb.students.amrita.edu","MEE","D","2023","7.74","1","Placed"
"CB.EN.U4MEE19337","Aishwarya Iyer","cb.en.u4mee19337@cb.students.amrita.edu","MEE","D","2023","8.24","1","Not Placed"
"CB.EN.U4MEE19338","Janani Reddy","cb.en.u4mee19338@cb.students.amrita.edu","MEE","D","2023","6.39","0","Placed"
"CB.EN.U4MEE19339","Ananya Bose","cb.en.u4mee19339@cb.students.amrita.edu","MEE","D","2023","6.6","0","Not Placed"
"CB.EN.U4MEE19340","Bhavya Nair","cb.en.u4mee19340@cb.students.amrita.edu","MEE","D","2023","7.46","0","Not Placed"
"CB.EN.U4MEE19341","Rahul Patel","cb.en.u4mee19341@cb.students.amrita.edu","MEE","D","2023","7.24","0","Not Placed"
"CB.EN.U4MEE19342","Aarav Kapoor","cb.en.u4mee19342@cb.students.amrita.edu","MEE","D","2023","6.66","1","Placed"
"CB.EN.U4MEE19343","Meera Gupta","cb.en.u4mee19343@cb.students.amrita.edu","MEE","D","2023","7.53","2","Not Placed"
"CB.EN.U4MEE19344","Zara Nagarajan","cb.en.u4mee19344@cb.students.amrita.edu","MEE","D","2023","8.83","0","Not Placed"
"CB.EN.U4MEE19345","Ishaan Kulkarni","cb.en.u4mee19345@cb.students.amrita.edu","MEE","D","2023","9.07","2","Placed"
"CB.EN.U4MEE19346","Karthik Bose","cb.en.u4mee19346@cb.students.amrita.edu","MEE","D","2023","9.08","0","Placed"
"CB.EN.U4MEE19347","Akash Gupta","cb.en.u4mee19347@cb.students.amrita.edu","MEE","D","2023","7.63","2","Placed"
"CB.EN.U4MEE19348","Ishaan Iyer","cb.en.u4mee19348@cb.students.amrita.edu","MEE","D","2023","8.22","1","Not Placed"
"CB.EN.U4MEE19349","Sneha Patel","cb.en.u4mee19349@cb.students.amrita.edu","MEE","D","2023","7.17","1","Placed"
"CB.EN.U4MEE19350","Sneha Mishra","cb.en.u4mee19350@cb.students.amrita.edu","MEE","D","2023","7.96","2","Not Placed"
"CB.EN.U4MEE19351","Vikram Chatterjee","cb.en.u4mee19351@cb.students.amrita.edu","MEE","D","2023","7.41","2","Not Placed"
"CB.EN.U4MEE19352","Ananya Shetty","cb.en.u4mee19352@cb.students.amrita.edu","MEE","D","2023","7.61","0","Not Placed"
"CB.EN.U4MEE19353","Meera Mishra","cb.en.u4mee19353@cb.students.amrita.edu","MEE","D","2023","7.38","0","Placed"
"CB.EN.U4MEE19354","Akash Sharma","cb.en.u4mee19354@cb.students.amrita.edu","MEE","D","2023","7.1","0","Not Placed"
"CB.EN.U4MEE19355","Charan Raman","cb.en.u4mee19355@cb.students.amrita.edu","MEE","D","2023","7.14","1","Not Placed"
"CB.EN.U4MEE19356","Bhavya Reddy","cb.en.u4mee19356@cb.students.amrita.edu","MEE","D","2023","7.67","2","Not Placed"
"CB.EN.U4MEE19357","Arya Mishra","cb.en.u4mee19357@cb.students.amrita.edu","MEE","D","2023","6.91","0","Not Placed"
"CB.EN.U4MEE19358","Lakshmi Raman","cb.en.u4mee19358@cb.students.amrita.edu","MEE","D","2023","9.17","0","Not Placed"
"CB.EN.U4MEE19359","Anirudh Joshi","cb.en.u4mee19359@cb.students.amrita.edu","MEE","D","2023","6.16","0","Placed"
"CB.EN.U4MEE19360","Varun Chatterjee","cb.en.u4mee19360@cb.students.amrita.edu","MEE","D","2023","9.86","0","Placed"
"CB.EN.U4MEE19401","Meera Chatterjee","cb.en.u4mee19401@cb.students.amrita.edu","MEE","E","2023","8.96","2","Placed"
"CB.EN.U4MEE19402","Zara Patel","cb.en.u4mee19402@cb.students.amrita.edu","MEE","E","2023","8.77","2","Placed"
"CB.EN.U4MEE19403","Sneha Das","cb.en.u4mee19403@cb.students.amrita.edu","MEE","E","2023","8.82","2","Placed"
"CB.EN.U4MEE19404","Meera Iyer","cb.en.u4mee19404@cb.students.amrita.edu","MEE","E","2023","8.98","2","Not Placed"
"CB.EN.U4MEE19405","Aarav Krishnan","cb.en.u4mee19405@cb.students.amrita.edu","MEE","E","2023","9.15","0","Not Placed"
"CB.EN.U4MEE19406","Surya Mishra","cb.en.u4mee19406@cb.students.amrita.edu","MEE","E","2023","8.11","2","Placed"
"CB.EN.U4MEE19407","Ishaan Pillai","cb.en.u4mee19407@cb.students.amrita.edu","MEE","E","2023","7.13","0","Placed"
"CB.EN.U4MEE19408","Aditya Verma","cb.en.u4mee19408@cb.students.amrita.edu","MEE","E","2023","7.69","0","Not Placed"
"CB.EN.U4MEE19409","Aishwarya Gupta","cb.en.u4mee19409@cb.students.amrita.edu","MEE","E","2023","8.69","1","Not Placed"
"CB.EN.U4MEE19410","Harish Bose","cb.en.u4mee19410@cb.students.amrita.edu","MEE","E","2023","9.68","1","Placed"
"CB.EN.U4MEE19411","Pooja Joshi","cb.en.u4mee19411@cb.students.amrita.edu","MEE","E","2023","9.9","2","Placed"
"CB.EN.U4MEE19412","Aarav Verma","cb.en.u4mee19412@cb.students.amrita.edu","MEE","E","2023","9.79","0","Not Placed"
"CB.EN.U4MEE19413","Surya Kulkarni","cb.en.u4mee19413@cb.students.amrita.edu","MEE","E","2023","6.08","1","Not Placed"
"CB.EN.U4MEE19414","Akash Menon","cb.en.u4mee19414@cb.students.amrita.edu","MEE","E","2023","7.36","2","Not Placed"
"CB.EN.U4MEE19415","Harish Verma","cb.en.u4mee19415@cb.students.amrita.edu","MEE","E","2023","9.86","2","Not Placed"
"CB.EN.U4MEE19416","Aditya Nair","cb.en.u4mee19416@cb.students.amrita.edu","MEE","E","2023","9.73","1","Placed"
"CB.EN.U4MEE19417","Surya Sharma","cb.en.u4mee19417@cb.students.amrita.edu","MEE","E","2023","6.87","1","Not Placed"
"CB.EN.U4MEE19418","Tanvi Bose","cb.en.u4mee19418@cb.students.amrita.edu","MEE","E","2023","7.83","0","Not Placed"
"CB.EN.U4MEE19419","Surya Joshi","cb.en.u4mee19419@cb.students.amrita.edu","MEE","E","2023","9.18","0","Not Placed"
"CB.EN.U4MEE19420","Arya Menon","cb.en.u4mee19420@cb.students.amrita.edu","MEE","E","2023","9.26","1","Placed"
"CB.EN.U4MEE19421","Anirudh Sharma","cb.en.u4mee19421@cb.students.amrita.edu","MEE","E","2023","9.58","0","Not Placed"
"CB.EN.U4MEE19422","Yash Raman","cb.en.u4mee19422@cb.students.amrita.edu","MEE","E","2023","9.3","2","Not Placed"
"CB.EN.U4MEE19423","Aarav Das","cb.en.u4mee19423@cb.students.amrita.edu","MEE","E","2023","7.32","0","Placed"
"CB.EN.U4MEE19424","Meera Shetty","cb.en.u4mee19424@cb.students.amrita.edu","MEE","E","2023","6.49","0","Not Placed"
"CB.EN.U4MEE19425","Ananya Nair","cb.en.u4mee19425@cb.students.amrita.edu","MEE","E","2023","7.51","2","Not Placed"
"CB.EN.U4MEE19426","Ananya Das","cb.en.u4mee19426@cb.students.amrita.edu","MEE","E","2023","9.77","1","Not Placed"
"CB.EN.U4MEE19427","Pooja Iyer","cb.en.u4mee19427@cb.students.amrita.edu","MEE","E","2023","8.01","0","Placed"
"CB.EN.U4MEE19428","Anirudh Mishra","cb.en.u4mee19428@cb.students.amrita.edu","MEE","E","2023","8.56","2","Placed"
"CB.EN.U4MEE19429","Vikram Iyer","cb.en.u4mee19429@cb.students.amrita.edu","MEE","E","2023","8.17","1","Not Placed"
"CB.EN.U4MEE19430","Riya Raman","cb.en.u4mee19430@cb.students.amrita.edu","MEE","E","2023","9.58","2","Not Placed"
"CB.EN.U4MEE19431","Aishwarya Verma","cb.en.u4mee19431@cb.students.amrita.edu","MEE","E","2023","6.68","1","Not Placed"
"CB.EN.U4MEE19432","Tanvi Bose","cb.en.u4mee19432@cb.students.amrita.edu","MEE","E","2023","6.44","2","Placed"
"CB.EN.U4MEE19433","Aarav Patel","cb.en.u4mee19433@cb.students.amrita.edu","MEE","E","2023","9.48","1","Placed"
"CB.EN.U4MEE19434","Janani Chatterjee","cb.en.u4mee19434@cb.students.amrita.edu","MEE","E","2023","9.45","2","Not Placed"
"CB.EN.U4MEE19435","Sanjay Iyer","cb.en.u4mee19435@cb.students.amrita.edu","MEE","E","2023","8.79","0","Not Placed"
"CB.EN.U4MEE19436","Ananya Nagarajan","cb.en.u4mee19436@cb.students.amrita.edu","MEE","E","2023","7.62","0","Placed"
"CB.EN.U4MEE19437","Charan Nagarajan","cb.en.u4mee19437@cb.students.amrita.edu","MEE","E","2023","8.16","1","Not Placed"
"CB.EN.U4MEE19438","Varun Iyer","cb.en.u4mee19438@cb.students.amrita.edu","MEE","E","2023","9.17","1","Placed"
"CB.EN.U4MEE19439","Aditya Pillai","cb.en.u4mee19439@cb.students.amrita.edu","MEE","E","2023","7.94","1","Placed"
"CB.EN.U4MEE19440","Anirudh Patel","cb.en.u4mee19440@cb.students.amrita.edu","MEE","E","2023","8.62","0","Placed"
"CB.EN.U4MEE19441","Karthik Nair","cb.en.u4mee19441@cb.students.amrita.edu","MEE","E","2023","8.68","2","Placed"
"CB.EN.U4MEE19442","Aditya Raman","cb.en.u4mee19442@cb.students.amrita.edu","MEE","E","2023","9.33","2","Placed"
"CB.EN.U4MEE19443","Keerthana Kapoor","cb.en.u4mee19443@cb.students.amrita.edu","MEE","E","2023","9.22","0","Not Placed"
"CB.EN.U4MEE19444","Riya Raman","cb.en.u4mee19444@cb.students.amrita.edu","MEE","E","2023","6.92","2","Placed"
"CB.EN.U4MEE19445","Aditya Menon","cb.en.u4mee19445@cb.students.amrita.edu","MEE","E","2023","6.41","1","Not Placed"
"CB.EN.U4MEE19446","Anirudh Pillai","cb.en.u4mee19446@cb.students.amrita.edu","MEE","E","2023","7.42","1","Not Placed"
"CB.EN.U4MEE19447","Aarav Sharma","cb.en.u4mee19447@cb.students.amrita.edu","MEE","E","2023","9.08","2","Not Placed"
"CB.EN.U4MEE19448","Sanjay Pillai","cb.en.u4mee19448@cb.students.amrita.edu","MEE","E","2023","8.28","0","Not Placed"
"CB.EN.U4MEE19449","Janani Menon","cb.en.u4mee19449@cb.students.amrita.edu","MEE","E","2023","7.19","1","Not Placed"
"CB.EN.U4MEE19450","Aishwarya Iyer","cb.en.u4mee19450@cb.students.amrita.edu","MEE","E","2023","8.44","1","Placed"
"CB.EN.U4MEE19451","Harish Menon","cb.en.u4mee19451@cb.students.amrita.edu","MEE","E","2023","7.26","2","Placed"
"CB.EN.U4MEE19452","Varun Gupta","cb.en.u4mee19452@cb.students.amrita.edu","MEE","E","2023","8.77","1","Not Placed"
"CB.EN.U4MEE19453","Keerthana Shetty","cb.en.u4mee19453@cb.students.amrita.edu","MEE","E","2023","6.25","1","Not Placed"
"CB.EN.U4MEE19454","Surya Bose","cb.en.u4mee19454@cb.students.amrita.edu","MEE","E","2023","8.85","1","Placed"
"CB.EN.U4MEE19455","Ishaan Menon","cb.en.u4mee19455@cb.students.amrita.edu","MEE","E","2023","9.56","1","Placed"
"CB.EN.U4MEE19456","Karthik Raman","cb.en.u4mee19456@cb.students.amrita.edu","MEE","E","2023","6.53","2","Placed"
"CB.EN.U4MEE19457","Arjun Nagarajan","cb.en.u4mee19457@cb.students.amrita.edu","MEE","E","2023","8.67","0","Not Placed"
"CB.EN.U4MEE19458","Anirudh Das","cb.en.u4mee19458@cb.students.amrita.edu","MEE","E","2023","7.52","0","Not Placed"
"CB.EN.U4MEE19459","Bhavya Nair","cb.en.u4mee19459@cb.students.amrita.edu","MEE","E","2023","8.71","2","Placed"
"CB.EN.U4MEE19460","Karthik Verma","cb.en.u4mee19460@cb.students.amrita.edu","MEE","E","2023","7.47","2","Not Placed"
"CB.SC.U4CSE20001","Aditya Kapoor","cb.sc.u4cse20001@cb.students.amrita.edu","CSE","A","2024","7.43","1","Placed"
"CB.SC.U4CSE20002","Charan Mishra","cb.sc.u4cse20002@cb.students.amrita.edu","CSE","A","2024","6.38","1","Placed"
"CB.SC.U4CSE20003","Aarav Raman","cb.sc.u4cse20003@cb.students.amrita.edu","CSE","A","2024","8.95","0","Placed"
"CB.SC.U4CSE20004","Diya Iyer","cb.sc.u4cse20004@cb.students.amrita.edu","CSE","A","2024","6.14","2","Placed"
"CB.SC.U4CSE20005","Arjun Das","cb.sc.u4cse20005@cb.students.amrita.edu","CSE","A","2024","6.52","0","Placed"
"CB.SC.U4CSE20006","Aarav Patel","cb.sc.u4cse20006@cb.students.amrita.edu","CSE","A","2024","6.9","1","Placed"
"CB.SC.U4CSE20007","Pooja Das","cb.sc.u4cse20007@cb.students.amrita.edu","CSE","A","2024","6.36","0","Not Placed"
"CB.SC.U4CSE20008","Tanvi Chatterjee","cb.sc.u4cse20008@cb.students.amrita.edu","CSE","A","2024","8.65","1","Not Placed"
"CB.SC.U4CSE20009","Nikhil Nair","cb.sc.u4cse20009@cb.students.amrita.edu","CSE","A","2024","8.45","0","Not Placed"
"CB.SC.U4CSE20010","Arjun Mishra","cb.sc.u4cse20010@cb.students.amrita.edu","CSE","A","2024","7.71","0","Placed"
"CB.SC.U4CSE20011","Vikram Sharma","cb.sc.u4cse20011@cb.students.amrita.edu","CSE","A","2024","6.31","1","Not Placed"
"CB.SC.U4CSE20012","Meera Menon","cb.sc.u4cse20012@cb.students.amrita.edu","CSE","A","2024","6.12","1","Placed"
"CB.SC.U4CSE20013","Pooja Pillai","cb.sc.u4cse20013@cb.students.amrita.edu","CSE","A","2024","6.96","1","Placed"
"CB.SC.U4CSE20014","Tanvi Reddy","cb.sc.u4cse20014@cb.students.amrita.edu","CSE","A","2024","6.74","0","Not Placed"
"CB.SC.U4CSE20015","Diya Bose","cb.sc.u4cse20015@cb.students.amrita.edu","CSE","A","2024","7.78","1","Placed"
"CB.SC.U4CSE20016","Charan Raman","cb.sc.u4cse20016@cb.students.amrita.edu","CSE","A","2024","8.84","1","Not Placed"
"CB.SC.U4CSE20017","Yash Iyer","cb.sc.u4cse20017@cb.students.amrita.edu","CSE","A","2024","6.58","0","Placed"
"CB.SC.U4CSE20018","Aishwarya Nagarajan","cb.sc.u4cse20018@cb.students.amrita.edu","CSE","A","2024","9.53","0","Placed"
"CB.SC.U4CSE20019","Varun Iyer","cb.sc.u4cse20019@cb.students.amrita.edu","CSE","A","2024","8.49","1","Not Placed"
"CB.SC.U4CSE20020","Vikram Pillai","cb.sc.u4cse20020@cb.students.amrita.edu","CSE","A","2024","9.67","2","Placed"
"CB.SC.U4CSE20021","Zara Nair","cb.sc.u4cse20021@cb.students.amrita.edu","CSE","A","2024","8.08","0","Placed"
"CB.SC.U4CSE20022","Sneha Patel","cb.sc.u4cse20022@cb.students.amrita.edu","CSE","A","2024","6.64","1","Not Placed"
"CB.SC.U4CSE20023","Janani Patel","cb.sc.u4cse20023@cb.students.amrita.edu","CSE","A","2024","7.59","2","Placed"
"CB.SC.U4CSE20024","Vikram Sharma","cb.sc.u4cse20024@cb.students.amrita.edu","CSE","A","2024","9.14","2","Placed"
"CB.SC.U4CSE20025","Aarav Iyer","cb.sc.u4cse20025@cb.students.amrita.edu","CSE","A","2024","7.25","1","Placed"
"CB.SC.U4CSE20026","Pooja Verma","cb.sc.u4cse20026@cb.students.amrita.edu","CSE","A","2024","7.4","2","Placed"
"CB.SC.U4CSE20027","Bhavya Mishra","cb.sc.u4cse20027@cb.students.amrita.edu","CSE","A","2024","7.09","0","Not Placed"
"CB.SC.U4CSE20028","Arjun Chatterjee","cb.sc.u4cse20028@cb.students.amrita.edu","CSE","A","2024","9.87","0","Placed"
"CB.SC.U4CSE20029","Surya Nagarajan","cb.sc.u4cse20029@cb.students.amrita.edu","CSE","A","2024","8.87","2","Placed"
"CB.SC.U4CSE20030","Harish Sharma","cb.sc.u4cse20030@cb.students.amrita.edu","CSE","A","2024","6.73","1","Placed"
"CB.SC.U4CSE20031","Diya Chatterjee","cb.sc.u4cse20031@cb.students.amrita.edu","CSE","A","2024","7.77","2","Placed"
"CB.SC.U4CSE20032","Varun Joshi","cb.sc.u4cse20032@cb.students.amrita.edu","CSE","A","2024","9.34","1","Placed"
"CB.SC.U4CSE20033","Akash Kulkarni","cb.sc.u4cse20033@cb.students.amrita.edu","CSE","A","2024","7.07","2","Placed"
"CB.SC.U4CSE20034","Janani Menon","cb.sc.u4cse20034@cb.students.amrita.edu","CSE","A","2024","6.77","0","Not Placed"
"CB.SC.U4CSE20035","Surya Mishra","cb.sc.u4cse20035@cb.students.amrita.edu","CSE","A","2024","8.54","0","Not Placed"
"CB.SC.U4CSE20036","Akash Shetty","cb.sc.u4cse20036@cb.students.amrita.edu","CSE","A","2024","7.76","1","Not Placed"
"CB.SC.U4CSE20037","Sanjay Kapoor","cb.sc.u4cse20037@cb.students.amrita.edu","CSE","A","2024","7.08","1","Placed"
"CB.SC.U4CSE20038","Ananya Menon","cb.sc.u4cse20038@cb.students.amrita.edu","CSE","A","2024","7.05","0","Not Placed"
"CB.SC.U4CSE20039","Sanjay Sharma","cb.sc.u4cse20039@cb.students.amrita.edu","CSE","A","2024","9.54","0","Not Placed"
"CB.SC.U4CSE20040","Bhavya Gupta","cb.sc.u4cse20040@cb.students.amrita.edu","CSE","A","2024","8.99","1","Not Placed"
"CB.SC.U4CSE20041","Surya Reddy","cb.sc.u4cse20041@cb.students.amrita.edu","CSE","A","2024","9.55","1","Not Placed"
"CB.SC.U4CSE20042","Yash Mishra","cb.sc.u4cse20042@cb.students.amrita.edu","CSE","A","2024","7.63","1","Placed"
"CB.SC.U4CSE20043","Vikram Patel","cb.sc.u4cse20043@cb.students.amrita.edu","CSE","A","2024","9","1","Not Placed"
"CB.SC.U4CSE20044","Lakshmi Gupta","cb.sc.u4cse20044@cb.students.amrita.edu","CSE","A","2024","8.99","1","Placed"
"CB.SC.U4CSE20045","Diya Shetty","cb.sc.u4cse20045@cb.students.amrita.edu","CSE","A","2024","9.05","2","Placed"
"CB.SC.U4CSE20046","Ishaan Reddy","cb.sc.u4cse20046@cb.students.amrita.edu","CSE","A","2024","8.44","1","Placed"
"CB.SC.U4CSE20047","Aarav Kulkarni","cb.sc.u4cse20047@cb.students.amrita.edu","CSE","A","2024","8.16","1","Not Placed"
"CB.SC.U4CSE20048","Tanvi Pillai","cb.sc.u4cse20048@cb.students.amrita.edu","CSE","A","2024","8.37","0","Not Placed"
"CB.SC.U4CSE20049","Nikhil Pillai","cb.sc.u4cse20049@cb.students.amrita.edu","CSE","A","2024","7.43","2","Not Placed"
"CB.SC.U4CSE20050","Harish Kapoor","cb.sc.u4cse20050@cb.students.amrita.edu","CSE","A","2024","8.33","2","Not Placed"
"CB.SC.U4CSE20051","Diya Sharma","cb.sc.u4cse20051@cb.students.amrita.edu","CSE","A","2024","7.8","2","Not Placed"
"CB.SC.U4CSE20052","Varun Gupta","cb.sc.u4cse20052@cb.students.amrita.edu","CSE","A","2024","7.79","1","Placed"
"CB.SC.U4CSE20053","Karthik Kapoor","cb.sc.u4cse20053@cb.students.amrita.edu","CSE","A","2024","6.24","1","Not Placed"
"CB.SC.U4CSE20054","Bhavya Reddy","cb.sc.u4cse20054@cb.students.amrita.edu","CSE","A","2024","8.64","1","Not Placed"
"CB.SC.U4CSE20055","Vikram Krishnan","cb.sc.u4cse20055@cb.students.amrita.edu","CSE","A","2024","7.08","1","Not Placed"
"CB.SC.U4CSE20056","Pooja Iyer","cb.sc.u4cse20056@cb.students.amrita.edu","CSE","A","2024","7.01","2","Not Placed"
"CB.SC.U4CSE20057","Ananya Das","cb.sc.u4cse20057@cb.students.amrita.edu","CSE","A","2024","9.49","2","Placed"
"CB.SC.U4CSE20058","Ananya Chatterjee","cb.sc.u4cse20058@cb.students.amrita.edu","CSE","A","2024","7.5","2","Not Placed"
"CB.SC.U4CSE20059","Riya Kulkarni","cb.sc.u4cse20059@cb.students.amrita.edu","CSE","A","2024","9.63","1","Not Placed"
"CB.SC.U4CSE20060","Zara Raman","cb.sc.u4cse20060@cb.students.amrita.edu","CSE","A","2024","7.98","2","Placed"
"CB.SC.U4CSE20101","Vikram Sharma","cb.sc.u4cse20101@cb.students.amrita.edu","CSE","B","2024","8.68","1","Placed"
"CB.SC.U4CSE20102","Ishaan Reddy","cb.sc.u4cse20102@cb.students.amrita.edu","CSE","B","2024","8.2","2","Placed"
"CB.SC.U4CSE20103","Yash Das","cb.sc.u4cse20103@cb.students.amrita.edu","CSE","B","2024","7.41","1","Not Placed"
"CB.SC.U4CSE20104","Tanvi Shetty","cb.sc.u4cse20104@cb.students.amrita.edu","CSE","B","2024","6.86","1","Not Placed"
"CB.SC.U4CSE20105","Riya Pillai","cb.sc.u4cse20105@cb.students.amrita.edu","CSE","B","2024","6.23","1","Not Placed"
"CB.SC.U4CSE20106","Bhavya Kapoor","cb.sc.u4cse20106@cb.students.amrita.edu","CSE","B","2024","7.18","0","Placed"
"CB.SC.U4CSE20107","Zara Chatterjee","cb.sc.u4cse20107@cb.students.amrita.edu","CSE","B","2024","7.31","2","Not Placed"
"CB.SC.U4CSE20108","Sanjay Pillai","cb.sc.u4cse20108@cb.students.amrita.edu","CSE","B","2024","9.38","1","Placed"
"CB.SC.U4CSE20109","Surya Iyer","cb.sc.u4cse20109@cb.students.amrita.edu","CSE","B","2024","8.07","0","Not Placed"
"CB.SC.U4CSE20110","Varun Sharma","cb.sc.u4cse20110@cb.students.amrita.edu","CSE","B","2024","9.34","0","Placed"
"CB.SC.U4CSE20111","Aditya Mishra","cb.sc.u4cse20111@cb.students.amrita.edu","CSE","B","2024","9.67","1","Not Placed"
"CB.SC.U4CSE20112","Ishaan Pillai","cb.sc.u4cse20112@cb.students.amrita.edu","CSE","B","2024","9.68","0","Not Placed"
"CB.SC.U4CSE20113","Ishaan Reddy","cb.sc.u4cse20113@cb.students.amrita.edu","CSE","B","2024","8.75","2","Placed"
"CB.SC.U4CSE20114","Rahul Joshi","cb.sc.u4cse20114@cb.students.amrita.edu","CSE","B","2024","8.4","1","Placed"
"CB.SC.U4CSE20115","Nikhil Verma","cb.sc.u4cse20115@cb.students.amrita.edu","CSE","B","2024","8.07","0","Not Placed"
"CB.SC.U4CSE20116","Varun Bose","cb.sc.u4cse20116@cb.students.amrita.edu","CSE","B","2024","9.32","2","Placed"
"CB.SC.U4CSE20117","Sneha Raman","cb.sc.u4cse20117@cb.students.amrita.edu","CSE","B","2024","7.34","0","Placed"
"CB.SC.U4CSE20118","Nikhil Shetty","cb.sc.u4cse20118@cb.students.amrita.edu","CSE","B","2024","6.33","1","Not Placed"
"CB.SC.U4CSE20119","Bhavya Joshi","cb.sc.u4cse20119@cb.students.amrita.edu","CSE","B","2024","8.81","0","Placed"
"CB.SC.U4CSE20120","Arya Reddy","cb.sc.u4cse20120@cb.students.amrita.edu","CSE","B","2024","7.31","1","Placed"
"CB.SC.U4CSE20121","Aditya Shetty","cb.sc.u4cse20121@cb.students.amrita.edu","CSE","B","2024","8.03","2","Not Placed"
"CB.SC.U4CSE20122","Ishaan Menon","cb.sc.u4cse20122@cb.students.amrita.edu","CSE","B","2024","6.72","1","Placed"
"CB.SC.U4CSE20123","Lakshmi Reddy","cb.sc.u4cse20123@cb.students.amrita.edu","CSE","B","2024","9.88","1","Placed"
"CB.SC.U4CSE20124","Sanjay Chatterjee","cb.sc.u4cse20124@cb.students.amrita.edu","CSE","B","2024","9.54","2","Not Placed"
"CB.SC.U4CSE20125","Nikhil Mishra","cb.sc.u4cse20125@cb.students.amrita.edu","CSE","B","2024","9.27","0","Not Placed"
"CB.SC.U4CSE20126","Aarav Nair","cb.sc.u4cse20126@cb.students.amrita.edu","CSE","B","2024","9.05","2","Placed"
"CB.SC.U4CSE20127","Nikhil Bose","cb.sc.u4cse20127@cb.students.amrita.edu","CSE","B","2024","7.29","1","Placed"
"CB.SC.U4CSE20128","Ananya Reddy","cb.sc.u4cse20128@cb.students.amrita.edu","CSE","B","2024","7.2","0","Placed"
"CB.SC.U4CSE20129","Arya Gupta","cb.sc.u4cse20129@cb.students.amrita.edu","CSE","B","2024","8.46","1","Placed"
"CB.SC.U4CSE20130","Aarav Kulkarni","cb.sc.u4cse20130@cb.students.amrita.edu","CSE","B","2024","9.61","0","Placed"
"CB.SC.U4CSE20131","Karthik Bose","cb.sc.u4cse20131@cb.students.amrita.edu","CSE","B","2024","6.89","0","Not Placed"
"CB.SC.U4CSE20132","Karthik Mishra","cb.sc.u4cse20132@cb.students.amrita.edu","CSE","B","2024","9.34","0","Not Placed"
"CB.SC.U4CSE20133","Akash Kapoor","cb.sc.u4cse20133@cb.students.amrita.edu","CSE","B","2024","8.86","0","Not Placed"
"CB.SC.U4CSE20134","Harish Verma","cb.sc.u4cse20134@cb.students.amrita.edu","CSE","B","2024","6.45","0","Placed"
"CB.SC.U4CSE20135","Riya Raman","cb.sc.u4cse20135@cb.students.amrita.edu","CSE","B","2024","7.63","1","Placed"
"CB.SC.U4CSE20136","Rahul Nagarajan","cb.sc.u4cse20136@cb.students.amrita.edu","CSE","B","2024","9.73","2","Not Placed"
"CB.SC.U4CSE20137","Diya Nair","cb.sc.u4cse20137@cb.students.amrita.edu","CSE","B","2024","9.4","0","Placed"
"CB.SC.U4CSE20138","Sanjay Pillai","cb.sc.u4cse20138@cb.students.amrita.edu","CSE","B","2024","6.44","1","Placed"
"CB.SC.U4CSE20139","Lakshmi Kulkarni","cb.sc.u4cse20139@cb.students.amrita.edu","CSE","B","2024","6.62","2","Not Placed"
"CB.SC.U4CSE20140","Varun Nair","cb.sc.u4cse20140@cb.students.amrita.edu","CSE","B","2024","9.72","2","Not Placed"
"CB.SC.U4CSE20141","Varun Mishra","cb.sc.u4cse20141@cb.students.amrita.edu","CSE","B","2024","9.73","0","Placed"
"CB.SC.U4CSE20142","Keerthana Krishnan","cb.sc.u4cse20142@cb.students.amrita.edu","CSE","B","2024","6.88","2","Placed"
"CB.SC.U4CSE20143","Arya Mishra","cb.sc.u4cse20143@cb.students.amrita.edu","CSE","B","2024","9.13","1","Not Placed"
"CB.SC.U4CSE20144","Meera Pillai","cb.sc.u4cse20144@cb.students.amrita.edu","CSE","B","2024","8.63","1","Placed"
"CB.SC.U4CSE20145","Arya Menon","cb.sc.u4cse20145@cb.students.amrita.edu","CSE","B","2024","8.07","2","Placed"
"CB.SC.U4CSE20146","Anirudh Joshi","cb.sc.u4cse20146@cb.students.amrita.edu","CSE","B","2024","9.89","1","Not Placed"
"CB.SC.U4CSE20147","Aishwarya Verma","cb.sc.u4cse20147@cb.students.amrita.edu","CSE","B","2024","9.27","0","Placed"
"CB.SC.U4CSE20148","Keerthana Chatterjee","cb.sc.u4cse20148@cb.students.amrita.edu","CSE","B","2024","7.75","2","Not Placed"
"CB.SC.U4CSE20149","Ishaan Mishra","cb.sc.u4cse20149@cb.students.amrita.edu","CSE","B","2024","9.34","1","Placed"
"CB.SC.U4CSE20150","Sanjay Kapoor","cb.sc.u4cse20150@cb.students.amrita.edu","CSE","B","2024","6.71","2","Placed"
"CB.SC.U4CSE20151","Sneha Reddy","cb.sc.u4cse20151@cb.students.amrita.edu","CSE","B","2024","8.59","2","Placed"
"CB.SC.U4CSE20152","Harish Raman","cb.sc.u4cse20152@cb.students.amrita.edu","CSE","B","2024","7.64","1","Placed"
"CB.SC.U4CSE20153","Ishaan Reddy","cb.sc.u4cse20153@cb.students.amrita.edu","CSE","B","2024","6.51","0","Not Placed"
"CB.SC.U4CSE20154","Aishwarya Mishra","cb.sc.u4cse20154@cb.students.amrita.edu","CSE","B","2024","9.26","1","Not Placed"
"CB.SC.U4CSE20155","Meera Patel","cb.sc.u4cse20155@cb.students.amrita.edu","CSE","B","2024","9.87","1","Placed"
"CB.SC.U4CSE20156","Meera Nagarajan","cb.sc.u4cse20156@cb.students.amrita.edu","CSE","B","2024","7.22","2","Not Placed"
"CB.SC.U4CSE20157","Bhavya Kulkarni","cb.sc.u4cse20157@cb.students.amrita.edu","CSE","B","2024","7.46","1","Placed"
"CB.SC.U4CSE20158","Ishaan Raman","cb.sc.u4cse20158@cb.students.amrita.edu","CSE","B","2024","6.56","1","Placed"
"CB.SC.U4CSE20159","Varun Kulkarni","cb.sc.u4cse20159@cb.students.amrita.edu","CSE","B","2024","8.98","2","Placed"
"CB.SC.U4CSE20160","Pooja Nagarajan","cb.sc.u4cse20160@cb.students.amrita.edu","CSE","B","2024","9.23","1","Not Placed"
"CB.SC.U4CSE20201","Arya Joshi","cb.sc.u4cse20201@cb.students.amrita.edu","CSE","C","2024","8.15","2","Placed"
"CB.SC.U4CSE20202","Ishaan Chatterjee","cb.sc.u4cse20202@cb.students.amrita.edu","CSE","C","2024","6.52","1","Placed"
"CB.SC.U4CSE20203","Harish Sharma","cb.sc.u4cse20203@cb.students.amrita.edu","CSE","C","2024","7.9","1","Not Placed"
"CB.SC.U4CSE20204","Rahul Krishnan","cb.sc.u4cse20204@cb.students.amrita.edu","CSE","C","2024","9.44","0","Placed"
"CB.SC.U4CSE20205","Tanvi Nair","cb.sc.u4cse20205@cb.students.amrita.edu","CSE","C","2024","9.18","0","Placed"
"CB.SC.U4CSE20206","Aarav Sharma","cb.sc.u4cse20206@cb.students.amrita.edu","CSE","C","2024","6.62","2","Placed"
"CB.SC.U4CSE20207","Varun Krishnan","cb.sc.u4cse20207@cb.students.amrita.edu","CSE","C","2024","8.63","1","Not Placed"
"CB.SC.U4CSE20208","Sneha Patel","cb.sc.u4cse20208@cb.students.amrita.edu","CSE","C","2024","9.33","1","Placed"
"CB.SC.U4CSE20209","Sanjay Chatterjee","cb.sc.u4cse20209@cb.students.amrita.edu","CSE","C","2024","6.19","0","Not Placed"
"CB.SC.U4CSE20210","Tanvi Patel","cb.sc.u4cse20210@cb.students.amrita.edu","CSE","C","2024","8.3","0","Placed"
"CB.SC.U4CSE20211","Akash Kapoor","cb.sc.u4cse20211@cb.students.amrita.edu","CSE","C","2024","8.78","1","Placed"
"CB.SC.U4CSE20212","Aishwarya Reddy","cb.sc.u4cse20212@cb.students.amrita.edu","CSE","C","2024","8.04","1","Not Placed"
"CB.SC.U4CSE20213","Arjun Nair","cb.sc.u4cse20213@cb.students.amrita.edu","CSE","C","2024","6.73","0","Not Placed"
"CB.SC.U4CSE20214","Anirudh Chatterjee","cb.sc.u4cse20214@cb.students.amrita.edu","CSE","C","2024","7.21","1","Not Placed"
"CB.SC.U4CSE20215","Sanjay Kulkarni","cb.sc.u4cse20215@cb.students.amrita.edu","CSE","C","2024","6.45","1","Not Placed"
"CB.SC.U4CSE20216","Ishaan Menon","cb.sc.u4cse20216@cb.students.amrita.edu","CSE","C","2024","6.63","2","Not Placed"
"CB.SC.U4CSE20217","Janani Patel","cb.sc.u4cse20217@cb.students.amrita.edu","CSE","C","2024","9.19","2","Placed"
"CB.SC.U4CSE20218","Riya Verma","cb.sc.u4cse20218@cb.students.amrita.edu","CSE","C","2024","6.61","0","Not Placed"
"CB.SC.U4CSE20219","Arjun Iyer","cb.sc.u4cse20219@cb.students.amrita.edu","CSE","C","2024","8.63","0","Not Placed"
"CB.SC.U4CSE20220","Pooja Pillai","cb.sc.u4cse20220@cb.students.amrita.edu","CSE","C","2024","8.54","2","Not Placed"
"CB.SC.U4CSE20221","Riya Shetty","cb.sc.u4cse20221@cb.students.amrita.edu","CSE","C","2024","8.69","0","Not Placed"
"CB.SC.U4CSE20222","Yash Mishra","cb.sc.u4cse20222@cb.students.amrita.edu","CSE","C","2024","6.21","0","Not Placed"
"CB.SC.U4CSE20223","Ishaan Reddy","cb.sc.u4cse20223@cb.students.amrita.edu","CSE","C","2024","6.63","1","Not Placed"
"CB.SC.U4CSE20224","Keerthana Menon","cb.sc.u4cse20224@cb.students.amrita.edu","CSE","C","2024","7.61","0","Not Placed"
"CB.SC.U4CSE20225","Riya Joshi","cb.sc.u4cse20225@cb.students.amrita.edu","CSE","C","2024","7.51","1","Placed"
"CB.SC.U4CSE20226","Nikhil Kapoor","cb.sc.u4cse20226@cb.students.amrita.edu","CSE","C","2024","9.54","0","Placed"
"CB.SC.U4CSE20227","Arjun Gupta","cb.sc.u4cse20227@cb.students.amrita.edu","CSE","C","2024","6.38","1","Placed"
"CB.SC.U4CSE20228","Yash Raman","cb.sc.u4cse20228@cb.students.amrita.edu","CSE","C","2024","6.99","2","Placed"
"CB.SC.U4CSE20229","Bhavya Nair","cb.sc.u4cse20229@cb.students.amrita.edu","CSE","C","2024","7.09","2","Placed"
"CB.SC.U4CSE20230","Aarav Gupta","cb.sc.u4cse20230@cb.students.amrita.edu","CSE","C","2024","6.52","0","Not Placed"
"CB.SC.U4CSE20231","Ishaan Joshi","cb.sc.u4cse20231@cb.students.amrita.edu","CSE","C","2024","7.09","1","Not Placed"
"CB.SC.U4CSE20232","Vikram Bose","cb.sc.u4cse20232@cb.students.amrita.edu","CSE","C","2024","7.49","1","Placed"
"CB.SC.U4CSE20233","Karthik Nair","cb.sc.u4cse20233@cb.students.amrita.edu","CSE","C","2024","8.81","1","Not Placed"
"CB.SC.U4CSE20234","Yash Nair","cb.sc.u4cse20234@cb.students.amrita.edu","CSE","C","2024","8.76","0","Not Placed"
"CB.SC.U4CSE20235","Keerthana Menon","cb.sc.u4cse20235@cb.students.amrita.edu","CSE","C","2024","6.64","1","Placed"
"CB.SC.U4CSE20236","Charan Krishnan","cb.sc.u4cse20236@cb.students.amrita.edu","CSE","C","2024","6.45","0","Placed"
"CB.SC.U4CSE20237","Karthik Nair","cb.sc.u4cse20237@cb.students.amrita.edu","CSE","C","2024","7.22","1","Placed"
"CB.SC.U4CSE20238","Surya Gupta","cb.sc.u4cse20238@cb.students.amrita.edu","CSE","C","2024","8.55","0","Placed"
"CB.SC.U4CSE20239","Arjun Patel","cb.sc.u4cse20239@cb.students.amrita.edu","CSE","C","2024","7.38","2","Placed"
"CB.SC.U4CSE20240","Ishaan Kapoor","cb.sc.u4cse20240@cb.students.amrita.edu","CSE","C","2024","8.96","2","Placed"
"CB.SC.U4CSE20241","Tanvi Patel","cb.sc.u4cse20241@cb.students.amrita.edu","CSE","C","2024","7.02","1","Not Placed"
"CB.SC.U4CSE20242","Yash Chatterjee","cb.sc.u4cse20242@cb.students.amrita.edu","CSE","C","2024","6.69","1","Placed"
"CB.SC.U4CSE20243","Rahul Sharma","cb.sc.u4cse20243@cb.students.amrita.edu","CSE","C","2024","6.6","0","Placed"
"CB.SC.U4CSE20244","Aarav Nair","cb.sc.u4cse20244@cb.students.amrita.edu","CSE","C","2024","6.7","1","Not Placed"
"CB.SC.U4CSE20245","Yash Nagarajan","cb.sc.u4cse20245@cb.students.amrita.edu","CSE","C","2024","6.41","1","Not Placed"
"CB.SC.U4CSE20246","Bhavya Das","cb.sc.u4cse20246@cb.students.amrita.edu","CSE","C","2024","6.93","2","Not Placed"
"CB.SC.U4CSE20247","Sneha Shetty","cb.sc.u4cse20247@cb.students.amrita.edu","CSE","C","2024","8.73","2","Not Placed"
"CB.SC.U4CSE20248","Aarav Krishnan","cb.sc.u4cse20248@cb.students.amrita.edu","CSE","C","2024","6.14","1","Not Placed"
"CB.SC.U4CSE20249","Sanjay Das","cb.sc.u4cse20249@cb.students.amrita.edu","CSE","C","2024","9.68","2","Placed"
"CB.SC.U4CSE20250","Sneha Pillai","cb.sc.u4cse20250@cb.students.amrita.edu","CSE","C","2024","8.72","1","Placed"
"CB.SC.U4CSE20251","Nikhil Patel","cb.sc.u4cse20251@cb.students.amrita.edu","CSE","C","2024","6.48","0","Placed"
"CB.SC.U4CSE20252","Ishaan Menon","cb.sc.u4cse20252@cb.students.amrita.edu","CSE","C","2024","8.28","2","Placed"
"CB.SC.U4CSE20253","Vikram Shetty","cb.sc.u4cse20253@cb.students.amrita.edu","CSE","C","2024","7.05","1","Placed"
"CB.SC.U4CSE20254","Pooja Mishra","cb.sc.u4cse20254@cb.students.amrita.edu","CSE","C","2024","6.17","1","Not Placed"
"CB.SC.U4CSE20255","Anirudh Verma","cb.sc.u4cse20255@cb.students.amrita.edu","CSE","C","2024","6.6","0","Placed"
"CB.SC.U4CSE20256","Pooja Mishra","cb.sc.u4cse20256@cb.students.amrita.edu","CSE","C","2024","6.34","2","Placed"
"CB.SC.U4CSE20257","Surya Reddy","cb.sc.u4cse20257@cb.students.amrita.edu","CSE","C","2024","6.42","0","Not Placed"
"CB.SC.U4CSE20258","Tanvi Iyer","cb.sc.u4cse20258@cb.students.amrita.edu","CSE","C","2024","9.07","0","Not Placed"
"CB.SC.U4CSE20259","Arya Verma","cb.sc.u4cse20259@cb.students.amrita.edu","CSE","C","2024","8.29","2","Placed"
"CB.SC.U4CSE20260","Harish Joshi","cb.sc.u4cse20260@cb.students.amrita.edu","CSE","C","2024","9.56","1","Placed"
"CB.SC.U4CSE20301","Sanjay Menon","cb.sc.u4cse20301@cb.students.amrita.edu","CSE","D","2024","7.89","2","Placed"
"CB.SC.U4CSE20302","Karthik Sharma","cb.sc.u4cse20302@cb.students.amrita.edu","CSE","D","2024","9.71","1","Not Placed"
"CB.SC.U4CSE20303","Yash Das","cb.sc.u4cse20303@cb.students.amrita.edu","CSE","D","2024","9.14","1","Placed"
"CB.SC.U4CSE20304","Yash Kapoor","cb.sc.u4cse20304@cb.students.amrita.edu","CSE","D","2024","7.72","0","Placed"
"CB.SC.U4CSE20305","Vikram Krishnan","cb.sc.u4cse20305@cb.students.amrita.edu","CSE","D","2024","7.84","0","Not Placed"
"CB.SC.U4CSE20306","Ishaan Sharma","cb.sc.u4cse20306@cb.students.amrita.edu","CSE","D","2024","6.15","2","Not Placed"
"CB.SC.U4CSE20307","Anirudh Raman","cb.sc.u4cse20307@cb.students.amrita.edu","CSE","D","2024","7.29","0","Placed"
"CB.SC.U4CSE20308","Ananya Chatterjee","cb.sc.u4cse20308@cb.students.amrita.edu","CSE","D","2024","7.29","2","Placed"
"CB.SC.U4CSE20309","Rahul Menon","cb.sc.u4cse20309@cb.students.amrita.edu","CSE","D","2024","7.5","1","Not Placed"
"CB.SC.U4CSE20310","Charan Nagarajan","cb.sc.u4cse20310@cb.students.amrita.edu","CSE","D","2024","9.36","1","Not Placed"
"CB.SC.U4CSE20311","Ishaan Kapoor","cb.sc.u4cse20311@cb.students.amrita.edu","CSE","D","2024","9.81","1","Not Placed"
"CB.SC.U4CSE20312","Varun Chatterjee","cb.sc.u4cse20312@cb.students.amrita.edu","CSE","D","2024","9.32","1","Not Placed"
"CB.SC.U4CSE20313","Anirudh Verma","cb.sc.u4cse20313@cb.students.amrita.edu","CSE","D","2024","6.2","2","Not Placed"
"CB.SC.U4CSE20314","Varun Mishra","cb.sc.u4cse20314@cb.students.amrita.edu","CSE","D","2024","7.35","1","Placed"
"CB.SC.U4CSE20315","Riya Patel","cb.sc.u4cse20315@cb.students.amrita.edu","CSE","D","2024","6.42","1","Not Placed"
"CB.SC.U4CSE20316","Karthik Gupta","cb.sc.u4cse20316@cb.students.amrita.edu","CSE","D","2024","7.39","0","Not Placed"
"CB.SC.U4CSE20317","Sanjay Iyer","cb.sc.u4cse20317@cb.students.amrita.edu","CSE","D","2024","7.37","0","Placed"
"CB.SC.U4CSE20318","Akash Verma","cb.sc.u4cse20318@cb.students.amrita.edu","CSE","D","2024","9.32","2","Not Placed"
"CB.SC.U4CSE20319","Bhavya Mishra","cb.sc.u4cse20319@cb.students.amrita.edu","CSE","D","2024","6.39","1","Not Placed"
"CB.SC.U4CSE20320","Vikram Verma","cb.sc.u4cse20320@cb.students.amrita.edu","CSE","D","2024","8.02","1","Not Placed"
"CB.SC.U4CSE20321","Karthik Das","cb.sc.u4cse20321@cb.students.amrita.edu","CSE","D","2024","8.18","2","Not Placed"
"CB.SC.U4CSE20322","Sneha Kulkarni","cb.sc.u4cse20322@cb.students.amrita.edu","CSE","D","2024","7.53","0","Placed"
"CB.SC.U4CSE20323","Tanvi Das","cb.sc.u4cse20323@cb.students.amrita.edu","CSE","D","2024","7.48","0","Placed"
"CB.SC.U4CSE20324","Akash Iyer","cb.sc.u4cse20324@cb.students.amrita.edu","CSE","D","2024","8.4","1","Placed"
"CB.SC.U4CSE20325","Meera Iyer","cb.sc.u4cse20325@cb.students.amrita.edu","CSE","D","2024","6.39","2","Not Placed"
"CB.SC.U4CSE20326","Zara Kapoor","cb.sc.u4cse20326@cb.students.amrita.edu","CSE","D","2024","6.08","2","Not Placed"
"CB.SC.U4CSE20327","Varun Shetty","cb.sc.u4cse20327@cb.students.amrita.edu","CSE","D","2024","7.45","2","Not Placed"
"CB.SC.U4CSE20328","Nikhil Kapoor","cb.sc.u4cse20328@cb.students.amrita.edu","CSE","D","2024","8.93","2","Placed"
"CB.SC.U4CSE20329","Arya Iyer","cb.sc.u4cse20329@cb.students.amrita.edu","CSE","D","2024","8.64","0","Placed"
"CB.SC.U4CSE20330","Karthik Raman","cb.sc.u4cse20330@cb.students.amrita.edu","CSE","D","2024","8.49","2","Placed"
"CB.SC.U4CSE20331","Nikhil Pillai","cb.sc.u4cse20331@cb.students.amrita.edu","CSE","D","2024","6.16","2","Not Placed"
"CB.SC.U4CSE20332","Anirudh Kulkarni","cb.sc.u4cse20332@cb.students.amrita.edu","CSE","D","2024","7.78","2","Placed"
"CB.SC.U4CSE20333","Vikram Gupta","cb.sc.u4cse20333@cb.students.amrita.edu","CSE","D","2024","8.68","2","Not Placed"
"CB.SC.U4CSE20334","Tanvi Menon","cb.sc.u4cse20334@cb.students.amrita.edu","CSE","D","2024","7.67","1","Not Placed"
"CB.SC.U4CSE20335","Arya Kulkarni","cb.sc.u4cse20335@cb.students.amrita.edu","CSE","D","2024","6.49","2","Placed"
"CB.SC.U4CSE20336","Keerthana Bose","cb.sc.u4cse20336@cb.students.amrita.edu","CSE","D","2024","7.23","0","Placed"
"CB.SC.U4CSE20337","Karthik Verma","cb.sc.u4cse20337@cb.students.amrita.edu","CSE","D","2024","9.38","1","Not Placed"
"CB.SC.U4CSE20338","Nikhil Reddy","cb.sc.u4cse20338@cb.students.amrita.edu","CSE","D","2024","7.97","1","Placed"
"CB.SC.U4CSE20339","Yash Das","cb.sc.u4cse20339@cb.students.amrita.edu","CSE","D","2024","6.64","0","Not Placed"
"CB.SC.U4CSE20340","Aditya Patel","cb.sc.u4cse20340@cb.students.amrita.edu","CSE","D","2024","9.61","0","Placed"
"CB.SC.U4CSE20341","Yash Nagarajan","cb.sc.u4cse20341@cb.students.amrita.edu","CSE","D","2024","6.86","0","Not Placed"
"CB.SC.U4CSE20342","Sneha Chatterjee","cb.sc.u4cse20342@cb.students.amrita.edu","CSE","D","2024","6.27","1","Not Placed"
"CB.SC.U4CSE20343","Arjun Bose","cb.sc.u4cse20343@cb.students.amrita.edu","CSE","D","2024","8.38","2","Not Placed"
"CB.SC.U4CSE20344","Zara Nair","cb.sc.u4cse20344@cb.students.amrita.edu","CSE","D","2024","6.98","0","Not Placed"
"CB.SC.U4CSE20345","Tanvi Verma","cb.sc.u4cse20345@cb.students.amrita.edu","CSE","D","2024","9","0","Placed"
"CB.SC.U4CSE20346","Akash Gupta","cb.sc.u4cse20346@cb.students.amrita.edu","CSE","D","2024","7.09","1","Placed"
"CB.SC.U4CSE20347","Anirudh Joshi","cb.sc.u4cse20347@cb.students.amrita.edu","CSE","D","2024","9.15","0","Not Placed"
"CB.SC.U4CSE20348","Riya Menon","cb.sc.u4cse20348@cb.students.amrita.edu","CSE","D","2024","8.88","1","Not Placed"
"CB.SC.U4CSE20349","Arjun Raman","cb.sc.u4cse20349@cb.students.amrita.edu","CSE","D","2024","8.29","2","Placed"
"CB.SC.U4CSE20350","Bhavya Chatterjee","cb.sc.u4cse20350@cb.students.amrita.edu","CSE","D","2024","7.1","0","Placed"
"CB.SC.U4CSE20351","Arya Shetty","cb.sc.u4cse20351@cb.students.amrita.edu","CSE","D","2024","8.53","0","Placed"
"CB.SC.U4CSE20352","Arya Reddy","cb.sc.u4cse20352@cb.students.amrita.edu","CSE","D","2024","6.48","2","Placed"
"CB.SC.U4CSE20353","Yash Pillai","cb.sc.u4cse20353@cb.students.amrita.edu","CSE","D","2024","6.99","0","Placed"
"CB.SC.U4CSE20354","Vikram Sharma","cb.sc.u4cse20354@cb.students.amrita.edu","CSE","D","2024","8.82","0","Not Placed"
"CB.SC.U4CSE20355","Aishwarya Pillai","cb.sc.u4cse20355@cb.students.amrita.edu","CSE","D","2024","6.2","0","Placed"
"CB.SC.U4CSE20356","Varun Verma","cb.sc.u4cse20356@cb.students.amrita.edu","CSE","D","2024","7.54","0","Not Placed"
"CB.SC.U4CSE20357","Aarav Nair","cb.sc.u4cse20357@cb.students.amrita.edu","CSE","D","2024","8.03","2","Placed"
"CB.SC.U4CSE20358","Vikram Menon","cb.sc.u4cse20358@cb.students.amrita.edu","CSE","D","2024","9.01","2","Placed"
"CB.SC.U4CSE20359","Ishaan Nair","cb.sc.u4cse20359@cb.students.amrita.edu","CSE","D","2024","9.34","2","Placed"
"CB.SC.U4CSE20360","Karthik Joshi","cb.sc.u4cse20360@cb.students.amrita.edu","CSE","D","2024","6.54","0","Placed"
"CB.SC.U4CSE20401","Keerthana Reddy","cb.sc.u4cse20401@cb.students.amrita.edu","CSE","E","2024","9.77","2","Placed"
"CB.SC.U4CSE20402","Anirudh Nair","cb.sc.u4cse20402@cb.students.amrita.edu","CSE","E","2024","7.85","0","Not Placed"
"CB.SC.U4CSE20403","Tanvi Kulkarni","cb.sc.u4cse20403@cb.students.amrita.edu","CSE","E","2024","8.66","1","Placed"
"CB.SC.U4CSE20404","Ishaan Bose","cb.sc.u4cse20404@cb.students.amrita.edu","CSE","E","2024","8.93","0","Placed"
"CB.SC.U4CSE20405","Zara Nagarajan","cb.sc.u4cse20405@cb.students.amrita.edu","CSE","E","2024","7.42","0","Not Placed"
"CB.SC.U4CSE20406","Ananya Pillai","cb.sc.u4cse20406@cb.students.amrita.edu","CSE","E","2024","6.87","2","Placed"
"CB.SC.U4CSE20407","Ishaan Kulkarni","cb.sc.u4cse20407@cb.students.amrita.edu","CSE","E","2024","8.02","0","Not Placed"
"CB.SC.U4CSE20408","Rahul Bose","cb.sc.u4cse20408@cb.students.amrita.edu","CSE","E","2024","8.62","1","Not Placed"
"CB.SC.U4CSE20409","Yash Bose","cb.sc.u4cse20409@cb.students.amrita.edu","CSE","E","2024","8.08","2","Placed"
"CB.SC.U4CSE20410","Harish Mishra","cb.sc.u4cse20410@cb.students.amrita.edu","CSE","E","2024","6.33","2","Not Placed"
"CB.SC.U4CSE20411","Diya Chatterjee","cb.sc.u4cse20411@cb.students.amrita.edu","CSE","E","2024","8.31","2","Placed"
"CB.SC.U4CSE20412","Arya Kapoor","cb.sc.u4cse20412@cb.students.amrita.edu","CSE","E","2024","7","2","Not Placed"
"CB.SC.U4CSE20413","Rahul Kapoor","cb.sc.u4cse20413@cb.students.amrita.edu","CSE","E","2024","8.28","0","Not Placed"
"CB.SC.U4CSE20414","Aishwarya Pillai","cb.sc.u4cse20414@cb.students.amrita.edu","CSE","E","2024","7.07","1","Placed"
"CB.SC.U4CSE20415","Aditya Pillai","cb.sc.u4cse20415@cb.students.amrita.edu","CSE","E","2024","8.79","2","Not Placed"
"CB.SC.U4CSE20416","Sanjay Raman","cb.sc.u4cse20416@cb.students.amrita.edu","CSE","E","2024","9.41","1","Placed"
"CB.SC.U4CSE20417","Arjun Bose","cb.sc.u4cse20417@cb.students.amrita.edu","CSE","E","2024","6.25","0","Placed"
"CB.SC.U4CSE20418","Diya Das","cb.sc.u4cse20418@cb.students.amrita.edu","CSE","E","2024","6.54","2","Placed"
"CB.SC.U4CSE20419","Riya Chatterjee","cb.sc.u4cse20419@cb.students.amrita.edu","CSE","E","2024","8.59","0","Not Placed"
"CB.SC.U4CSE20420","Meera Kulkarni","cb.sc.u4cse20420@cb.students.amrita.edu","CSE","E","2024","8.65","2","Placed"
"CB.SC.U4CSE20421","Sanjay Bose","cb.sc.u4cse20421@cb.students.amrita.edu","CSE","E","2024","6.97","2","Placed"
"CB.SC.U4CSE20422","Surya Bose","cb.sc.u4cse20422@cb.students.amrita.edu","CSE","E","2024","8.33","1","Not Placed"
"CB.SC.U4CSE20423","Keerthana Menon","cb.sc.u4cse20423@cb.students.amrita.edu","CSE","E","2024","8.31","0","Placed"
"CB.SC.U4CSE20424","Sneha Patel","cb.sc.u4cse20424@cb.students.amrita.edu","CSE","E","2024","8.75","1","Not Placed"
"CB.SC.U4CSE20425","Aishwarya Nair","cb.sc.u4cse20425@cb.students.amrita.edu","CSE","E","2024","6.05","2","Not Placed"
"CB.SC.U4CSE20426","Diya Iyer","cb.sc.u4cse20426@cb.students.amrita.edu","CSE","E","2024","7.69","1","Not Placed"
"CB.SC.U4CSE20427","Janani Shetty","cb.sc.u4cse20427@cb.students.amrita.edu","CSE","E","2024","9.11","0","Placed"
"CB.SC.U4CSE20428","Pooja Shetty","cb.sc.u4cse20428@cb.students.amrita.edu","CSE","E","2024","6.27","0","Placed"
"CB.SC.U4CSE20429","Arjun Sharma","cb.sc.u4cse20429@cb.students.amrita.edu","CSE","E","2024","7.87","2","Not Placed"
"CB.SC.U4CSE20430","Nikhil Shetty","cb.sc.u4cse20430@cb.students.amrita.edu","CSE","E","2024","9.32","2","Placed"
"CB.SC.U4CSE20431","Surya Reddy","cb.sc.u4cse20431@cb.students.amrita.edu","CSE","E","2024","7.35","1","Not Placed"
"CB.SC.U4CSE20432","Lakshmi Nagarajan","cb.sc.u4cse20432@cb.students.amrita.edu","CSE","E","2024","9.59","0","Placed"
"CB.SC.U4CSE20433","Aishwarya Pillai","cb.sc.u4cse20433@cb.students.amrita.edu","CSE","E","2024","7.95","0","Placed"
"CB.SC.U4CSE20434","Aarav Mishra","cb.sc.u4cse20434@cb.students.amrita.edu","CSE","E","2024","8.86","1","Not Placed"
"CB.SC.U4CSE20435","Riya Kulkarni","cb.sc.u4cse20435@cb.students.amrita.edu","CSE","E","2024","9.63","1","Not Placed"
"CB.SC.U4CSE20436","Bhavya Das","cb.sc.u4cse20436@cb.students.amrita.edu","CSE","E","2024","6.19","1","Placed"
"CB.SC.U4CSE20437","Janani Kapoor","cb.sc.u4cse20437@cb.students.amrita.edu","CSE","E","2024","6.82","0","Placed"
"CB.SC.U4CSE20438","Keerthana Shetty","cb.sc.u4cse20438@cb.students.amrita.edu","CSE","E","2024","9.31","2","Not Placed"
"CB.SC.U4CSE20439","Tanvi Kapoor","cb.sc.u4cse20439@cb.students.amrita.edu","CSE","E","2024","7.43","0","Not Placed"
"CB.SC.U4CSE20440","Harish Gupta","cb.sc.u4cse20440@cb.students.amrita.edu","CSE","E","2024","7.26","0","Placed"
"CB.SC.U4CSE20441","Yash Bose","cb.sc.u4cse20441@cb.students.amrita.edu","CSE","E","2024","6.29","1","Placed"
"CB.SC.U4CSE20442","Arjun Das","cb.sc.u4cse20442@cb.students.amrita.edu","CSE","E","2024","7.43","0","Not Placed"
"CB.SC.U4CSE20443","Riya Raman","cb.sc.u4cse20443@cb.students.amrita.edu","CSE","E","2024","8.38","2","Not Placed"
"CB.SC.U4CSE20444","Akash Kapoor","cb.sc.u4cse20444@cb.students.amrita.edu","CSE","E","2024","7.25","2","Placed"
"CB.SC.U4CSE20445","Rahul Krishnan","cb.sc.u4cse20445@cb.students.amrita.edu","CSE","E","2024","7.45","1","Placed"
"CB.SC.U4CSE20446","Sanjay Nagarajan","cb.sc.u4cse20446@cb.students.amrita.edu","CSE","E","2024","9.64","2","Placed"
"CB.SC.U4CSE20447","Meera Shetty","cb.sc.u4cse20447@cb.students.amrita.edu","CSE","E","2024","6.55","2","Placed"
"CB.SC.U4CSE20448","Arya Krishnan","cb.sc.u4cse20448@cb.students.amrita.edu","CSE","E","2024","7.75","0","Placed"
"CB.SC.U4CSE20449","Rahul Bose","cb.sc.u4cse20449@cb.students.amrita.edu","CSE","E","2024","8.94","1","Placed"
"CB.SC.U4CSE20450","Tanvi Kulkarni","cb.sc.u4cse20450@cb.students.amrita.edu","CSE","E","2024","7.05","0","Not Placed"
"CB.SC.U4CSE20451","Aditya Nair","cb.sc.u4cse20451@cb.students.amrita.edu","CSE","E","2024","6.52","1","Not Placed"
"CB.SC.U4CSE20452","Charan Nagarajan","cb.sc.u4cse20452@cb.students.amrita.edu","CSE","E","2024","7.25","2","Placed"
"CB.SC.U4CSE20453","Anirudh Joshi","cb.sc.u4cse20453@cb.students.amrita.edu","CSE","E","2024","8.72","0","Not Placed"
"CB.SC.U4CSE20454","Charan Krishnan","cb.sc.u4cse20454@cb.students.amrita.edu","CSE","E","2024","7.2","0","Placed"
"CB.SC.U4CSE20455","Bhavya Krishnan","cb.sc.u4cse20455@cb.students.amrita.edu","CSE","E","2024","8.63","1","Placed"
"CB.SC.U4CSE20456","Riya Bose","cb.sc.u4cse20456@cb.students.amrita.edu","CSE","E","2024","8.93","2","Not Placed"
"CB.SC.U4CSE20457","Pooja Das","cb.sc.u4cse20457@cb.students.amrita.edu","CSE","E","2024","9.01","2","Placed"
"CB.SC.U4CSE20458","Pooja Shetty","cb.sc.u4cse20458@cb.students.amrita.edu","CSE","E","2024","8.53","2","Placed"
"CB.SC.U4CSE20459","Riya Bose","cb.sc.u4cse20459@cb.students.amrita.edu","CSE","E","2024","7.22","0","Placed"
"CB.SC.U4CSE20460","Sneha Krishnan","cb.sc.u4cse20460@cb.students.amrita.edu","CSE","E","2024","7.13","2","Placed"
"CB.SC.U4AI20001","Zara Menon","cb.sc.u4ai20001@cb.students.amrita.edu","AI","A","2024","8.19","2","Not Placed"
"CB.SC.U4AI20002","Aishwarya Bose","cb.sc.u4ai20002@cb.students.amrita.edu","AI","A","2024","9.04","2","Not Placed"
"CB.SC.U4AI20003","Sanjay Kapoor","cb.sc.u4ai20003@cb.students.amrita.edu","AI","A","2024","8.59","0","Not Placed"
"CB.SC.U4AI20004","Harish Bose","cb.sc.u4ai20004@cb.students.amrita.edu","AI","A","2024","8.22","1","Placed"
"CB.SC.U4AI20005","Janani Krishnan","cb.sc.u4ai20005@cb.students.amrita.edu","AI","A","2024","6.55","0","Not Placed"
"CB.SC.U4AI20006","Sanjay Krishnan","cb.sc.u4ai20006@cb.students.amrita.edu","AI","A","2024","7.91","0","Placed"
"CB.SC.U4AI20007","Ananya Reddy","cb.sc.u4ai20007@cb.students.amrita.edu","AI","A","2024","7.41","2","Not Placed"
"CB.SC.U4AI20008","Tanvi Pillai","cb.sc.u4ai20008@cb.students.amrita.edu","AI","A","2024","7.37","2","Placed"
"CB.SC.U4AI20009","Aarav Kapoor","cb.sc.u4ai20009@cb.students.amrita.edu","AI","A","2024","8.79","0","Placed"
"CB.SC.U4AI20010","Ananya Kapoor","cb.sc.u4ai20010@cb.students.amrita.edu","AI","A","2024","7.01","1","Not Placed"
"CB.SC.U4AI20011","Riya Sharma","cb.sc.u4ai20011@cb.students.amrita.edu","AI","A","2024","8.32","1","Placed"
"CB.SC.U4AI20012","Akash Iyer","cb.sc.u4ai20012@cb.students.amrita.edu","AI","A","2024","8.78","1","Placed"
"CB.SC.U4AI20013","Riya Nair","cb.sc.u4ai20013@cb.students.amrita.edu","AI","A","2024","9.06","1","Placed"
"CB.SC.U4AI20014","Janani Bose","cb.sc.u4ai20014@cb.students.amrita.edu","AI","A","2024","8.05","1","Placed"
"CB.SC.U4AI20015","Karthik Chatterjee","cb.sc.u4ai20015@cb.students.amrita.edu","AI","A","2024","9.77","1","Placed"
"CB.SC.U4AI20016","Karthik Gupta","cb.sc.u4ai20016@cb.students.amrita.edu","AI","A","2024","7.78","2","Not Placed"
"CB.SC.U4AI20017","Diya Reddy","cb.sc.u4ai20017@cb.students.amrita.edu","AI","A","2024","7.44","1","Placed"
"CB.SC.U4AI20018","Charan Raman","cb.sc.u4ai20018@cb.students.amrita.edu","AI","A","2024","9.58","0","Placed"
"CB.SC.U4AI20019","Diya Kulkarni","cb.sc.u4ai20019@cb.students.amrita.edu","AI","A","2024","7.6","1","Not Placed"
"CB.SC.U4AI20020","Sanjay Das","cb.sc.u4ai20020@cb.students.amrita.edu","AI","A","2024","6.85","2","Placed"
"CB.SC.U4AI20021","Yash Shetty","cb.sc.u4ai20021@cb.students.amrita.edu","AI","A","2024","7.17","1","Not Placed"
"CB.SC.U4AI20022","Aishwarya Reddy","cb.sc.u4ai20022@cb.students.amrita.edu","AI","A","2024","7.03","0","Not Placed"
"CB.SC.U4AI20023","Tanvi Gupta","cb.sc.u4ai20023@cb.students.amrita.edu","AI","A","2024","8.03","2","Placed"
"CB.SC.U4AI20024","Anirudh Raman","cb.sc.u4ai20024@cb.students.amrita.edu","AI","A","2024","6.68","0","Not Placed"
"CB.SC.U4AI20025","Ishaan Reddy","cb.sc.u4ai20025@cb.students.amrita.edu","AI","A","2024","9.32","0","Not Placed"
"CB.SC.U4AI20026","Rahul Sharma","cb.sc.u4ai20026@cb.students.amrita.edu","AI","A","2024","8.4","1","Placed"
"CB.SC.U4AI20027","Janani Gupta","cb.sc.u4ai20027@cb.students.amrita.edu","AI","A","2024","7.2","2","Not Placed"
"CB.SC.U4AI20028","Arjun Pillai","cb.sc.u4ai20028@cb.students.amrita.edu","AI","A","2024","7.44","1","Placed"
"CB.SC.U4AI20029","Aarav Joshi","cb.sc.u4ai20029@cb.students.amrita.edu","AI","A","2024","8.08","0","Placed"
"CB.SC.U4AI20030","Yash Das","cb.sc.u4ai20030@cb.students.amrita.edu","AI","A","2024","6.94","0","Placed"
"CB.SC.U4AI20031","Keerthana Patel","cb.sc.u4ai20031@cb.students.amrita.edu","AI","A","2024","6.85","0","Placed"
"CB.SC.U4AI20032","Yash Iyer","cb.sc.u4ai20032@cb.students.amrita.edu","AI","A","2024","7.33","1","Placed"
"CB.SC.U4AI20033","Charan Iyer","cb.sc.u4ai20033@cb.students.amrita.edu","AI","A","2024","7.27","2","Not Placed"
"CB.SC.U4AI20034","Lakshmi Chatterjee","cb.sc.u4ai20034@cb.students.amrita.edu","AI","A","2024","6.01","1","Placed"
"CB.SC.U4AI20035","Nikhil Sharma","cb.sc.u4ai20035@cb.students.amrita.edu","AI","A","2024","6.63","0","Not Placed"
"CB.SC.U4AI20036","Riya Reddy","cb.sc.u4ai20036@cb.students.amrita.edu","AI","A","2024","7.94","1","Placed"
"CB.SC.U4AI20037","Diya Shetty","cb.sc.u4ai20037@cb.students.amrita.edu","AI","A","2024","8.92","1","Placed"
"CB.SC.U4AI20038","Harish Krishnan","cb.sc.u4ai20038@cb.students.amrita.edu","AI","A","2024","6.33","1","Not Placed"
"CB.SC.U4AI20039","Arya Kapoor","cb.sc.u4ai20039@cb.students.amrita.edu","AI","A","2024","7.9","2","Not Placed"
"CB.SC.U4AI20040","Karthik Verma","cb.sc.u4ai20040@cb.students.amrita.edu","AI","A","2024","8.13","0","Not Placed"
"CB.SC.U4AI20041","Janani Bose","cb.sc.u4ai20041@cb.students.amrita.edu","AI","A","2024","7.26","1","Not Placed"
"CB.SC.U4AI20042","Charan Reddy","cb.sc.u4ai20042@cb.students.amrita.edu","AI","A","2024","8.89","0","Placed"
"CB.SC.U4AI20043","Pooja Iyer","cb.sc.u4ai20043@cb.students.amrita.edu","AI","A","2024","6.38","1","Placed"
"CB.SC.U4AI20044","Diya Mishra","cb.sc.u4ai20044@cb.students.amrita.edu","AI","A","2024","9.17","0","Not Placed"
"CB.SC.U4AI20045","Lakshmi Mishra","cb.sc.u4ai20045@cb.students.amrita.edu","AI","A","2024","7.89","1","Placed"
"CB.SC.U4AI20046","Diya Nagarajan","cb.sc.u4ai20046@cb.students.amrita.edu","AI","A","2024","9.66","0","Placed"
"CB.SC.U4AI20047","Yash Chatterjee","cb.sc.u4ai20047@cb.students.amrita.edu","AI","A","2024","8.95","1","Placed"
"CB.SC.U4AI20048","Varun Nagarajan","cb.sc.u4ai20048@cb.students.amrita.edu","AI","A","2024","6.26","0","Not Placed"
"CB.SC.U4AI20049","Harish Bose","cb.sc.u4ai20049@cb.students.amrita.edu","AI","A","2024","9.05","1","Placed"
"CB.SC.U4AI20050","Diya Reddy","cb.sc.u4ai20050@cb.students.amrita.edu","AI","A","2024","8.72","2","Placed"
"CB.SC.U4AI20051","Ishaan Verma","cb.sc.u4ai20051@cb.students.amrita.edu","AI","A","2024","6.52","1","Not Placed"
"CB.SC.U4AI20052","Keerthana Patel","cb.sc.u4ai20052@cb.students.amrita.edu","AI","A","2024","9.72","0","Not Placed"
"CB.SC.U4AI20053","Surya Verma","cb.sc.u4ai20053@cb.students.amrita.edu","AI","A","2024","8.49","2","Not Placed"
"CB.SC.U4AI20054","Keerthana Pillai","cb.sc.u4ai20054@cb.students.amrita.edu","AI","A","2024","8.21","1","Not Placed"
"CB.SC.U4AI20055","Karthik Raman","cb.sc.u4ai20055@cb.students.amrita.edu","AI","A","2024","7.8","2","Not Placed"
"CB.SC.U4AI20056","Anirudh Gupta","cb.sc.u4ai20056@cb.students.amrita.edu","AI","A","2024","9.66","1","Placed"
"CB.SC.U4AI20057","Aditya Menon","cb.sc.u4ai20057@cb.students.amrita.edu","AI","A","2024","8.45","1","Not Placed"
"CB.SC.U4AI20058","Pooja Verma","cb.sc.u4ai20058@cb.students.amrita.edu","AI","A","2024","7.77","0","Placed"
"CB.SC.U4AI20059","Charan Sharma","cb.sc.u4ai20059@cb.students.amrita.edu","AI","A","2024","6.45","1","Placed"
"CB.SC.U4AI20060","Zara Reddy","cb.sc.u4ai20060@cb.students.amrita.edu","AI","A","2024","7.42","2","Not Placed"
"CB.SC.U4AI20101","Bhavya Iyer","cb.sc.u4ai20101@cb.students.amrita.edu","AI","B","2024","6.26","0","Not Placed"
"CB.SC.U4AI20102","Aarav Reddy","cb.sc.u4ai20102@cb.students.amrita.edu","AI","B","2024","8.07","0","Placed"
"CB.SC.U4AI20103","Pooja Shetty","cb.sc.u4ai20103@cb.students.amrita.edu","AI","B","2024","7.31","2","Not Placed"
"CB.SC.U4AI20104","Zara Verma","cb.sc.u4ai20104@cb.students.amrita.edu","AI","B","2024","6.27","0","Not Placed"
"CB.SC.U4AI20105","Akash Krishnan","cb.sc.u4ai20105@cb.students.amrita.edu","AI","B","2024","6.99","0","Placed"
"CB.SC.U4AI20106","Janani Joshi","cb.sc.u4ai20106@cb.students.amrita.edu","AI","B","2024","9.55","0","Not Placed"
"CB.SC.U4AI20107","Aarav Kulkarni","cb.sc.u4ai20107@cb.students.amrita.edu","AI","B","2024","7.16","1","Placed"
"CB.SC.U4AI20108","Bhavya Verma","cb.sc.u4ai20108@cb.students.amrita.edu","AI","B","2024","9.31","2","Placed"
"CB.SC.U4AI20109","Sanjay Nair","cb.sc.u4ai20109@cb.students.amrita.edu","AI","B","2024","9.64","2","Placed"
"CB.SC.U4AI20110","Arjun Raman","cb.sc.u4ai20110@cb.students.amrita.edu","AI","B","2024","9.16","2","Placed"
"CB.SC.U4AI20111","Diya Iyer","cb.sc.u4ai20111@cb.students.amrita.edu","AI","B","2024","9.49","1","Placed"
"CB.SC.U4AI20112","Karthik Menon","cb.sc.u4ai20112@cb.students.amrita.edu","AI","B","2024","8.85","1","Not Placed"
"CB.SC.U4AI20113","Rahul Bose","cb.sc.u4ai20113@cb.students.amrita.edu","AI","B","2024","6.41","1","Not Placed"
"CB.SC.U4AI20114","Bhavya Nair","cb.sc.u4ai20114@cb.students.amrita.edu","AI","B","2024","7.14","0","Placed"
"CB.SC.U4AI20115","Nikhil Menon","cb.sc.u4ai20115@cb.students.amrita.edu","AI","B","2024","8.13","1","Not Placed"
"CB.SC.U4AI20116","Anirudh Kulkarni","cb.sc.u4ai20116@cb.students.amrita.edu","AI","B","2024","7.42","1","Placed"
"CB.SC.U4AI20117","Diya Chatterjee","cb.sc.u4ai20117@cb.students.amrita.edu","AI","B","2024","7.74","1","Placed"
"CB.SC.U4AI20118","Aditya Iyer","cb.sc.u4ai20118@cb.students.amrita.edu","AI","B","2024","8.53","1","Not Placed"
"CB.SC.U4AI20119","Tanvi Kapoor","cb.sc.u4ai20119@cb.students.amrita.edu","AI","B","2024","6.61","0","Not Placed"
"CB.SC.U4AI20120","Ananya Pillai","cb.sc.u4ai20120@cb.students.amrita.edu","AI","B","2024","7.98","1","Placed"
"CB.SC.U4AI20121","Sneha Nair","cb.sc.u4ai20121@cb.students.amrita.edu","AI","B","2024","7.9","1","Not Placed"
"CB.SC.U4AI20122","Sneha Nair","cb.sc.u4ai20122@cb.students.amrita.edu","AI","B","2024","6.42","2","Placed"
"CB.SC.U4AI20123","Akash Raman","cb.sc.u4ai20123@cb.students.amrita.edu","AI","B","2024","8.31","2","Placed"
"CB.SC.U4AI20124","Keerthana Raman","cb.sc.u4ai20124@cb.students.amrita.edu","AI","B","2024","8.88","1","Placed"
"CB.SC.U4AI20125","Harish Pillai","cb.sc.u4ai20125@cb.students.amrita.edu","AI","B","2024","6.33","1","Not Placed"
"CB.SC.U4AI20126","Vikram Iyer","cb.sc.u4ai20126@cb.students.amrita.edu","AI","B","2024","9.32","2","Not Placed"
"CB.SC.U4AI20127","Varun Das","cb.sc.u4ai20127@cb.students.amrita.edu","AI","B","2024","7.64","0","Placed"
"CB.SC.U4AI20128","Akash Patel","cb.sc.u4ai20128@cb.students.amrita.edu","AI","B","2024","9.28","1","Not Placed"
"CB.SC.U4AI20129","Zara Das","cb.sc.u4ai20129@cb.students.amrita.edu","AI","B","2024","8.73","2","Not Placed"
"CB.SC.U4AI20130","Harish Gupta","cb.sc.u4ai20130@cb.students.amrita.edu","AI","B","2024","7.89","0","Not Placed"
"CB.SC.U4AI20131","Sanjay Krishnan","cb.sc.u4ai20131@cb.students.amrita.edu","AI","B","2024","6.43","2","Placed"
"CB.SC.U4AI20132","Harish Nagarajan","cb.sc.u4ai20132@cb.students.amrita.edu","AI","B","2024","9.49","0","Placed"
"CB.SC.U4AI20133","Nikhil Nagarajan","cb.sc.u4ai20133@cb.students.amrita.edu","AI","B","2024","8.47","1","Not Placed"
"CB.SC.U4AI20134","Varun Das","cb.sc.u4ai20134@cb.students.amrita.edu","AI","B","2024","6.95","1","Not Placed"
"CB.SC.U4AI20135","Harish Menon","cb.sc.u4ai20135@cb.students.amrita.edu","AI","B","2024","6.09","2","Placed"
"CB.SC.U4AI20136","Pooja Bose","cb.sc.u4ai20136@cb.students.amrita.edu","AI","B","2024","7.77","0","Placed"
"CB.SC.U4AI20137","Ishaan Menon","cb.sc.u4ai20137@cb.students.amrita.edu","AI","B","2024","9.57","1","Not Placed"
"CB.SC.U4AI20138","Janani Joshi","cb.sc.u4ai20138@cb.students.amrita.edu","AI","B","2024","7.52","2","Placed"
"CB.SC.U4AI20139","Yash Nair","cb.sc.u4ai20139@cb.students.amrita.edu","AI","B","2024","9.52","2","Not Placed"
"CB.SC.U4AI20140","Rahul Gupta","cb.sc.u4ai20140@cb.students.amrita.edu","AI","B","2024","9.13","0","Placed"
"CB.SC.U4AI20141","Sneha Raman","cb.sc.u4ai20141@cb.students.amrita.edu","AI","B","2024","9.3","2","Placed"
"CB.SC.U4AI20142","Sanjay Kapoor","cb.sc.u4ai20142@cb.students.amrita.edu","AI","B","2024","7.93","0","Not Placed"
"CB.SC.U4AI20143","Arjun Iyer","cb.sc.u4ai20143@cb.students.amrita.edu","AI","B","2024","8.5","2","Placed"
"CB.SC.U4AI20144","Diya Reddy","cb.sc.u4ai20144@cb.students.amrita.edu","AI","B","2024","7.23","1","Not Placed"
"CB.SC.U4AI20145","Ananya Das","cb.sc.u4ai20145@cb.students.amrita.edu","AI","B","2024","7.64","1","Not Placed"
"CB.SC.U4AI20146","Zara Joshi","cb.sc.u4ai20146@cb.students.amrita.edu","AI","B","2024","9.85","2","Not Placed"
"CB.SC.U4AI20147","Arya Patel","cb.sc.u4ai20147@cb.students.amrita.edu","AI","B","2024","7.97","2","Not Placed"
"CB.SC.U4AI20148","Harish Chatterjee","cb.sc.u4ai20148@cb.students.amrita.edu","AI","B","2024","8.4","0","Placed"
"CB.SC.U4AI20149","Aditya Bose","cb.sc.u4ai20149@cb.students.amrita.edu","AI","B","2024","6.98","1","Placed"
"CB.SC.U4AI20150","Charan Bose","cb.sc.u4ai20150@cb.students.amrita.edu","AI","B","2024","8.37","1","Placed"
"CB.SC.U4AI20151","Surya Gupta","cb.sc.u4ai20151@cb.students.amrita.edu","AI","B","2024","9.85","2","Not Placed"
"CB.SC.U4AI20152","Keerthana Shetty","cb.sc.u4ai20152@cb.students.amrita.edu","AI","B","2024","9.65","1","Not Placed"
"CB.SC.U4AI20153","Anirudh Iyer","cb.sc.u4ai20153@cb.students.amrita.edu","AI","B","2024","9.46","0","Placed"
"CB.SC.U4AI20154","Aishwarya Shetty","cb.sc.u4ai20154@cb.students.amrita.edu","AI","B","2024","7.06","1","Not Placed"
"CB.SC.U4AI20155","Riya Menon","cb.sc.u4ai20155@cb.students.amrita.edu","AI","B","2024","6.6","2","Not Placed"
"CB.SC.U4AI20156","Aditya Raman","cb.sc.u4ai20156@cb.students.amrita.edu","AI","B","2024","6.5","2","Placed"
"CB.SC.U4AI20157","Aishwarya Sharma","cb.sc.u4ai20157@cb.students.amrita.edu","AI","B","2024","6.6","1","Placed"
"CB.SC.U4AI20158","Janani Iyer","cb.sc.u4ai20158@cb.students.amrita.edu","AI","B","2024","7.68","2","Not Placed"
"CB.SC.U4AI20159","Sneha Bose","cb.sc.u4ai20159@cb.students.amrita.edu","AI","B","2024","8.52","2","Not Placed"
"CB.SC.U4AI20160","Harish Kulkarni","cb.sc.u4ai20160@cb.students.amrita.edu","AI","B","2024","9.12","1","Not Placed"
"CB.SC.U4AI20201","Ananya Chatterjee","cb.sc.u4ai20201@cb.students.amrita.edu","AI","C","2024","6.12","1","Not Placed"
"CB.SC.U4AI20202","Keerthana Menon","cb.sc.u4ai20202@cb.students.amrita.edu","AI","C","2024","6.72","2","Placed"
"CB.SC.U4AI20203","Meera Mishra","cb.sc.u4ai20203@cb.students.amrita.edu","AI","C","2024","6.1","1","Not Placed"
"CB.SC.U4AI20204","Tanvi Sharma","cb.sc.u4ai20204@cb.students.amrita.edu","AI","C","2024","6.2","1","Not Placed"
"CB.SC.U4AI20205","Aishwarya Reddy","cb.sc.u4ai20205@cb.students.amrita.edu","AI","C","2024","9.2","1","Placed"
"CB.SC.U4AI20206","Harish Kapoor","cb.sc.u4ai20206@cb.students.amrita.edu","AI","C","2024","6.72","1","Placed"
"CB.SC.U4AI20207","Tanvi Patel","cb.sc.u4ai20207@cb.students.amrita.edu","AI","C","2024","9.21","0","Not Placed"
"CB.SC.U4AI20208","Ananya Kapoor","cb.sc.u4ai20208@cb.students.amrita.edu","AI","C","2024","6.92","2","Not Placed"
"CB.SC.U4AI20209","Keerthana Iyer","cb.sc.u4ai20209@cb.students.amrita.edu","AI","C","2024","6.5","0","Placed"
"CB.SC.U4AI20210","Riya Raman","cb.sc.u4ai20210@cb.students.amrita.edu","AI","C","2024","6.07","0","Not Placed"
"CB.SC.U4AI20211","Arjun Verma","cb.sc.u4ai20211@cb.students.amrita.edu","AI","C","2024","6.38","0","Not Placed"
"CB.SC.U4AI20212","Vikram Iyer","cb.sc.u4ai20212@cb.students.amrita.edu","AI","C","2024","8.4","1","Placed"
"CB.SC.U4AI20213","Zara Shetty","cb.sc.u4ai20213@cb.students.amrita.edu","AI","C","2024","6.72","2","Placed"
"CB.SC.U4AI20214","Lakshmi Bose","cb.sc.u4ai20214@cb.students.amrita.edu","AI","C","2024","7.82","1","Not Placed"
"CB.SC.U4AI20215","Aditya Gupta","cb.sc.u4ai20215@cb.students.amrita.edu","AI","C","2024","7.99","1","Not Placed"
"CB.SC.U4AI20216","Zara Raman","cb.sc.u4ai20216@cb.students.amrita.edu","AI","C","2024","9.85","2","Placed"
"CB.SC.U4AI20217","Sanjay Chatterjee","cb.sc.u4ai20217@cb.students.amrita.edu","AI","C","2024","6.89","0","Not Placed"
"CB.SC.U4AI20218","Yash Nagarajan","cb.sc.u4ai20218@cb.students.amrita.edu","AI","C","2024","6.8","0","Placed"
"CB.SC.U4AI20219","Arya Nagarajan","cb.sc.u4ai20219@cb.students.amrita.edu","AI","C","2024","7.76","0","Not Placed"
"CB.SC.U4AI20220","Zara Bose","cb.sc.u4ai20220@cb.students.amrita.edu","AI","C","2024","8.68","2","Placed"
"CB.SC.U4AI20221","Akash Mishra","cb.sc.u4ai20221@cb.students.amrita.edu","AI","C","2024","7.6","1","Placed"
"CB.SC.U4AI20222","Aarav Bose","cb.sc.u4ai20222@cb.students.amrita.edu","AI","C","2024","9","2","Not Placed"
"CB.SC.U4AI20223","Vikram Sharma","cb.sc.u4ai20223@cb.students.amrita.edu","AI","C","2024","9.64","1","Not Placed"
"CB.SC.U4AI20224","Pooja Reddy","cb.sc.u4ai20224@cb.students.amrita.edu","AI","C","2024","7","1","Not Placed"
"CB.SC.U4AI20225","Tanvi Menon","cb.sc.u4ai20225@cb.students.amrita.edu","AI","C","2024","6.99","0","Not Placed"
"CB.SC.U4AI20226","Lakshmi Mishra","cb.sc.u4ai20226@cb.students.amrita.edu","AI","C","2024","7.55","1","Placed"
"CB.SC.U4AI20227","Akash Nair","cb.sc.u4ai20227@cb.students.amrita.edu","AI","C","2024","8.59","0","Not Placed"
"CB.SC.U4AI20228","Harish Mishra","cb.sc.u4ai20228@cb.students.amrita.edu","AI","C","2024","8.89","1","Not Placed"
"CB.SC.U4AI20229","Rahul Gupta","cb.sc.u4ai20229@cb.students.amrita.edu","AI","C","2024","7.12","2","Not Placed"
"CB.SC.U4AI20230","Sanjay Gupta","cb.sc.u4ai20230@cb.students.amrita.edu","AI","C","2024","8.05","2","Not Placed"
"CB.SC.U4AI20231","Meera Reddy","cb.sc.u4ai20231@cb.students.amrita.edu","AI","C","2024","9.38","1","Not Placed"
"CB.SC.U4AI20232","Akash Pillai","cb.sc.u4ai20232@cb.students.amrita.edu","AI","C","2024","6.97","0","Placed"
"CB.SC.U4AI20233","Aditya Chatterjee","cb.sc.u4ai20233@cb.students.amrita.edu","AI","C","2024","7.14","2","Not Placed"
"CB.SC.U4AI20234","Janani Verma","cb.sc.u4ai20234@cb.students.amrita.edu","AI","C","2024","8.63","1","Not Placed"
"CB.SC.U4AI20235","Arjun Bose","cb.sc.u4ai20235@cb.students.amrita.edu","AI","C","2024","7.28","1","Not Placed"
"CB.SC.U4AI20236","Sneha Pillai","cb.sc.u4ai20236@cb.students.amrita.edu","AI","C","2024","8.82","0","Not Placed"
"CB.SC.U4AI20237","Sneha Iyer","cb.sc.u4ai20237@cb.students.amrita.edu","AI","C","2024","7.22","0","Placed"
"CB.SC.U4AI20238","Arya Sharma","cb.sc.u4ai20238@cb.students.amrita.edu","AI","C","2024","7.73","0","Not Placed"
"CB.SC.U4AI20239","Anirudh Menon","cb.sc.u4ai20239@cb.students.amrita.edu","AI","C","2024","9.69","2","Not Placed"
"CB.SC.U4AI20240","Harish Krishnan","cb.sc.u4ai20240@cb.students.amrita.edu","AI","C","2024","9.09","2","Not Placed"
"CB.SC.U4AI20241","Diya Patel","cb.sc.u4ai20241@cb.students.amrita.edu","AI","C","2024","8.48","1","Not Placed"
"CB.SC.U4AI20242","Varun Krishnan","cb.sc.u4ai20242@cb.students.amrita.edu","AI","C","2024","6.22","2","Placed"
"CB.SC.U4AI20243","Arya Shetty","cb.sc.u4ai20243@cb.students.amrita.edu","AI","C","2024","6.76","1","Placed"
"CB.SC.U4AI20244","Lakshmi Nair","cb.sc.u4ai20244@cb.students.amrita.edu","AI","C","2024","8.11","0","Placed"
"CB.SC.U4AI20245","Arya Sharma","cb.sc.u4ai20245@cb.students.amrita.edu","AI","C","2024","8.37","1","Not Placed"
"CB.SC.U4AI20246","Ishaan Raman","cb.sc.u4ai20246@cb.students.amrita.edu","AI","C","2024","9.27","0","Placed"
"CB.SC.U4AI20247","Diya Krishnan","cb.sc.u4ai20247@cb.students.amrita.edu","AI","C","2024","8.29","1","Not Placed"
"CB.SC.U4AI20248","Arya Reddy","cb.sc.u4ai20248@cb.students.amrita.edu","AI","C","2024","7.68","1","Placed"
"CB.SC.U4AI20249","Aishwarya Joshi","cb.sc.u4ai20249@cb.students.amrita.edu","AI","C","2024","7.18","2","Not Placed"
"CB.SC.U4AI20250","Zara Bose","cb.sc.u4ai20250@cb.students.amrita.edu","AI","C","2024","9.02","1","Not Placed"
"CB.SC.U4AI20251","Surya Reddy","cb.sc.u4ai20251@cb.students.amrita.edu","AI","C","2024","8.94","2","Not Placed"
"CB.SC.U4AI20252","Harish Shetty","cb.sc.u4ai20252@cb.students.amrita.edu","AI","C","2024","7.84","2","Placed"
"CB.SC.U4AI20253","Tanvi Mishra","cb.sc.u4ai20253@cb.students.amrita.edu","AI","C","2024","7.61","2","Placed"
"CB.SC.U4AI20254","Charan Verma","cb.sc.u4ai20254@cb.students.amrita.edu","AI","C","2024","7.19","0","Placed"
"CB.SC.U4AI20255","Rahul Nagarajan","cb.sc.u4ai20255@cb.students.amrita.edu","AI","C","2024","7.5","0","Placed"
"CB.SC.U4AI20256","Harish Joshi","cb.sc.u4ai20256@cb.students.amrita.edu","AI","C","2024","8.75","2","Placed"
"CB.SC.U4AI20257","Surya Menon","cb.sc.u4ai20257@cb.students.amrita.edu","AI","C","2024","7.88","1","Not Placed"
"CB.SC.U4AI20258","Ananya Verma","cb.sc.u4ai20258@cb.students.amrita.edu","AI","C","2024","9.09","2","Not Placed"
"CB.SC.U4AI20259","Yash Raman","cb.sc.u4ai20259@cb.students.amrita.edu","AI","C","2024","9.53","0","Not Placed"
"CB.SC.U4AI20260","Riya Verma","cb.sc.u4ai20260@cb.students.amrita.edu","AI","C","2024","9.5","0","Not Placed"
"CB.SC.U4AI20301","Tanvi Kulkarni","cb.sc.u4ai20301@cb.students.amrita.edu","AI","D","2024","7.85","1","Placed"
"CB.SC.U4AI20302","Bhavya Gupta","cb.sc.u4ai20302@cb.students.amrita.edu","AI","D","2024","7.83","1","Placed"
"CB.SC.U4AI20303","Tanvi Menon","cb.sc.u4ai20303@cb.students.amrita.edu","AI","D","2024","7.73","0","Placed"
"CB.SC.U4AI20304","Aishwarya Mishra","cb.sc.u4ai20304@cb.students.amrita.edu","AI","D","2024","8.48","2","Placed"
"CB.SC.U4AI20305","Akash Joshi","cb.sc.u4ai20305@cb.students.amrita.edu","AI","D","2024","6.64","2","Placed"
"CB.SC.U4AI20306","Keerthana Pillai","cb.sc.u4ai20306@cb.students.amrita.edu","AI","D","2024","9.78","0","Not Placed"
"CB.SC.U4AI20307","Arjun Kapoor","cb.sc.u4ai20307@cb.students.amrita.edu","AI","D","2024","7.27","1","Placed"
"CB.SC.U4AI20308","Tanvi Verma","cb.sc.u4ai20308@cb.students.amrita.edu","AI","D","2024","8.16","1","Not Placed"
"CB.SC.U4AI20309","Ishaan Chatterjee","cb.sc.u4ai20309@cb.students.amrita.edu","AI","D","2024","6.38","0","Placed"
"CB.SC.U4AI20310","Arjun Iyer","cb.sc.u4ai20310@cb.students.amrita.edu","AI","D","2024","7.22","0","Not Placed"
"CB.SC.U4AI20311","Nikhil Chatterjee","cb.sc.u4ai20311@cb.students.amrita.edu","AI","D","2024","7.92","2","Placed"
"CB.SC.U4AI20312","Meera Bose","cb.sc.u4ai20312@cb.students.amrita.edu","AI","D","2024","8.88","1","Not Placed"
"CB.SC.U4AI20313","Tanvi Gupta","cb.sc.u4ai20313@cb.students.amrita.edu","AI","D","2024","9.8","1","Not Placed"
"CB.SC.U4AI20314","Keerthana Bose","cb.sc.u4ai20314@cb.students.amrita.edu","AI","D","2024","7.54","1","Placed"
"CB.SC.U4AI20315","Varun Kapoor","cb.sc.u4ai20315@cb.students.amrita.edu","AI","D","2024","7.75","1","Placed"
"CB.SC.U4AI20316","Vikram Krishnan","cb.sc.u4ai20316@cb.students.amrita.edu","AI","D","2024","9.37","1","Placed"
"CB.SC.U4AI20317","Aishwarya Patel","cb.sc.u4ai20317@cb.students.amrita.edu","AI","D","2024","9.53","0","Placed"
"CB.SC.U4AI20318","Rahul Nair","cb.sc.u4ai20318@cb.students.amrita.edu","AI","D","2024","9.34","2","Placed"
"CB.SC.U4AI20319","Vikram Joshi","cb.sc.u4ai20319@cb.students.amrita.edu","AI","D","2024","8.68","2","Placed"
"CB.SC.U4AI20320","Bhavya Das","cb.sc.u4ai20320@cb.students.amrita.edu","AI","D","2024","7.33","2","Not Placed"
"CB.SC.U4AI20321","Harish Raman","cb.sc.u4ai20321@cb.students.amrita.edu","AI","D","2024","9.41","2","Placed"
"CB.SC.U4AI20322","Arya Nair","cb.sc.u4ai20322@cb.students.amrita.edu","AI","D","2024","9.7","0","Placed"
"CB.SC.U4AI20323","Surya Kapoor","cb.sc.u4ai20323@cb.students.amrita.edu","AI","D","2024","7.28","2","Not Placed"
"CB.SC.U4AI20324","Tanvi Sharma","cb.sc.u4ai20324@cb.students.amrita.edu","AI","D","2024","8.7","2","Not Placed"
"CB.SC.U4AI20325","Keerthana Nagarajan","cb.sc.u4ai20325@cb.students.amrita.edu","AI","D","2024","8.31","1","Not Placed"
"CB.SC.U4AI20326","Vikram Shetty","cb.sc.u4ai20326@cb.students.amrita.edu","AI","D","2024","7.09","1","Not Placed"
"CB.SC.U4AI20327","Sneha Patel","cb.sc.u4ai20327@cb.students.amrita.edu","AI","D","2024","7.29","0","Not Placed"
"CB.SC.U4AI20328","Ananya Raman","cb.sc.u4ai20328@cb.students.amrita.edu","AI","D","2024","7.32","0","Placed"
"CB.SC.U4AI20329","Bhavya Joshi","cb.sc.u4ai20329@cb.students.amrita.edu","AI","D","2024","8.79","2","Placed"
"CB.SC.U4AI20330","Charan Patel","cb.sc.u4ai20330@cb.students.amrita.edu","AI","D","2024","7.99","0","Not Placed"
"CB.SC.U4AI20331","Nikhil Patel","cb.sc.u4ai20331@cb.students.amrita.edu","AI","D","2024","7.63","1","Not Placed"
"CB.SC.U4AI20332","Arya Reddy","cb.sc.u4ai20332@cb.students.amrita.edu","AI","D","2024","9.73","0","Not Placed"
"CB.SC.U4AI20333","Yash Joshi","cb.sc.u4ai20333@cb.students.amrita.edu","AI","D","2024","8.69","2","Placed"
"CB.SC.U4AI20334","Meera Shetty","cb.sc.u4ai20334@cb.students.amrita.edu","AI","D","2024","8.81","1","Not Placed"
"CB.SC.U4AI20335","Aarav Pillai","cb.sc.u4ai20335@cb.students.amrita.edu","AI","D","2024","7.54","0","Placed"
"CB.SC.U4AI20336","Nikhil Patel","cb.sc.u4ai20336@cb.students.amrita.edu","AI","D","2024","9.05","1","Placed"
"CB.SC.U4AI20337","Pooja Nagarajan","cb.sc.u4ai20337@cb.students.amrita.edu","AI","D","2024","7.67","2","Not Placed"
"CB.SC.U4AI20338","Riya Shetty","cb.sc.u4ai20338@cb.students.amrita.edu","AI","D","2024","8.29","1","Placed"
"CB.SC.U4AI20339","Varun Verma","cb.sc.u4ai20339@cb.students.amrita.edu","AI","D","2024","6.23","2","Not Placed"
"CB.SC.U4AI20340","Riya Joshi","cb.sc.u4ai20340@cb.students.amrita.edu","AI","D","2024","8.37","2","Placed"
"CB.SC.U4AI20341","Ananya Nagarajan","cb.sc.u4ai20341@cb.students.amrita.edu","AI","D","2024","6.33","2","Placed"
"CB.SC.U4AI20342","Nikhil Verma","cb.sc.u4ai20342@cb.students.amrita.edu","AI","D","2024","9.88","2","Not Placed"
"CB.SC.U4AI20343","Sneha Gupta","cb.sc.u4ai20343@cb.students.amrita.edu","AI","D","2024","8.96","2","Placed"
"CB.SC.U4AI20344","Ishaan Gupta","cb.sc.u4ai20344@cb.students.amrita.edu","AI","D","2024","7.11","2","Placed"
"CB.SC.U4AI20345","Vikram Chatterjee","cb.sc.u4ai20345@cb.students.amrita.edu","AI","D","2024","9.49","0","Placed"
"CB.SC.U4AI20346","Akash Sharma","cb.sc.u4ai20346@cb.students.amrita.edu","AI","D","2024","8.38","0","Placed"
"CB.SC.U4AI20347","Karthik Reddy","cb.sc.u4ai20347@cb.students.amrita.edu","AI","D","2024","8.9","2","Not Placed"
"CB.SC.U4AI20348","Anirudh Reddy","cb.sc.u4ai20348@cb.students.amrita.edu","AI","D","2024","9.32","2","Placed"
"CB.SC.U4AI20349","Ishaan Chatterjee","cb.sc.u4ai20349@cb.students.amrita.edu","AI","D","2024","6.01","2","Placed"
"CB.SC.U4AI20350","Yash Iyer","cb.sc.u4ai20350@cb.students.amrita.edu","AI","D","2024","9.29","2","Not Placed"
"CB.SC.U4AI20351","Keerthana Nair","cb.sc.u4ai20351@cb.students.amrita.edu","AI","D","2024","6.37","0","Not Placed"
"CB.SC.U4AI20352","Rahul Chatterjee","cb.sc.u4ai20352@cb.students.amrita.edu","AI","D","2024","6.03","1","Placed"
"CB.SC.U4AI20353","Zara Kulkarni","cb.sc.u4ai20353@cb.students.amrita.edu","AI","D","2024","7.25","0","Placed"
"CB.SC.U4AI20354","Vikram Mishra","cb.sc.u4ai20354@cb.students.amrita.edu","AI","D","2024","8.13","0","Placed"
"CB.SC.U4AI20355","Tanvi Mishra","cb.sc.u4ai20355@cb.students.amrita.edu","AI","D","2024","6.7","0","Placed"
"CB.SC.U4AI20356","Vikram Chatterjee","cb.sc.u4ai20356@cb.students.amrita.edu","AI","D","2024","9.22","2","Not Placed"
"CB.SC.U4AI20357","Surya Sharma","cb.sc.u4ai20357@cb.students.amrita.edu","AI","D","2024","6.89","2","Placed"
"CB.SC.U4AI20358","Sneha Verma","cb.sc.u4ai20358@cb.students.amrita.edu","AI","D","2024","8.89","0","Placed"
"CB.SC.U4AI20359","Vikram Kulkarni","cb.sc.u4ai20359@cb.students.amrita.edu","AI","D","2024","6.81","0","Placed"
"CB.SC.U4AI20360","Diya Joshi","cb.sc.u4ai20360@cb.students.amrita.edu","AI","D","2024","6.91","1","Not Placed"
"CB.SC.U4AI20401","Zara Das","cb.sc.u4ai20401@cb.students.amrita.edu","AI","E","2024","6.8","1","Placed"
"CB.SC.U4AI20402","Nikhil Nair","cb.sc.u4ai20402@cb.students.amrita.edu","AI","E","2024","8.27","2","Not Placed"
"CB.SC.U4AI20403","Yash Nair","cb.sc.u4ai20403@cb.students.amrita.edu","AI","E","2024","8.16","0","Not Placed"
"CB.SC.U4AI20404","Lakshmi Patel","cb.sc.u4ai20404@cb.students.amrita.edu","AI","E","2024","7.11","1","Not Placed"
"CB.SC.U4AI20405","Charan Nagarajan","cb.sc.u4ai20405@cb.students.amrita.edu","AI","E","2024","8.94","1","Not Placed"
"CB.SC.U4AI20406","Aditya Menon","cb.sc.u4ai20406@cb.students.amrita.edu","AI","E","2024","9.22","2","Not Placed"
"CB.SC.U4AI20407","Varun Nair","cb.sc.u4ai20407@cb.students.amrita.edu","AI","E","2024","8.82","2","Placed"
"CB.SC.U4AI20408","Janani Raman","cb.sc.u4ai20408@cb.students.amrita.edu","AI","E","2024","6.27","0","Not Placed"
"CB.SC.U4AI20409","Riya Das","cb.sc.u4ai20409@cb.students.amrita.edu","AI","E","2024","6.57","2","Placed"
"CB.SC.U4AI20410","Aarav Menon","cb.sc.u4ai20410@cb.students.amrita.edu","AI","E","2024","8.73","1","Placed"
"CB.SC.U4AI20411","Bhavya Shetty","cb.sc.u4ai20411@cb.students.amrita.edu","AI","E","2024","9.01","2","Placed"
"CB.SC.U4AI20412","Lakshmi Raman","cb.sc.u4ai20412@cb.students.amrita.edu","AI","E","2024","9.6","1","Not Placed"
"CB.SC.U4AI20413","Rahul Gupta","cb.sc.u4ai20413@cb.students.amrita.edu","AI","E","2024","8.71","2","Placed"
"CB.SC.U4AI20414","Aarav Menon","cb.sc.u4ai20414@cb.students.amrita.edu","AI","E","2024","7.04","2","Not Placed"
"CB.SC.U4AI20415","Meera Sharma","cb.sc.u4ai20415@cb.students.amrita.edu","AI","E","2024","7.89","1","Not Placed"
"CB.SC.U4AI20416","Bhavya Pillai","cb.sc.u4ai20416@cb.students.amrita.edu","AI","E","2024","9.68","1","Placed"
"CB.SC.U4AI20417","Vikram Krishnan","cb.sc.u4ai20417@cb.students.amrita.edu","AI","E","2024","7.74","2","Not Placed"
"CB.SC.U4AI20418","Arya Shetty","cb.sc.u4ai20418@cb.students.amrita.edu","AI","E","2024","6.38","0","Placed"
"CB.SC.U4AI20419","Ananya Verma","cb.sc.u4ai20419@cb.students.amrita.edu","AI","E","2024","7.43","0","Placed"
"CB.SC.U4AI20420","Arya Kulkarni","cb.sc.u4ai20420@cb.students.amrita.edu","AI","E","2024","8.87","1","Not Placed"
"CB.SC.U4AI20421","Harish Kulkarni","cb.sc.u4ai20421@cb.students.amrita.edu","AI","E","2024","9.78","0","Placed"
"CB.SC.U4AI20422","Charan Menon","cb.sc.u4ai20422@cb.students.amrita.edu","AI","E","2024","7.98","0","Not Placed"
"CB.SC.U4AI20423","Aarav Bose","cb.sc.u4ai20423@cb.students.amrita.edu","AI","E","2024","6.39","1","Not Placed"
"CB.SC.U4AI20424","Lakshmi Shetty","cb.sc.u4ai20424@cb.students.amrita.edu","AI","E","2024","8.33","2","Placed"
"CB.SC.U4AI20425","Arjun Pillai","cb.sc.u4ai20425@cb.students.amrita.edu","AI","E","2024","7.7","0","Placed"
"CB.SC.U4AI20426","Surya Shetty","cb.sc.u4ai20426@cb.students.amrita.edu","AI","E","2024","6.93","1","Not Placed"
"CB.SC.U4AI20427","Surya Nagarajan","cb.sc.u4ai20427@cb.students.amrita.edu","AI","E","2024","8.04","1","Not Placed"
"CB.SC.U4AI20428","Bhavya Shetty","cb.sc.u4ai20428@cb.students.amrita.edu","AI","E","2024","6.03","0","Not Placed"
"CB.SC.U4AI20429","Ananya Kulkarni","cb.sc.u4ai20429@cb.students.amrita.edu","AI","E","2024","6.33","2","Not Placed"
"CB.SC.U4AI20430","Bhavya Reddy","cb.sc.u4ai20430@cb.students.amrita.edu","AI","E","2024","7.26","0","Placed"
"CB.SC.U4AI20431","Surya Chatterjee","cb.sc.u4ai20431@cb.students.amrita.edu","AI","E","2024","9.34","2","Placed"
"CB.SC.U4AI20432","Zara Bose","cb.sc.u4ai20432@cb.students.amrita.edu","AI","E","2024","7.99","2","Not Placed"
"CB.SC.U4AI20433","Meera Patel","cb.sc.u4ai20433@cb.students.amrita.edu","AI","E","2024","8.61","1","Not Placed"
"CB.SC.U4AI20434","Diya Verma","cb.sc.u4ai20434@cb.students.amrita.edu","AI","E","2024","8.99","0","Placed"
"CB.SC.U4AI20435","Aishwarya Shetty","cb.sc.u4ai20435@cb.students.amrita.edu","AI","E","2024","6.56","0","Placed"
"CB.SC.U4AI20436","Zara Raman","cb.sc.u4ai20436@cb.students.amrita.edu","AI","E","2024","8.44","1","Placed"
"CB.SC.U4AI20437","Anirudh Krishnan","cb.sc.u4ai20437@cb.students.amrita.edu","AI","E","2024","6.54","1","Not Placed"
"CB.SC.U4AI20438","Riya Reddy","cb.sc.u4ai20438@cb.students.amrita.edu","AI","E","2024","6.95","0","Placed"
"CB.SC.U4AI20439","Meera Shetty","cb.sc.u4ai20439@cb.students.amrita.edu","AI","E","2024","7","1","Placed"
"CB.SC.U4AI20440","Arya Pillai","cb.sc.u4ai20440@cb.students.amrita.edu","AI","E","2024","7.17","2","Placed"
"CB.SC.U4AI20441","Tanvi Nair","cb.sc.u4ai20441@cb.students.amrita.edu","AI","E","2024","8.81","1","Placed"
"CB.SC.U4AI20442","Sneha Krishnan","cb.sc.u4ai20442@cb.students.amrita.edu","AI","E","2024","6.78","0","Not Placed"
"CB.SC.U4AI20443","Janani Patel","cb.sc.u4ai20443@cb.students.amrita.edu","AI","E","2024","9.04","0","Not Placed"
"CB.SC.U4AI20444","Surya Nagarajan","cb.sc.u4ai20444@cb.students.amrita.edu","AI","E","2024","6.52","1","Not Placed"
"CB.SC.U4AI20445","Nikhil Pillai","cb.sc.u4ai20445@cb.students.amrita.edu","AI","E","2024","8.24","2","Placed"
"CB.SC.U4AI20446","Rahul Patel","cb.sc.u4ai20446@cb.students.amrita.edu","AI","E","2024","6.93","1","Not Placed"
"CB.SC.U4AI20447","Sanjay Gupta","cb.sc.u4ai20447@cb.students.amrita.edu","AI","E","2024","6.7","0","Placed"
"CB.SC.U4AI20448","Karthik Joshi","cb.sc.u4ai20448@cb.students.amrita.edu","AI","E","2024","7.04","1","Not Placed"
"CB.SC.U4AI20449","Anirudh Gupta","cb.sc.u4ai20449@cb.students.amrita.edu","AI","E","2024","8.4","1","Not Placed"
"CB.SC.U4AI20450","Janani Raman","cb.sc.u4ai20450@cb.students.amrita.edu","AI","E","2024","7.67","1","Placed"
"CB.SC.U4AI20451","Bhavya Verma","cb.sc.u4ai20451@cb.students.amrita.edu","AI","E","2024","8.23","2","Not Placed"
"CB.SC.U4AI20452","Janani Iyer","cb.sc.u4ai20452@cb.students.amrita.edu","AI","E","2024","9.25","0","Placed"
"CB.SC.U4AI20453","Bhavya Nair","cb.sc.u4ai20453@cb.students.amrita.edu","AI","E","2024","8.2","0","Not Placed"
"CB.SC.U4AI20454","Riya Reddy","cb.sc.u4ai20454@cb.students.amrita.edu","AI","E","2024","8.54","1","Not Placed"
"CB.SC.U4AI20455","Zara Shetty","cb.sc.u4ai20455@cb.students.amrita.edu","AI","E","2024","7.7","0","Not Placed"
"CB.SC.U4AI20456","Pooja Gupta","cb.sc.u4ai20456@cb.students.amrita.edu","AI","E","2024","6.37","2","Not Placed"
"CB.SC.U4AI20457","Diya Gupta","cb.sc.u4ai20457@cb.students.amrita.edu","AI","E","2024","8.62","2","Not Placed"
"CB.SC.U4AI20458","Pooja Kapoor","cb.sc.u4ai20458@cb.students.amrita.edu","AI","E","2024","6.3","2","Placed"
"CB.SC.U4AI20459","Aditya Verma","cb.sc.u4ai20459@cb.students.amrita.edu","AI","E","2024","8.26","2","Not Placed"
"CB.SC.U4AI20460","Pooja Krishnan","cb.sc.u4ai20460@cb.students.amrita.edu","AI","E","2024","8.36","2","Not Placed"
"CB.EN.U4EEE20001","Vikram Reddy","cb.en.u4eee20001@cb.students.amrita.edu","EEE","A","2024","7.88","0","Not Placed"
"CB.EN.U4EEE20002","Riya Das","cb.en.u4eee20002@cb.students.amrita.edu","EEE","A","2024","7.82","0","Placed"
"CB.EN.U4EEE20003","Akash Pillai","cb.en.u4eee20003@cb.students.amrita.edu","EEE","A","2024","9.79","1","Not Placed"
"CB.EN.U4EEE20004","Pooja Sharma","cb.en.u4eee20004@cb.students.amrita.edu","EEE","A","2024","6.77","0","Placed"
"CB.EN.U4EEE20005","Pooja Kulkarni","cb.en.u4eee20005@cb.students.amrita.edu","EEE","A","2024","8.27","0","Not Placed"
"CB.EN.U4EEE20006","Yash Kapoor","cb.en.u4eee20006@cb.students.amrita.edu","EEE","A","2024","7.68","0","Not Placed"
"CB.EN.U4EEE20007","Sneha Das","cb.en.u4eee20007@cb.students.amrita.edu","EEE","A","2024","8.4","0","Placed"
"CB.EN.U4EEE20008","Yash Kapoor","cb.en.u4eee20008@cb.students.amrita.edu","EEE","A","2024","8.56","2","Not Placed"
"CB.EN.U4EEE20009","Arya Kapoor","cb.en.u4eee20009@cb.students.amrita.edu","EEE","A","2024","7.42","1","Not Placed"
"CB.EN.U4EEE20010","Diya Krishnan","cb.en.u4eee20010@cb.students.amrita.edu","EEE","A","2024","8.69","0","Placed"
"CB.EN.U4EEE20011","Charan Iyer","cb.en.u4eee20011@cb.students.amrita.edu","EEE","A","2024","6.8","1","Placed"
"CB.EN.U4EEE20012","Ishaan Nair","cb.en.u4eee20012@cb.students.amrita.edu","EEE","A","2024","6.71","2","Not Placed"
"CB.EN.U4EEE20013","Riya Reddy","cb.en.u4eee20013@cb.students.amrita.edu","EEE","A","2024","8.97","0","Not Placed"
"CB.EN.U4EEE20014","Aishwarya Joshi","cb.en.u4eee20014@cb.students.amrita.edu","EEE","A","2024","9.7","1","Placed"
"CB.EN.U4EEE20015","Tanvi Shetty","cb.en.u4eee20015@cb.students.amrita.edu","EEE","A","2024","7.98","0","Not Placed"
"CB.EN.U4EEE20016","Sneha Menon","cb.en.u4eee20016@cb.students.amrita.edu","EEE","A","2024","8.22","1","Not Placed"
"CB.EN.U4EEE20017","Karthik Sharma","cb.en.u4eee20017@cb.students.amrita.edu","EEE","A","2024","7.49","2","Placed"
"CB.EN.U4EEE20018","Harish Iyer","cb.en.u4eee20018@cb.students.amrita.edu","EEE","A","2024","8.48","2","Not Placed"
"CB.EN.U4EEE20019","Meera Shetty","cb.en.u4eee20019@cb.students.amrita.edu","EEE","A","2024","7.99","0","Not Placed"
"CB.EN.U4EEE20020","Aarav Chatterjee","cb.en.u4eee20020@cb.students.amrita.edu","EEE","A","2024","8.21","1","Placed"
"CB.EN.U4EEE20021","Keerthana Kapoor","cb.en.u4eee20021@cb.students.amrita.edu","EEE","A","2024","6.16","0","Placed"
"CB.EN.U4EEE20022","Rahul Patel","cb.en.u4eee20022@cb.students.amrita.edu","EEE","A","2024","8.13","0","Placed"
"CB.EN.U4EEE20023","Arya Raman","cb.en.u4eee20023@cb.students.amrita.edu","EEE","A","2024","7.55","1","Not Placed"
"CB.EN.U4EEE20024","Akash Chatterjee","cb.en.u4eee20024@cb.students.amrita.edu","EEE","A","2024","6.74","2","Placed"
"CB.EN.U4EEE20025","Sanjay Pillai","cb.en.u4eee20025@cb.students.amrita.edu","EEE","A","2024","9.72","0","Not Placed"
"CB.EN.U4EEE20026","Aishwarya Sharma","cb.en.u4eee20026@cb.students.amrita.edu","EEE","A","2024","6.36","0","Placed"
"CB.EN.U4EEE20027","Arjun Nair","cb.en.u4eee20027@cb.students.amrita.edu","EEE","A","2024","9.47","0","Not Placed"
"CB.EN.U4EEE20028","Zara Shetty","cb.en.u4eee20028@cb.students.amrita.edu","EEE","A","2024","9.2","0","Placed"
"CB.EN.U4EEE20029","Karthik Joshi","cb.en.u4eee20029@cb.students.amrita.edu","EEE","A","2024","9.76","0","Not Placed"
"CB.EN.U4EEE20030","Meera Mishra","cb.en.u4eee20030@cb.students.amrita.edu","EEE","A","2024","6.74","1","Not Placed"
"CB.EN.U4EEE20031","Bhavya Iyer","cb.en.u4eee20031@cb.students.amrita.edu","EEE","A","2024","6.31","1","Not Placed"
"CB.EN.U4EEE20032","Diya Gupta","cb.en.u4eee20032@cb.students.amrita.edu","EEE","A","2024","6.05","0","Placed"
"CB.EN.U4EEE20033","Ishaan Pillai","cb.en.u4eee20033@cb.students.amrita.edu","EEE","A","2024","6.39","2","Placed"
"CB.EN.U4EEE20034","Anirudh Pillai","cb.en.u4eee20034@cb.students.amrita.edu","EEE","A","2024","7.65","1","Not Placed"
"CB.EN.U4EEE20035","Nikhil Reddy","cb.en.u4eee20035@cb.students.amrita.edu","EEE","A","2024","6.43","1","Placed"
"CB.EN.U4EEE20036","Arya Joshi","cb.en.u4eee20036@cb.students.amrita.edu","EEE","A","2024","9.24","0","Placed"
"CB.EN.U4EEE20037","Bhavya Iyer","cb.en.u4eee20037@cb.students.amrita.edu","EEE","A","2024","8.43","0","Placed"
"CB.EN.U4EEE20038","Lakshmi Sharma","cb.en.u4eee20038@cb.students.amrita.edu","EEE","A","2024","7.9","2","Placed"
"CB.EN.U4EEE20039","Rahul Joshi","cb.en.u4eee20039@cb.students.amrita.edu","EEE","A","2024","7.72","1","Not Placed"
"CB.EN.U4EEE20040","Karthik Mishra","cb.en.u4eee20040@cb.students.amrita.edu","EEE","A","2024","9.4","2","Not Placed"
"CB.EN.U4EEE20041","Lakshmi Pillai","cb.en.u4eee20041@cb.students.amrita.edu","EEE","A","2024","8.09","0","Not Placed"
"CB.EN.U4EEE20042","Arya Reddy","cb.en.u4eee20042@cb.students.amrita.edu","EEE","A","2024","7.14","1","Placed"
"CB.EN.U4EEE20043","Keerthana Menon","cb.en.u4eee20043@cb.students.amrita.edu","EEE","A","2024","7.71","1","Not Placed"
"CB.EN.U4EEE20044","Nikhil Kulkarni","cb.en.u4eee20044@cb.students.amrita.edu","EEE","A","2024","7.68","0","Not Placed"
"CB.EN.U4EEE20045","Meera Menon","cb.en.u4eee20045@cb.students.amrita.edu","EEE","A","2024","8.14","2","Not Placed"
"CB.EN.U4EEE20046","Varun Menon","cb.en.u4eee20046@cb.students.amrita.edu","EEE","A","2024","6.01","0","Placed"
"CB.EN.U4EEE20047","Aishwarya Nagarajan","cb.en.u4eee20047@cb.students.amrita.edu","EEE","A","2024","7.26","0","Placed"
"CB.EN.U4EEE20048","Yash Verma","cb.en.u4eee20048@cb.students.amrita.edu","EEE","A","2024","7.35","0","Placed"
"CB.EN.U4EEE20049","Arya Bose","cb.en.u4eee20049@cb.students.amrita.edu","EEE","A","2024","7.13","2","Placed"
"CB.EN.U4EEE20050","Ishaan Sharma","cb.en.u4eee20050@cb.students.amrita.edu","EEE","A","2024","8.92","0","Placed"
"CB.EN.U4EEE20051","Keerthana Bose","cb.en.u4eee20051@cb.students.amrita.edu","EEE","A","2024","7.96","0","Not Placed"
"CB.EN.U4EEE20052","Arya Das","cb.en.u4eee20052@cb.students.amrita.edu","EEE","A","2024","8.16","0","Placed"
"CB.EN.U4EEE20053","Lakshmi Menon","cb.en.u4eee20053@cb.students.amrita.edu","EEE","A","2024","8.24","0","Not Placed"
"CB.EN.U4EEE20054","Sneha Raman","cb.en.u4eee20054@cb.students.amrita.edu","EEE","A","2024","8.39","2","Placed"
"CB.EN.U4EEE20055","Aditya Nagarajan","cb.en.u4eee20055@cb.students.amrita.edu","EEE","A","2024","9.22","0","Placed"
"CB.EN.U4EEE20056","Karthik Gupta","cb.en.u4eee20056@cb.students.amrita.edu","EEE","A","2024","7.26","0","Placed"
"CB.EN.U4EEE20057","Diya Gupta","cb.en.u4eee20057@cb.students.amrita.edu","EEE","A","2024","8.91","0","Placed"
"CB.EN.U4EEE20058","Charan Krishnan","cb.en.u4eee20058@cb.students.amrita.edu","EEE","A","2024","8.33","2","Not Placed"
"CB.EN.U4EEE20059","Akash Nair","cb.en.u4eee20059@cb.students.amrita.edu","EEE","A","2024","6.49","2","Placed"
"CB.EN.U4EEE20060","Bhavya Krishnan","cb.en.u4eee20060@cb.students.amrita.edu","EEE","A","2024","9.61","1","Not Placed"
"CB.EN.U4EEE20101","Diya Joshi","cb.en.u4eee20101@cb.students.amrita.edu","EEE","B","2024","7.07","2","Placed"
"CB.EN.U4EEE20102","Zara Raman","cb.en.u4eee20102@cb.students.amrita.edu","EEE","B","2024","6.18","2","Placed"
"CB.EN.U4EEE20103","Vikram Menon","cb.en.u4eee20103@cb.students.amrita.edu","EEE","B","2024","7.33","2","Placed"
"CB.EN.U4EEE20104","Sanjay Pillai","cb.en.u4eee20104@cb.students.amrita.edu","EEE","B","2024","9.02","1","Not Placed"
"CB.EN.U4EEE20105","Yash Nagarajan","cb.en.u4eee20105@cb.students.amrita.edu","EEE","B","2024","7.76","2","Placed"
"CB.EN.U4EEE20106","Aditya Gupta","cb.en.u4eee20106@cb.students.amrita.edu","EEE","B","2024","9.1","0","Placed"
"CB.EN.U4EEE20107","Aditya Kulkarni","cb.en.u4eee20107@cb.students.amrita.edu","EEE","B","2024","6.61","0","Not Placed"
"CB.EN.U4EEE20108","Nikhil Shetty","cb.en.u4eee20108@cb.students.amrita.edu","EEE","B","2024","6.75","1","Placed"
"CB.EN.U4EEE20109","Anirudh Raman","cb.en.u4eee20109@cb.students.amrita.edu","EEE","B","2024","6.71","2","Not Placed"
"CB.EN.U4EEE20110","Varun Shetty","cb.en.u4eee20110@cb.students.amrita.edu","EEE","B","2024","9.68","0","Not Placed"
"CB.EN.U4EEE20111","Surya Kulkarni","cb.en.u4eee20111@cb.students.amrita.edu","EEE","B","2024","9.28","0","Not Placed"
"CB.EN.U4EEE20112","Janani Pillai","cb.en.u4eee20112@cb.students.amrita.edu","EEE","B","2024","6.33","0","Placed"
"CB.EN.U4EEE20113","Keerthana Verma","cb.en.u4eee20113@cb.students.amrita.edu","EEE","B","2024","9.45","0","Not Placed"
"CB.EN.U4EEE20114","Rahul Kulkarni","cb.en.u4eee20114@cb.students.amrita.edu","EEE","B","2024","7.49","0","Not Placed"
"CB.EN.U4EEE20115","Surya Raman","cb.en.u4eee20115@cb.students.amrita.edu","EEE","B","2024","6.5","0","Not Placed"
"CB.EN.U4EEE20116","Charan Joshi","cb.en.u4eee20116@cb.students.amrita.edu","EEE","B","2024","7.19","1","Not Placed"
"CB.EN.U4EEE20117","Aishwarya Mishra","cb.en.u4eee20117@cb.students.amrita.edu","EEE","B","2024","8.77","1","Not Placed"
"CB.EN.U4EEE20118","Lakshmi Iyer","cb.en.u4eee20118@cb.students.amrita.edu","EEE","B","2024","7.52","1","Placed"
"CB.EN.U4EEE20119","Meera Sharma","cb.en.u4eee20119@cb.students.amrita.edu","EEE","B","2024","9.03","2","Placed"
"CB.EN.U4EEE20120","Lakshmi Nagarajan","cb.en.u4eee20120@cb.students.amrita.edu","EEE","B","2024","9.09","2","Placed"
"CB.EN.U4EEE20121","Keerthana Nagarajan","cb.en.u4eee20121@cb.students.amrita.edu","EEE","B","2024","6.75","0","Not Placed"
"CB.EN.U4EEE20122","Harish Bose","cb.en.u4eee20122@cb.students.amrita.edu","EEE","B","2024","9.61","2","Placed"
"CB.EN.U4EEE20123","Keerthana Pillai","cb.en.u4eee20123@cb.students.amrita.edu","EEE","B","2024","7.35","2","Placed"
"CB.EN.U4EEE20124","Tanvi Chatterjee","cb.en.u4eee20124@cb.students.amrita.edu","EEE","B","2024","8.41","0","Placed"
"CB.EN.U4EEE20125","Pooja Chatterjee","cb.en.u4eee20125@cb.students.amrita.edu","EEE","B","2024","8.82","2","Placed"
"CB.EN.U4EEE20126","Ananya Iyer","cb.en.u4eee20126@cb.students.amrita.edu","EEE","B","2024","9.23","1","Not Placed"
"CB.EN.U4EEE20127","Aditya Chatterjee","cb.en.u4eee20127@cb.students.amrita.edu","EEE","B","2024","6.57","1","Placed"
"CB.EN.U4EEE20128","Bhavya Raman","cb.en.u4eee20128@cb.students.amrita.edu","EEE","B","2024","9.77","0","Placed"
"CB.EN.U4EEE20129","Diya Krishnan","cb.en.u4eee20129@cb.students.amrita.edu","EEE","B","2024","7.4","2","Placed"
"CB.EN.U4EEE20130","Aishwarya Reddy","cb.en.u4eee20130@cb.students.amrita.edu","EEE","B","2024","7.35","2","Placed"
"CB.EN.U4EEE20131","Lakshmi Nair","cb.en.u4eee20131@cb.students.amrita.edu","EEE","B","2024","6.45","1","Placed"
"CB.EN.U4EEE20132","Anirudh Mishra","cb.en.u4eee20132@cb.students.amrita.edu","EEE","B","2024","7.76","0","Not Placed"
"CB.EN.U4EEE20133","Tanvi Joshi","cb.en.u4eee20133@cb.students.amrita.edu","EEE","B","2024","6.82","2","Not Placed"
"CB.EN.U4EEE20134","Arjun Krishnan","cb.en.u4eee20134@cb.students.amrita.edu","EEE","B","2024","7.74","0","Not Placed"
"CB.EN.U4EEE20135","Bhavya Raman","cb.en.u4eee20135@cb.students.amrita.edu","EEE","B","2024","6.59","1","Not Placed"
"CB.EN.U4EEE20136","Rahul Mishra","cb.en.u4eee20136@cb.students.amrita.edu","EEE","B","2024","9.71","2","Not Placed"
"CB.EN.U4EEE20137","Janani Iyer","cb.en.u4eee20137@cb.students.amrita.edu","EEE","B","2024","6.42","2","Placed"
"CB.EN.U4EEE20138","Diya Kulkarni","cb.en.u4eee20138@cb.students.amrita.edu","EEE","B","2024","8.99","1","Placed"
"CB.EN.U4EEE20139","Bhavya Das","cb.en.u4eee20139@cb.students.amrita.edu","EEE","B","2024","9.37","0","Placed"
"CB.EN.U4EEE20140","Aishwarya Kapoor","cb.en.u4eee20140@cb.students.amrita.edu","EEE","B","2024","7.5","2","Not Placed"
"CB.EN.U4EEE20141","Ananya Joshi","cb.en.u4eee20141@cb.students.amrita.edu","EEE","B","2024","6.66","1","Placed"
"CB.EN.U4EEE20142","Arjun Chatterjee","cb.en.u4eee20142@cb.students.amrita.edu","EEE","B","2024","9.2","2","Not Placed"
"CB.EN.U4EEE20143","Lakshmi Reddy","cb.en.u4eee20143@cb.students.amrita.edu","EEE","B","2024","9.56","0","Not Placed"
"CB.EN.U4EEE20144","Janani Nair","cb.en.u4eee20144@cb.students.amrita.edu","EEE","B","2024","8.34","2","Not Placed"
"CB.EN.U4EEE20145","Nikhil Chatterjee","cb.en.u4eee20145@cb.students.amrita.edu","EEE","B","2024","7.56","1","Placed"
"CB.EN.U4EEE20146","Harish Pillai","cb.en.u4eee20146@cb.students.amrita.edu","EEE","B","2024","9.06","2","Placed"
"CB.EN.U4EEE20147","Bhavya Joshi","cb.en.u4eee20147@cb.students.amrita.edu","EEE","B","2024","6.75","1","Placed"
"CB.EN.U4EEE20148","Varun Nair","cb.en.u4eee20148@cb.students.amrita.edu","EEE","B","2024","8.66","2","Not Placed"
"CB.EN.U4EEE20149","Keerthana Chatterjee","cb.en.u4eee20149@cb.students.amrita.edu","EEE","B","2024","6.1","0","Placed"
"CB.EN.U4EEE20150","Keerthana Joshi","cb.en.u4eee20150@cb.students.amrita.edu","EEE","B","2024","8.6","0","Placed"
"CB.EN.U4EEE20151","Tanvi Kapoor","cb.en.u4eee20151@cb.students.amrita.edu","EEE","B","2024","9.85","2","Placed"
"CB.EN.U4EEE20152","Riya Bose","cb.en.u4eee20152@cb.students.amrita.edu","EEE","B","2024","6.68","2","Not Placed"
"CB.EN.U4EEE20153","Anirudh Patel","cb.en.u4eee20153@cb.students.amrita.edu","EEE","B","2024","6.57","2","Not Placed"
"CB.EN.U4EEE20154","Vikram Nair","cb.en.u4eee20154@cb.students.amrita.edu","EEE","B","2024","6.24","2","Not Placed"
"CB.EN.U4EEE20155","Arya Bose","cb.en.u4eee20155@cb.students.amrita.edu","EEE","B","2024","6.33","1","Not Placed"
"CB.EN.U4EEE20156","Sanjay Krishnan","cb.en.u4eee20156@cb.students.amrita.edu","EEE","B","2024","7.9","0","Placed"
"CB.EN.U4EEE20157","Keerthana Nagarajan","cb.en.u4eee20157@cb.students.amrita.edu","EEE","B","2024","8.11","1","Not Placed"
"CB.EN.U4EEE20158","Charan Shetty","cb.en.u4eee20158@cb.students.amrita.edu","EEE","B","2024","6.08","2","Placed"
"CB.EN.U4EEE20159","Zara Sharma","cb.en.u4eee20159@cb.students.amrita.edu","EEE","B","2024","9.69","2","Placed"
"CB.EN.U4EEE20160","Sanjay Verma","cb.en.u4eee20160@cb.students.amrita.edu","EEE","B","2024","6.96","1","Placed"
"CB.EN.U4EEE20201","Ananya Raman","cb.en.u4eee20201@cb.students.amrita.edu","EEE","C","2024","9.1","2","Placed"
"CB.EN.U4EEE20202","Karthik Nagarajan","cb.en.u4eee20202@cb.students.amrita.edu","EEE","C","2024","7.24","1","Not Placed"
"CB.EN.U4EEE20203","Akash Gupta","cb.en.u4eee20203@cb.students.amrita.edu","EEE","C","2024","7.75","2","Not Placed"
"CB.EN.U4EEE20204","Charan Verma","cb.en.u4eee20204@cb.students.amrita.edu","EEE","C","2024","9.38","0","Not Placed"
"CB.EN.U4EEE20205","Karthik Shetty","cb.en.u4eee20205@cb.students.amrita.edu","EEE","C","2024","7.84","0","Not Placed"
"CB.EN.U4EEE20206","Anirudh Nair","cb.en.u4eee20206@cb.students.amrita.edu","EEE","C","2024","9.75","0","Not Placed"
"CB.EN.U4EEE20207","Charan Kulkarni","cb.en.u4eee20207@cb.students.amrita.edu","EEE","C","2024","7.09","1","Placed"
"CB.EN.U4EEE20208","Sneha Reddy","cb.en.u4eee20208@cb.students.amrita.edu","EEE","C","2024","7.01","1","Placed"
"CB.EN.U4EEE20209","Rahul Verma","cb.en.u4eee20209@cb.students.amrita.edu","EEE","C","2024","6.09","1","Not Placed"
"CB.EN.U4EEE20210","Sneha Gupta","cb.en.u4eee20210@cb.students.amrita.edu","EEE","C","2024","8.29","0","Placed"
"CB.EN.U4EEE20211","Lakshmi Nair","cb.en.u4eee20211@cb.students.amrita.edu","EEE","C","2024","7.09","2","Not Placed"
"CB.EN.U4EEE20212","Rahul Pillai","cb.en.u4eee20212@cb.students.amrita.edu","EEE","C","2024","9.07","0","Not Placed"
"CB.EN.U4EEE20213","Vikram Kulkarni","cb.en.u4eee20213@cb.students.amrita.edu","EEE","C","2024","8.76","2","Placed"
"CB.EN.U4EEE20214","Karthik Pillai","cb.en.u4eee20214@cb.students.amrita.edu","EEE","C","2024","8.24","1","Placed"
"CB.EN.U4EEE20215","Charan Patel","cb.en.u4eee20215@cb.students.amrita.edu","EEE","C","2024","7.28","0","Not Placed"
"CB.EN.U4EEE20216","Karthik Kapoor","cb.en.u4eee20216@cb.students.amrita.edu","EEE","C","2024","8.51","0","Not Placed"
"CB.EN.U4EEE20217","Ananya Patel","cb.en.u4eee20217@cb.students.amrita.edu","EEE","C","2024","6.27","2","Placed"
"CB.EN.U4EEE20218","Janani Das","cb.en.u4eee20218@cb.students.amrita.edu","EEE","C","2024","9.51","0","Not Placed"
"CB.EN.U4EEE20219","Keerthana Das","cb.en.u4eee20219@cb.students.amrita.edu","EEE","C","2024","6.35","2","Placed"
"CB.EN.U4EEE20220","Aarav Kulkarni","cb.en.u4eee20220@cb.students.amrita.edu","EEE","C","2024","8.66","2","Not Placed"
"CB.EN.U4EEE20221","Sneha Verma","cb.en.u4eee20221@cb.students.amrita.edu","EEE","C","2024","8.46","1","Placed"
"CB.EN.U4EEE20222","Charan Mishra","cb.en.u4eee20222@cb.students.amrita.edu","EEE","C","2024","7.65","2","Placed"
"CB.EN.U4EEE20223","Arjun Joshi","cb.en.u4eee20223@cb.students.amrita.edu","EEE","C","2024","9.8","1","Placed"
"CB.EN.U4EEE20224","Riya Iyer","cb.en.u4eee20224@cb.students.amrita.edu","EEE","C","2024","6.72","0","Placed"
"CB.EN.U4EEE20225","Zara Kulkarni","cb.en.u4eee20225@cb.students.amrita.edu","EEE","C","2024","9.07","1","Not Placed"
"CB.EN.U4EEE20226","Diya Sharma","cb.en.u4eee20226@cb.students.amrita.edu","EEE","C","2024","9.54","2","Not Placed"
"CB.EN.U4EEE20227","Lakshmi Bose","cb.en.u4eee20227@cb.students.amrita.edu","EEE","C","2024","8.26","0","Placed"
"CB.EN.U4EEE20228","Arjun Patel","cb.en.u4eee20228@cb.students.amrita.edu","EEE","C","2024","9.54","2","Not Placed"
"CB.EN.U4EEE20229","Zara Iyer","cb.en.u4eee20229@cb.students.amrita.edu","EEE","C","2024","7.98","1","Placed"
"CB.EN.U4EEE20230","Arya Gupta","cb.en.u4eee20230@cb.students.amrita.edu","EEE","C","2024","9.34","1","Not Placed"
"CB.EN.U4EEE20231","Nikhil Kulkarni","cb.en.u4eee20231@cb.students.amrita.edu","EEE","C","2024","6.29","1","Not Placed"
"CB.EN.U4EEE20232","Rahul Kapoor","cb.en.u4eee20232@cb.students.amrita.edu","EEE","C","2024","9.39","0","Placed"
"CB.EN.U4EEE20233","Aditya Bose","cb.en.u4eee20233@cb.students.amrita.edu","EEE","C","2024","6.88","1","Placed"
"CB.EN.U4EEE20234","Zara Patel","cb.en.u4eee20234@cb.students.amrita.edu","EEE","C","2024","7.17","1","Placed"
"CB.EN.U4EEE20235","Meera Das","cb.en.u4eee20235@cb.students.amrita.edu","EEE","C","2024","8.12","2","Placed"
"CB.EN.U4EEE20236","Tanvi Kapoor","cb.en.u4eee20236@cb.students.amrita.edu","EEE","C","2024","8.78","1","Not Placed"
"CB.EN.U4EEE20237","Zara Mishra","cb.en.u4eee20237@cb.students.amrita.edu","EEE","C","2024","6.12","1","Not Placed"
"CB.EN.U4EEE20238","Keerthana Raman","cb.en.u4eee20238@cb.students.amrita.edu","EEE","C","2024","6.69","0","Not Placed"
"CB.EN.U4EEE20239","Ananya Shetty","cb.en.u4eee20239@cb.students.amrita.edu","EEE","C","2024","7.52","2","Placed"
"CB.EN.U4EEE20240","Akash Iyer","cb.en.u4eee20240@cb.students.amrita.edu","EEE","C","2024","9.36","1","Not Placed"
"CB.EN.U4EEE20241","Bhavya Reddy","cb.en.u4eee20241@cb.students.amrita.edu","EEE","C","2024","6.57","2","Placed"
"CB.EN.U4EEE20242","Ananya Kulkarni","cb.en.u4eee20242@cb.students.amrita.edu","EEE","C","2024","9.81","0","Not Placed"
"CB.EN.U4EEE20243","Yash Gupta","cb.en.u4eee20243@cb.students.amrita.edu","EEE","C","2024","8.76","1","Placed"
"CB.EN.U4EEE20244","Aishwarya Verma","cb.en.u4eee20244@cb.students.amrita.edu","EEE","C","2024","9.04","1","Not Placed"
"CB.EN.U4EEE20245","Lakshmi Sharma","cb.en.u4eee20245@cb.students.amrita.edu","EEE","C","2024","7.74","1","Placed"
"CB.EN.U4EEE20246","Arjun Shetty","cb.en.u4eee20246@cb.students.amrita.edu","EEE","C","2024","9.63","1","Placed"
"CB.EN.U4EEE20247","Diya Chatterjee","cb.en.u4eee20247@cb.students.amrita.edu","EEE","C","2024","9.61","1","Not Placed"
"CB.EN.U4EEE20248","Charan Raman","cb.en.u4eee20248@cb.students.amrita.edu","EEE","C","2024","8.15","1","Placed"
"CB.EN.U4EEE20249","Keerthana Gupta","cb.en.u4eee20249@cb.students.amrita.edu","EEE","C","2024","8.85","1","Placed"
"CB.EN.U4EEE20250","Tanvi Raman","cb.en.u4eee20250@cb.students.amrita.edu","EEE","C","2024","7.08","1","Placed"
"CB.EN.U4EEE20251","Karthik Patel","cb.en.u4eee20251@cb.students.amrita.edu","EEE","C","2024","7.42","1","Not Placed"
"CB.EN.U4EEE20252","Rahul Menon","cb.en.u4eee20252@cb.students.amrita.edu","EEE","C","2024","6.27","2","Placed"
"CB.EN.U4EEE20253","Charan Kulkarni","cb.en.u4eee20253@cb.students.amrita.edu","EEE","C","2024","7.97","2","Placed"
"CB.EN.U4EEE20254","Nikhil Mishra","cb.en.u4eee20254@cb.students.amrita.edu","EEE","C","2024","9.59","2","Not Placed"
"CB.EN.U4EEE20255","Riya Kapoor","cb.en.u4eee20255@cb.students.amrita.edu","EEE","C","2024","7.07","0","Not Placed"
"CB.EN.U4EEE20256","Bhavya Nagarajan","cb.en.u4eee20256@cb.students.amrita.edu","EEE","C","2024","6.18","2","Placed"
"CB.EN.U4EEE20257","Lakshmi Nagarajan","cb.en.u4eee20257@cb.students.amrita.edu","EEE","C","2024","9.34","2","Not Placed"
"CB.EN.U4EEE20258","Yash Shetty","cb.en.u4eee20258@cb.students.amrita.edu","EEE","C","2024","7.81","1","Placed"
"CB.EN.U4EEE20259","Akash Shetty","cb.en.u4eee20259@cb.students.amrita.edu","EEE","C","2024","8.24","0","Not Placed"
"CB.EN.U4EEE20260","Tanvi Joshi","cb.en.u4eee20260@cb.students.amrita.edu","EEE","C","2024","7.46","2","Placed"
"CB.EN.U4EEE20301","Rahul Kapoor","cb.en.u4eee20301@cb.students.amrita.edu","EEE","D","2024","6.48","2","Not Placed"
"CB.EN.U4EEE20302","Ananya Chatterjee","cb.en.u4eee20302@cb.students.amrita.edu","EEE","D","2024","6.59","0","Placed"
"CB.EN.U4EEE20303","Charan Gupta","cb.en.u4eee20303@cb.students.amrita.edu","EEE","D","2024","8.54","2","Not Placed"
"CB.EN.U4EEE20304","Nikhil Patel","cb.en.u4eee20304@cb.students.amrita.edu","EEE","D","2024","8.85","0","Placed"
"CB.EN.U4EEE20305","Zara Kapoor","cb.en.u4eee20305@cb.students.amrita.edu","EEE","D","2024","8.74","1","Placed"
"CB.EN.U4EEE20306","Riya Verma","cb.en.u4eee20306@cb.students.amrita.edu","EEE","D","2024","8.4","2","Placed"
"CB.EN.U4EEE20307","Sanjay Kapoor","cb.en.u4eee20307@cb.students.amrita.edu","EEE","D","2024","9.33","2","Placed"
"CB.EN.U4EEE20308","Vikram Joshi","cb.en.u4eee20308@cb.students.amrita.edu","EEE","D","2024","7.59","2","Placed"
"CB.EN.U4EEE20309","Aishwarya Chatterjee","cb.en.u4eee20309@cb.students.amrita.edu","EEE","D","2024","9.19","1","Not Placed"
"CB.EN.U4EEE20310","Diya Sharma","cb.en.u4eee20310@cb.students.amrita.edu","EEE","D","2024","8.25","0","Not Placed"
"CB.EN.U4EEE20311","Ishaan Krishnan","cb.en.u4eee20311@cb.students.amrita.edu","EEE","D","2024","7.12","0","Placed"
"CB.EN.U4EEE20312","Zara Shetty","cb.en.u4eee20312@cb.students.amrita.edu","EEE","D","2024","8.82","0","Placed"
"CB.EN.U4EEE20313","Tanvi Sharma","cb.en.u4eee20313@cb.students.amrita.edu","EEE","D","2024","6.9","1","Not Placed"
"CB.EN.U4EEE20314","Aditya Gupta","cb.en.u4eee20314@cb.students.amrita.edu","EEE","D","2024","6.99","2","Not Placed"
"CB.EN.U4EEE20315","Nikhil Kapoor","cb.en.u4eee20315@cb.students.amrita.edu","EEE","D","2024","8.49","2","Placed"
"CB.EN.U4EEE20316","Vikram Das","cb.en.u4eee20316@cb.students.amrita.edu","EEE","D","2024","6.96","0","Not Placed"
"CB.EN.U4EEE20317","Ishaan Raman","cb.en.u4eee20317@cb.students.amrita.edu","EEE","D","2024","7.71","1","Placed"
"CB.EN.U4EEE20318","Janani Pillai","cb.en.u4eee20318@cb.students.amrita.edu","EEE","D","2024","7.53","2","Not Placed"
"CB.EN.U4EEE20319","Zara Chatterjee","cb.en.u4eee20319@cb.students.amrita.edu","EEE","D","2024","6.47","1","Placed"
"CB.EN.U4EEE20320","Diya Nair","cb.en.u4eee20320@cb.students.amrita.edu","EEE","D","2024","9.15","2","Placed"
"CB.EN.U4EEE20321","Arjun Bose","cb.en.u4eee20321@cb.students.amrita.edu","EEE","D","2024","9.75","0","Placed"
"CB.EN.U4EEE20322","Vikram Mishra","cb.en.u4eee20322@cb.students.amrita.edu","EEE","D","2024","6.89","0","Placed"
"CB.EN.U4EEE20323","Arjun Nagarajan","cb.en.u4eee20323@cb.students.amrita.edu","EEE","D","2024","7.92","1","Placed"
"CB.EN.U4EEE20324","Varun Bose","cb.en.u4eee20324@cb.students.amrita.edu","EEE","D","2024","9.28","1","Not Placed"
"CB.EN.U4EEE20325","Vikram Raman","cb.en.u4eee20325@cb.students.amrita.edu","EEE","D","2024","6.64","2","Placed"
"CB.EN.U4EEE20326","Akash Patel","cb.en.u4eee20326@cb.students.amrita.edu","EEE","D","2024","8.01","2","Placed"
"CB.EN.U4EEE20327","Harish Joshi","cb.en.u4eee20327@cb.students.amrita.edu","EEE","D","2024","8.2","2","Placed"
"CB.EN.U4EEE20328","Bhavya Bose","cb.en.u4eee20328@cb.students.amrita.edu","EEE","D","2024","9.64","2","Not Placed"
"CB.EN.U4EEE20329","Ishaan Kapoor","cb.en.u4eee20329@cb.students.amrita.edu","EEE","D","2024","6.37","0","Not Placed"
"CB.EN.U4EEE20330","Arya Nair","cb.en.u4eee20330@cb.students.amrita.edu","EEE","D","2024","6.5","2","Not Placed"
"CB.EN.U4EEE20331","Lakshmi Verma","cb.en.u4eee20331@cb.students.amrita.edu","EEE","D","2024","7.63","2","Placed"
"CB.EN.U4EEE20332","Nikhil Das","cb.en.u4eee20332@cb.students.amrita.edu","EEE","D","2024","9.32","2","Not Placed"
"CB.EN.U4EEE20333","Bhavya Shetty","cb.en.u4eee20333@cb.students.amrita.edu","EEE","D","2024","8.18","1","Placed"
"CB.EN.U4EEE20334","Karthik Iyer","cb.en.u4eee20334@cb.students.amrita.edu","EEE","D","2024","8.21","0","Placed"
"CB.EN.U4EEE20335","Tanvi Krishnan","cb.en.u4eee20335@cb.students.amrita.edu","EEE","D","2024","6.78","1","Placed"
"CB.EN.U4EEE20336","Ananya Nair","cb.en.u4eee20336@cb.students.amrita.edu","EEE","D","2024","6.18","0","Not Placed"
"CB.EN.U4EEE20337","Janani Kulkarni","cb.en.u4eee20337@cb.students.amrita.edu","EEE","D","2024","9.72","1","Not Placed"
"CB.EN.U4EEE20338","Bhavya Joshi","cb.en.u4eee20338@cb.students.amrita.edu","EEE","D","2024","6.14","1","Placed"
"CB.EN.U4EEE20339","Varun Das","cb.en.u4eee20339@cb.students.amrita.edu","EEE","D","2024","8.26","0","Placed"
"CB.EN.U4EEE20340","Riya Pillai","cb.en.u4eee20340@cb.students.amrita.edu","EEE","D","2024","8.16","1","Placed"
"CB.EN.U4EEE20341","Rahul Gupta","cb.en.u4eee20341@cb.students.amrita.edu","EEE","D","2024","8.98","2","Not Placed"
"CB.EN.U4EEE20342","Pooja Sharma","cb.en.u4eee20342@cb.students.amrita.edu","EEE","D","2024","9.41","0","Placed"
"CB.EN.U4EEE20343","Riya Kulkarni","cb.en.u4eee20343@cb.students.amrita.edu","EEE","D","2024","7.94","1","Placed"
"CB.EN.U4EEE20344","Charan Joshi","cb.en.u4eee20344@cb.students.amrita.edu","EEE","D","2024","8.32","2","Placed"
"CB.EN.U4EEE20345","Tanvi Das","cb.en.u4eee20345@cb.students.amrita.edu","EEE","D","2024","6.1","1","Placed"
"CB.EN.U4EEE20346","Keerthana Chatterjee","cb.en.u4eee20346@cb.students.amrita.edu","EEE","D","2024","8.5","0","Placed"
"CB.EN.U4EEE20347","Anirudh Kulkarni","cb.en.u4eee20347@cb.students.amrita.edu","EEE","D","2024","6.9","2","Not Placed"
"CB.EN.U4EEE20348","Lakshmi Krishnan","cb.en.u4eee20348@cb.students.amrita.edu","EEE","D","2024","8.74","2","Not Placed"
"CB.EN.U4EEE20349","Aditya Mishra","cb.en.u4eee20349@cb.students.amrita.edu","EEE","D","2024","7.96","1","Placed"
"CB.EN.U4EEE20350","Ananya Verma","cb.en.u4eee20350@cb.students.amrita.edu","EEE","D","2024","9.46","2","Not Placed"
"CB.EN.U4EEE20351","Charan Joshi","cb.en.u4eee20351@cb.students.amrita.edu","EEE","D","2024","8.96","2","Placed"
"CB.EN.U4EEE20352","Ananya Nagarajan","cb.en.u4eee20352@cb.students.amrita.edu","EEE","D","2024","6.87","0","Placed"
"CB.EN.U4EEE20353","Tanvi Das","cb.en.u4eee20353@cb.students.amrita.edu","EEE","D","2024","8.97","2","Not Placed"
"CB.EN.U4EEE20354","Varun Nair","cb.en.u4eee20354@cb.students.amrita.edu","EEE","D","2024","9.17","2","Not Placed"
"CB.EN.U4EEE20355","Aarav Joshi","cb.en.u4eee20355@cb.students.amrita.edu","EEE","D","2024","7.97","0","Placed"
"CB.EN.U4EEE20356","Karthik Raman","cb.en.u4eee20356@cb.students.amrita.edu","EEE","D","2024","8.95","0","Not Placed"
"CB.EN.U4EEE20357","Akash Nagarajan","cb.en.u4eee20357@cb.students.amrita.edu","EEE","D","2024","8.47","0","Placed"
"CB.EN.U4EEE20358","Vikram Chatterjee","cb.en.u4eee20358@cb.students.amrita.edu","EEE","D","2024","8.19","1","Not Placed"
"CB.EN.U4EEE20359","Anirudh Chatterjee","cb.en.u4eee20359@cb.students.amrita.edu","EEE","D","2024","8.22","0","Placed"
"CB.EN.U4EEE20360","Janani Kulkarni","cb.en.u4eee20360@cb.students.amrita.edu","EEE","D","2024","6.34","2","Placed"
"CB.EN.U4EEE20401","Janani Nair","cb.en.u4eee20401@cb.students.amrita.edu","EEE","E","2024","8.2","0","Not Placed"
"CB.EN.U4EEE20402","Charan Shetty","cb.en.u4eee20402@cb.students.amrita.edu","EEE","E","2024","8.33","1","Placed"
"CB.EN.U4EEE20403","Yash Kapoor","cb.en.u4eee20403@cb.students.amrita.edu","EEE","E","2024","7.24","1","Placed"
"CB.EN.U4EEE20404","Zara Gupta","cb.en.u4eee20404@cb.students.amrita.edu","EEE","E","2024","9.87","2","Placed"
"CB.EN.U4EEE20405","Surya Sharma","cb.en.u4eee20405@cb.students.amrita.edu","EEE","E","2024","9.14","2","Placed"
"CB.EN.U4EEE20406","Karthik Raman","cb.en.u4eee20406@cb.students.amrita.edu","EEE","E","2024","9.45","2","Placed"
"CB.EN.U4EEE20407","Aarav Sharma","cb.en.u4eee20407@cb.students.amrita.edu","EEE","E","2024","9.19","1","Placed"
"CB.EN.U4EEE20408","Karthik Pillai","cb.en.u4eee20408@cb.students.amrita.edu","EEE","E","2024","8.09","2","Placed"
"CB.EN.U4EEE20409","Tanvi Kapoor","cb.en.u4eee20409@cb.students.amrita.edu","EEE","E","2024","6.63","0","Placed"
"CB.EN.U4EEE20410","Yash Bose","cb.en.u4eee20410@cb.students.amrita.edu","EEE","E","2024","8.54","0","Not Placed"
"CB.EN.U4EEE20411","Akash Verma","cb.en.u4eee20411@cb.students.amrita.edu","EEE","E","2024","9.38","2","Not Placed"
"CB.EN.U4EEE20412","Aarav Kapoor","cb.en.u4eee20412@cb.students.amrita.edu","EEE","E","2024","6.48","2","Not Placed"
"CB.EN.U4EEE20413","Surya Reddy","cb.en.u4eee20413@cb.students.amrita.edu","EEE","E","2024","7.99","2","Placed"
"CB.EN.U4EEE20414","Akash Bose","cb.en.u4eee20414@cb.students.amrita.edu","EEE","E","2024","8.67","2","Placed"
"CB.EN.U4EEE20415","Meera Sharma","cb.en.u4eee20415@cb.students.amrita.edu","EEE","E","2024","6.43","1","Placed"
"CB.EN.U4EEE20416","Janani Gupta","cb.en.u4eee20416@cb.students.amrita.edu","EEE","E","2024","7.41","1","Placed"
"CB.EN.U4EEE20417","Sanjay Joshi","cb.en.u4eee20417@cb.students.amrita.edu","EEE","E","2024","8.08","2","Placed"
"CB.EN.U4EEE20418","Vikram Verma","cb.en.u4eee20418@cb.students.amrita.edu","EEE","E","2024","6.98","0","Placed"
"CB.EN.U4EEE20419","Keerthana Bose","cb.en.u4eee20419@cb.students.amrita.edu","EEE","E","2024","7.06","1","Placed"
"CB.EN.U4EEE20420","Aditya Gupta","cb.en.u4eee20420@cb.students.amrita.edu","EEE","E","2024","8.9","1","Placed"
"CB.EN.U4EEE20421","Keerthana Das","cb.en.u4eee20421@cb.students.amrita.edu","EEE","E","2024","8.87","1","Placed"
"CB.EN.U4EEE20422","Keerthana Pillai","cb.en.u4eee20422@cb.students.amrita.edu","EEE","E","2024","9.57","2","Placed"
"CB.EN.U4EEE20423","Aarav Joshi","cb.en.u4eee20423@cb.students.amrita.edu","EEE","E","2024","9.31","0","Placed"
"CB.EN.U4EEE20424","Yash Iyer","cb.en.u4eee20424@cb.students.amrita.edu","EEE","E","2024","8.97","1","Not Placed"
"CB.EN.U4EEE20425","Charan Kapoor","cb.en.u4eee20425@cb.students.amrita.edu","EEE","E","2024","7.77","2","Placed"
"CB.EN.U4EEE20426","Pooja Sharma","cb.en.u4eee20426@cb.students.amrita.edu","EEE","E","2024","9.49","2","Not Placed"
"CB.EN.U4EEE20427","Keerthana Kulkarni","cb.en.u4eee20427@cb.students.amrita.edu","EEE","E","2024","6.43","1","Placed"
"CB.EN.U4EEE20428","Anirudh Pillai","cb.en.u4eee20428@cb.students.amrita.edu","EEE","E","2024","6.16","2","Not Placed"
"CB.EN.U4EEE20429","Aishwarya Krishnan","cb.en.u4eee20429@cb.students.amrita.edu","EEE","E","2024","7.65","1","Placed"
"CB.EN.U4EEE20430","Aditya Patel","cb.en.u4eee20430@cb.students.amrita.edu","EEE","E","2024","9.8","0","Placed"
"CB.EN.U4EEE20431","Charan Sharma","cb.en.u4eee20431@cb.students.amrita.edu","EEE","E","2024","9.57","0","Not Placed"
"CB.EN.U4EEE20432","Zara Chatterjee","cb.en.u4eee20432@cb.students.amrita.edu","EEE","E","2024","9.65","1","Placed"
"CB.EN.U4EEE20433","Janani Das","cb.en.u4eee20433@cb.students.amrita.edu","EEE","E","2024","6.08","0","Not Placed"
"CB.EN.U4EEE20434","Akash Das","cb.en.u4eee20434@cb.students.amrita.edu","EEE","E","2024","7.24","1","Not Placed"
"CB.EN.U4EEE20435","Bhavya Pillai","cb.en.u4eee20435@cb.students.amrita.edu","EEE","E","2024","8.35","2","Not Placed"
"CB.EN.U4EEE20436","Bhavya Pillai","cb.en.u4eee20436@cb.students.amrita.edu","EEE","E","2024","9.38","2","Placed"
"CB.EN.U4EEE20437","Riya Das","cb.en.u4eee20437@cb.students.amrita.edu","EEE","E","2024","6.16","0","Not Placed"
"CB.EN.U4EEE20438","Sanjay Menon","cb.en.u4eee20438@cb.students.amrita.edu","EEE","E","2024","8.91","0","Placed"
"CB.EN.U4EEE20439","Akash Chatterjee","cb.en.u4eee20439@cb.students.amrita.edu","EEE","E","2024","9.42","1","Not Placed"
"CB.EN.U4EEE20440","Nikhil Iyer","cb.en.u4eee20440@cb.students.amrita.edu","EEE","E","2024","6.06","1","Not Placed"
"CB.EN.U4EEE20441","Harish Shetty","cb.en.u4eee20441@cb.students.amrita.edu","EEE","E","2024","7.2","0","Not Placed"
"CB.EN.U4EEE20442","Surya Pillai","cb.en.u4eee20442@cb.students.amrita.edu","EEE","E","2024","8.31","2","Not Placed"
"CB.EN.U4EEE20443","Pooja Bose","cb.en.u4eee20443@cb.students.amrita.edu","EEE","E","2024","7.58","2","Placed"
"CB.EN.U4EEE20444","Karthik Pillai","cb.en.u4eee20444@cb.students.amrita.edu","EEE","E","2024","8.21","0","Placed"
"CB.EN.U4EEE20445","Pooja Nair","cb.en.u4eee20445@cb.students.amrita.edu","EEE","E","2024","7.2","2","Not Placed"
"CB.EN.U4EEE20446","Arya Raman","cb.en.u4eee20446@cb.students.amrita.edu","EEE","E","2024","6.93","0","Placed"
"CB.EN.U4EEE20447","Varun Nagarajan","cb.en.u4eee20447@cb.students.amrita.edu","EEE","E","2024","7.46","1","Placed"
"CB.EN.U4EEE20448","Zara Nagarajan","cb.en.u4eee20448@cb.students.amrita.edu","EEE","E","2024","7.44","2","Not Placed"
"CB.EN.U4EEE20449","Arjun Raman","cb.en.u4eee20449@cb.students.amrita.edu","EEE","E","2024","9.67","2","Not Placed"
"CB.EN.U4EEE20450","Surya Mishra","cb.en.u4eee20450@cb.students.amrita.edu","EEE","E","2024","7.95","2","Placed"
"CB.EN.U4EEE20451","Harish Kulkarni","cb.en.u4eee20451@cb.students.amrita.edu","EEE","E","2024","9.23","2","Placed"
"CB.EN.U4EEE20452","Janani Joshi","cb.en.u4eee20452@cb.students.amrita.edu","EEE","E","2024","8.1","2","Not Placed"
"CB.EN.U4EEE20453","Diya Menon","cb.en.u4eee20453@cb.students.amrita.edu","EEE","E","2024","8.2","1","Not Placed"
"CB.EN.U4EEE20454","Rahul Shetty","cb.en.u4eee20454@cb.students.amrita.edu","EEE","E","2024","9.74","1","Placed"
"CB.EN.U4EEE20455","Charan Sharma","cb.en.u4eee20455@cb.students.amrita.edu","EEE","E","2024","9.56","0","Placed"
"CB.EN.U4EEE20456","Diya Iyer","cb.en.u4eee20456@cb.students.amrita.edu","EEE","E","2024","7","0","Not Placed"
"CB.EN.U4EEE20457","Aarav Chatterjee","cb.en.u4eee20457@cb.students.amrita.edu","EEE","E","2024","8.96","1","Not Placed"
"CB.EN.U4EEE20458","Harish Kapoor","cb.en.u4eee20458@cb.students.amrita.edu","EEE","E","2024","7.01","2","Placed"
"CB.EN.U4EEE20459","Pooja Shetty","cb.en.u4eee20459@cb.students.amrita.edu","EEE","E","2024","8","2","Not Placed"
"CB.EN.U4EEE20460","Surya Shetty","cb.en.u4eee20460@cb.students.amrita.edu","EEE","E","2024","9.24","1","Not Placed"
"CB.EN.U4ECE20001","Aarav Pillai","cb.en.u4ece20001@cb.students.amrita.edu","ECE","A","2024","8.61","1","Placed"
"CB.EN.U4ECE20002","Keerthana Sharma","cb.en.u4ece20002@cb.students.amrita.edu","ECE","A","2024","9.6","1","Placed"
"CB.EN.U4ECE20003","Rahul Krishnan","cb.en.u4ece20003@cb.students.amrita.edu","ECE","A","2024","8.03","2","Placed"
"CB.EN.U4ECE20004","Yash Nair","cb.en.u4ece20004@cb.students.amrita.edu","ECE","A","2024","9.29","1","Placed"
"CB.EN.U4ECE20005","Charan Iyer","cb.en.u4ece20005@cb.students.amrita.edu","ECE","A","2024","6.1","0","Placed"
"CB.EN.U4ECE20006","Lakshmi Verma","cb.en.u4ece20006@cb.students.amrita.edu","ECE","A","2024","8.53","2","Not Placed"
"CB.EN.U4ECE20007","Lakshmi Joshi","cb.en.u4ece20007@cb.students.amrita.edu","ECE","A","2024","9.6","2","Placed"
"CB.EN.U4ECE20008","Tanvi Menon","cb.en.u4ece20008@cb.students.amrita.edu","ECE","A","2024","9.13","0","Placed"
"CB.EN.U4ECE20009","Nikhil Mishra","cb.en.u4ece20009@cb.students.amrita.edu","ECE","A","2024","6.39","1","Not Placed"
"CB.EN.U4ECE20010","Aarav Krishnan","cb.en.u4ece20010@cb.students.amrita.edu","ECE","A","2024","6.54","2","Placed"
"CB.EN.U4ECE20011","Varun Joshi","cb.en.u4ece20011@cb.students.amrita.edu","ECE","A","2024","7.26","2","Not Placed"
"CB.EN.U4ECE20012","Sanjay Mishra","cb.en.u4ece20012@cb.students.amrita.edu","ECE","A","2024","8.49","1","Placed"
"CB.EN.U4ECE20013","Meera Nair","cb.en.u4ece20013@cb.students.amrita.edu","ECE","A","2024","7.86","1","Not Placed"
"CB.EN.U4ECE20014","Akash Iyer","cb.en.u4ece20014@cb.students.amrita.edu","ECE","A","2024","9.36","2","Not Placed"
"CB.EN.U4ECE20015","Meera Kulkarni","cb.en.u4ece20015@cb.students.amrita.edu","ECE","A","2024","6.49","0","Placed"
"CB.EN.U4ECE20016","Arjun Shetty","cb.en.u4ece20016@cb.students.amrita.edu","ECE","A","2024","9.39","1","Placed"
"CB.EN.U4ECE20017","Aishwarya Patel","cb.en.u4ece20017@cb.students.amrita.edu","ECE","A","2024","6.98","1","Placed"
"CB.EN.U4ECE20018","Vikram Shetty","cb.en.u4ece20018@cb.students.amrita.edu","ECE","A","2024","8.15","1","Placed"
"CB.EN.U4ECE20019","Akash Nair","cb.en.u4ece20019@cb.students.amrita.edu","ECE","A","2024","8.77","1","Placed"
"CB.EN.U4ECE20020","Yash Nair","cb.en.u4ece20020@cb.students.amrita.edu","ECE","A","2024","7.46","2","Not Placed"
"CB.EN.U4ECE20021","Sanjay Reddy","cb.en.u4ece20021@cb.students.amrita.edu","ECE","A","2024","8.33","2","Placed"
"CB.EN.U4ECE20022","Bhavya Verma","cb.en.u4ece20022@cb.students.amrita.edu","ECE","A","2024","8.38","1","Not Placed"
"CB.EN.U4ECE20023","Rahul Gupta","cb.en.u4ece20023@cb.students.amrita.edu","ECE","A","2024","9.89","1","Placed"
"CB.EN.U4ECE20024","Ananya Pillai","cb.en.u4ece20024@cb.students.amrita.edu","ECE","A","2024","6.42","2","Not Placed"
"CB.EN.U4ECE20025","Tanvi Nagarajan","cb.en.u4ece20025@cb.students.amrita.edu","ECE","A","2024","7.62","1","Placed"
"CB.EN.U4ECE20026","Ishaan Joshi","cb.en.u4ece20026@cb.students.amrita.edu","ECE","A","2024","9.63","1","Not Placed"
"CB.EN.U4ECE20027","Lakshmi Raman","cb.en.u4ece20027@cb.students.amrita.edu","ECE","A","2024","8.22","2","Placed"
"CB.EN.U4ECE20028","Sanjay Bose","cb.en.u4ece20028@cb.students.amrita.edu","ECE","A","2024","9.47","0","Placed"
"CB.EN.U4ECE20029","Lakshmi Nagarajan","cb.en.u4ece20029@cb.students.amrita.edu","ECE","A","2024","8.39","1","Not Placed"
"CB.EN.U4ECE20030","Lakshmi Pillai","cb.en.u4ece20030@cb.students.amrita.edu","ECE","A","2024","6.95","0","Not Placed"
"CB.EN.U4ECE20031","Riya Bose","cb.en.u4ece20031@cb.students.amrita.edu","ECE","A","2024","8.57","2","Not Placed"
"CB.EN.U4ECE20032","Ishaan Mishra","cb.en.u4ece20032@cb.students.amrita.edu","ECE","A","2024","8.37","0","Not Placed"
"CB.EN.U4ECE20033","Ishaan Kapoor","cb.en.u4ece20033@cb.students.amrita.edu","ECE","A","2024","6.64","2","Not Placed"
"CB.EN.U4ECE20034","Yash Sharma","cb.en.u4ece20034@cb.students.amrita.edu","ECE","A","2024","9.02","0","Not Placed"
"CB.EN.U4ECE20035","Arjun Menon","cb.en.u4ece20035@cb.students.amrita.edu","ECE","A","2024","7.54","1","Placed"
"CB.EN.U4ECE20036","Surya Nair","cb.en.u4ece20036@cb.students.amrita.edu","ECE","A","2024","9.9","1","Not Placed"
"CB.EN.U4ECE20037","Ishaan Verma","cb.en.u4ece20037@cb.students.amrita.edu","ECE","A","2024","7.1","0","Not Placed"
"CB.EN.U4ECE20038","Rahul Kapoor","cb.en.u4ece20038@cb.students.amrita.edu","ECE","A","2024","8.99","0","Placed"
"CB.EN.U4ECE20039","Aishwarya Nagarajan","cb.en.u4ece20039@cb.students.amrita.edu","ECE","A","2024","8.55","1","Not Placed"
"CB.EN.U4ECE20040","Aishwarya Menon","cb.en.u4ece20040@cb.students.amrita.edu","ECE","A","2024","6.2","1","Placed"
"CB.EN.U4ECE20041","Varun Menon","cb.en.u4ece20041@cb.students.amrita.edu","ECE","A","2024","8.46","1","Not Placed"
"CB.EN.U4ECE20042","Arjun Reddy","cb.en.u4ece20042@cb.students.amrita.edu","ECE","A","2024","6.96","2","Not Placed"
"CB.EN.U4ECE20043","Surya Gupta","cb.en.u4ece20043@cb.students.amrita.edu","ECE","A","2024","9.32","1","Placed"
"CB.EN.U4ECE20044","Aishwarya Shetty","cb.en.u4ece20044@cb.students.amrita.edu","ECE","A","2024","6.4","1","Placed"
"CB.EN.U4ECE20045","Aarav Kulkarni","cb.en.u4ece20045@cb.students.amrita.edu","ECE","A","2024","6.3","2","Placed"
"CB.EN.U4ECE20046","Karthik Sharma","cb.en.u4ece20046@cb.students.amrita.edu","ECE","A","2024","7.94","0","Not Placed"
"CB.EN.U4ECE20047","Lakshmi Pillai","cb.en.u4ece20047@cb.students.amrita.edu","ECE","A","2024","9.46","2","Not Placed"
"CB.EN.U4ECE20048","Charan Chatterjee","cb.en.u4ece20048@cb.students.amrita.edu","ECE","A","2024","9.6","1","Not Placed"
"CB.EN.U4ECE20049","Ishaan Pillai","cb.en.u4ece20049@cb.students.amrita.edu","ECE","A","2024","9.08","0","Not Placed"
"CB.EN.U4ECE20050","Arya Kulkarni","cb.en.u4ece20050@cb.students.amrita.edu","ECE","A","2024","7.75","1","Not Placed"
"CB.EN.U4ECE20051","Lakshmi Gupta","cb.en.u4ece20051@cb.students.amrita.edu","ECE","A","2024","7.57","0","Not Placed"
"CB.EN.U4ECE20052","Ishaan Gupta","cb.en.u4ece20052@cb.students.amrita.edu","ECE","A","2024","9.1","1","Not Placed"
"CB.EN.U4ECE20053","Surya Nagarajan","cb.en.u4ece20053@cb.students.amrita.edu","ECE","A","2024","8.37","1","Not Placed"
"CB.EN.U4ECE20054","Nikhil Verma","cb.en.u4ece20054@cb.students.amrita.edu","ECE","A","2024","6.16","2","Not Placed"
"CB.EN.U4ECE20055","Sneha Gupta","cb.en.u4ece20055@cb.students.amrita.edu","ECE","A","2024","9.24","0","Placed"
"CB.EN.U4ECE20056","Janani Joshi","cb.en.u4ece20056@cb.students.amrita.edu","ECE","A","2024","7.04","2","Not Placed"
"CB.EN.U4ECE20057","Lakshmi Mishra","cb.en.u4ece20057@cb.students.amrita.edu","ECE","A","2024","8.99","2","Not Placed"
"CB.EN.U4ECE20058","Arjun Chatterjee","cb.en.u4ece20058@cb.students.amrita.edu","ECE","A","2024","9.72","1","Placed"
"CB.EN.U4ECE20059","Vikram Patel","cb.en.u4ece20059@cb.students.amrita.edu","ECE","A","2024","7.91","1","Not Placed"
"CB.EN.U4ECE20060","Keerthana Raman","cb.en.u4ece20060@cb.students.amrita.edu","ECE","A","2024","6.1","1","Not Placed"
"CB.EN.U4ECE20101","Charan Patel","cb.en.u4ece20101@cb.students.amrita.edu","ECE","B","2024","8.98","1","Not Placed"
"CB.EN.U4ECE20102","Anirudh Bose","cb.en.u4ece20102@cb.students.amrita.edu","ECE","B","2024","9.73","1","Not Placed"
"CB.EN.U4ECE20103","Meera Mishra","cb.en.u4ece20103@cb.students.amrita.edu","ECE","B","2024","8.39","2","Not Placed"
"CB.EN.U4ECE20104","Ishaan Joshi","cb.en.u4ece20104@cb.students.amrita.edu","ECE","B","2024","9.63","0","Placed"
"CB.EN.U4ECE20105","Charan Shetty","cb.en.u4ece20105@cb.students.amrita.edu","ECE","B","2024","8.27","0","Not Placed"
"CB.EN.U4ECE20106","Aishwarya Shetty","cb.en.u4ece20106@cb.students.amrita.edu","ECE","B","2024","7.46","2","Not Placed"
"CB.EN.U4ECE20107","Diya Kapoor","cb.en.u4ece20107@cb.students.amrita.edu","ECE","B","2024","6.7","2","Not Placed"
"CB.EN.U4ECE20108","Karthik Nair","cb.en.u4ece20108@cb.students.amrita.edu","ECE","B","2024","6.28","0","Placed"
"CB.EN.U4ECE20109","Varun Kapoor","cb.en.u4ece20109@cb.students.amrita.edu","ECE","B","2024","6.33","1","Not Placed"
"CB.EN.U4ECE20110","Sanjay Patel","cb.en.u4ece20110@cb.students.amrita.edu","ECE","B","2024","9.2","1","Not Placed"
"CB.EN.U4ECE20111","Arjun Joshi","cb.en.u4ece20111@cb.students.amrita.edu","ECE","B","2024","8.78","2","Not Placed"
"CB.EN.U4ECE20112","Ishaan Das","cb.en.u4ece20112@cb.students.amrita.edu","ECE","B","2024","6.29","2","Not Placed"
"CB.EN.U4ECE20113","Pooja Joshi","cb.en.u4ece20113@cb.students.amrita.edu","ECE","B","2024","7.94","1","Placed"
"CB.EN.U4ECE20114","Ishaan Verma","cb.en.u4ece20114@cb.students.amrita.edu","ECE","B","2024","6.01","2","Not Placed"
"CB.EN.U4ECE20115","Varun Raman","cb.en.u4ece20115@cb.students.amrita.edu","ECE","B","2024","9.73","1","Placed"
"CB.EN.U4ECE20116","Varun Kapoor","cb.en.u4ece20116@cb.students.amrita.edu","ECE","B","2024","6.33","1","Not Placed"
"CB.EN.U4ECE20117","Karthik Kulkarni","cb.en.u4ece20117@cb.students.amrita.edu","ECE","B","2024","8.54","2","Not Placed"
"CB.EN.U4ECE20118","Vikram Gupta","cb.en.u4ece20118@cb.students.amrita.edu","ECE","B","2024","8.44","1","Not Placed"
"CB.EN.U4ECE20119","Arya Verma","cb.en.u4ece20119@cb.students.amrita.edu","ECE","B","2024","7.44","0","Placed"
"CB.EN.U4ECE20120","Meera Patel","cb.en.u4ece20120@cb.students.amrita.edu","ECE","B","2024","9.77","2","Not Placed"
"CB.EN.U4ECE20121","Janani Joshi","cb.en.u4ece20121@cb.students.amrita.edu","ECE","B","2024","7.01","1","Not Placed"
"CB.EN.U4ECE20122","Varun Kulkarni","cb.en.u4ece20122@cb.students.amrita.edu","ECE","B","2024","6.11","0","Not Placed"
"CB.EN.U4ECE20123","Surya Raman","cb.en.u4ece20123@cb.students.amrita.edu","ECE","B","2024","9.29","2","Placed"
"CB.EN.U4ECE20124","Vikram Nair","cb.en.u4ece20124@cb.students.amrita.edu","ECE","B","2024","9.03","0","Placed"
"CB.EN.U4ECE20125","Diya Chatterjee","cb.en.u4ece20125@cb.students.amrita.edu","ECE","B","2024","7.52","2","Placed"
"CB.EN.U4ECE20126","Surya Nagarajan","cb.en.u4ece20126@cb.students.amrita.edu","ECE","B","2024","7.26","2","Placed"
"CB.EN.U4ECE20127","Rahul Chatterjee","cb.en.u4ece20127@cb.students.amrita.edu","ECE","B","2024","9.63","2","Placed"
"CB.EN.U4ECE20128","Vikram Mishra","cb.en.u4ece20128@cb.students.amrita.edu","ECE","B","2024","9.6","0","Placed"
"CB.EN.U4ECE20129","Varun Nair","cb.en.u4ece20129@cb.students.amrita.edu","ECE","B","2024","6.89","2","Not Placed"
"CB.EN.U4ECE20130","Aditya Sharma","cb.en.u4ece20130@cb.students.amrita.edu","ECE","B","2024","7.31","1","Not Placed"
"CB.EN.U4ECE20131","Anirudh Mishra","cb.en.u4ece20131@cb.students.amrita.edu","ECE","B","2024","6.61","0","Placed"
"CB.EN.U4ECE20132","Arya Kapoor","cb.en.u4ece20132@cb.students.amrita.edu","ECE","B","2024","6.73","0","Placed"
"CB.EN.U4ECE20133","Arjun Reddy","cb.en.u4ece20133@cb.students.amrita.edu","ECE","B","2024","8.91","2","Not Placed"
"CB.EN.U4ECE20134","Akash Raman","cb.en.u4ece20134@cb.students.amrita.edu","ECE","B","2024","9.4","0","Placed"
"CB.EN.U4ECE20135","Ishaan Das","cb.en.u4ece20135@cb.students.amrita.edu","ECE","B","2024","8.33","0","Placed"
"CB.EN.U4ECE20136","Riya Pillai","cb.en.u4ece20136@cb.students.amrita.edu","ECE","B","2024","6.99","0","Placed"
"CB.EN.U4ECE20137","Arya Pillai","cb.en.u4ece20137@cb.students.amrita.edu","ECE","B","2024","7.37","0","Placed"
"CB.EN.U4ECE20138","Anirudh Patel","cb.en.u4ece20138@cb.students.amrita.edu","ECE","B","2024","6.21","1","Placed"
"CB.EN.U4ECE20139","Diya Chatterjee","cb.en.u4ece20139@cb.students.amrita.edu","ECE","B","2024","9.46","0","Placed"
"CB.EN.U4ECE20140","Sanjay Nagarajan","cb.en.u4ece20140@cb.students.amrita.edu","ECE","B","2024","7.16","2","Placed"
"CB.EN.U4ECE20141","Rahul Nair","cb.en.u4ece20141@cb.students.amrita.edu","ECE","B","2024","7.59","0","Placed"
"CB.EN.U4ECE20142","Lakshmi Menon","cb.en.u4ece20142@cb.students.amrita.edu","ECE","B","2024","8.18","0","Not Placed"
"CB.EN.U4ECE20143","Arya Nair","cb.en.u4ece20143@cb.students.amrita.edu","ECE","B","2024","8.63","0","Not Placed"
"CB.EN.U4ECE20144","Yash Patel","cb.en.u4ece20144@cb.students.amrita.edu","ECE","B","2024","8.82","2","Placed"
"CB.EN.U4ECE20145","Keerthana Verma","cb.en.u4ece20145@cb.students.amrita.edu","ECE","B","2024","6.35","1","Not Placed"
"CB.EN.U4ECE20146","Bhavya Chatterjee","cb.en.u4ece20146@cb.students.amrita.edu","ECE","B","2024","6.72","1","Not Placed"
"CB.EN.U4ECE20147","Akash Verma","cb.en.u4ece20147@cb.students.amrita.edu","ECE","B","2024","9.03","0","Not Placed"
"CB.EN.U4ECE20148","Karthik Nagarajan","cb.en.u4ece20148@cb.students.amrita.edu","ECE","B","2024","7.59","2","Placed"
"CB.EN.U4ECE20149","Diya Kapoor","cb.en.u4ece20149@cb.students.amrita.edu","ECE","B","2024","7.32","2","Placed"
"CB.EN.U4ECE20150","Keerthana Das","cb.en.u4ece20150@cb.students.amrita.edu","ECE","B","2024","9.07","1","Placed"
"CB.EN.U4ECE20151","Aishwarya Verma","cb.en.u4ece20151@cb.students.amrita.edu","ECE","B","2024","7.12","0","Not Placed"
"CB.EN.U4ECE20152","Aishwarya Iyer","cb.en.u4ece20152@cb.students.amrita.edu","ECE","B","2024","7.68","1","Not Placed"
"CB.EN.U4ECE20153","Vikram Patel","cb.en.u4ece20153@cb.students.amrita.edu","ECE","B","2024","6.26","1","Not Placed"
"CB.EN.U4ECE20154","Arya Kapoor","cb.en.u4ece20154@cb.students.amrita.edu","ECE","B","2024","9.23","1","Not Placed"
"CB.EN.U4ECE20155","Sneha Das","cb.en.u4ece20155@cb.students.amrita.edu","ECE","B","2024","9.88","1","Placed"
"CB.EN.U4ECE20156","Aarav Raman","cb.en.u4ece20156@cb.students.amrita.edu","ECE","B","2024","8.02","1","Placed"
"CB.EN.U4ECE20157","Janani Chatterjee","cb.en.u4ece20157@cb.students.amrita.edu","ECE","B","2024","7.74","1","Not Placed"
"CB.EN.U4ECE20158","Aditya Krishnan","cb.en.u4ece20158@cb.students.amrita.edu","ECE","B","2024","8.12","0","Placed"
"CB.EN.U4ECE20159","Zara Bose","cb.en.u4ece20159@cb.students.amrita.edu","ECE","B","2024","7.91","2","Not Placed"
"CB.EN.U4ECE20160","Arya Gupta","cb.en.u4ece20160@cb.students.amrita.edu","ECE","B","2024","9.51","0","Placed"
"CB.EN.U4ECE20201","Aditya Pillai","cb.en.u4ece20201@cb.students.amrita.edu","ECE","C","2024","7.22","0","Not Placed"
"CB.EN.U4ECE20202","Tanvi Raman","cb.en.u4ece20202@cb.students.amrita.edu","ECE","C","2024","7.92","1","Placed"
"CB.EN.U4ECE20203","Ananya Kulkarni","cb.en.u4ece20203@cb.students.amrita.edu","ECE","C","2024","7.35","0","Placed"
"CB.EN.U4ECE20204","Diya Iyer","cb.en.u4ece20204@cb.students.amrita.edu","ECE","C","2024","7.93","1","Not Placed"
"CB.EN.U4ECE20205","Anirudh Bose","cb.en.u4ece20205@cb.students.amrita.edu","ECE","C","2024","7.3","0","Not Placed"
"CB.EN.U4ECE20206","Arjun Sharma","cb.en.u4ece20206@cb.students.amrita.edu","ECE","C","2024","9.54","2","Placed"
"CB.EN.U4ECE20207","Keerthana Bose","cb.en.u4ece20207@cb.students.amrita.edu","ECE","C","2024","7.14","0","Not Placed"
"CB.EN.U4ECE20208","Vikram Joshi","cb.en.u4ece20208@cb.students.amrita.edu","ECE","C","2024","6.13","0","Not Placed"
"CB.EN.U4ECE20209","Ananya Chatterjee","cb.en.u4ece20209@cb.students.amrita.edu","ECE","C","2024","6.44","0","Not Placed"
"CB.EN.U4ECE20210","Arya Kulkarni","cb.en.u4ece20210@cb.students.amrita.edu","ECE","C","2024","9.27","2","Placed"
"CB.EN.U4ECE20211","Sneha Sharma","cb.en.u4ece20211@cb.students.amrita.edu","ECE","C","2024","6.88","2","Not Placed"
"CB.EN.U4ECE20212","Diya Verma","cb.en.u4ece20212@cb.students.amrita.edu","ECE","C","2024","6.86","1","Placed"
"CB.EN.U4ECE20213","Janani Nagarajan","cb.en.u4ece20213@cb.students.amrita.edu","ECE","C","2024","9.31","2","Not Placed"
"CB.EN.U4ECE20214","Bhavya Shetty","cb.en.u4ece20214@cb.students.amrita.edu","ECE","C","2024","8.11","1","Placed"
"CB.EN.U4ECE20215","Arya Shetty","cb.en.u4ece20215@cb.students.amrita.edu","ECE","C","2024","8.2","0","Placed"
"CB.EN.U4ECE20216","Tanvi Das","cb.en.u4ece20216@cb.students.amrita.edu","ECE","C","2024","7.42","2","Placed"
"CB.EN.U4ECE20217","Harish Nagarajan","cb.en.u4ece20217@cb.students.amrita.edu","ECE","C","2024","6.08","2","Not Placed"
"CB.EN.U4ECE20218","Tanvi Shetty","cb.en.u4ece20218@cb.students.amrita.edu","ECE","C","2024","6.17","0","Placed"
"CB.EN.U4ECE20219","Pooja Iyer","cb.en.u4ece20219@cb.students.amrita.edu","ECE","C","2024","8.47","2","Placed"
"CB.EN.U4ECE20220","Sneha Patel","cb.en.u4ece20220@cb.students.amrita.edu","ECE","C","2024","6.81","1","Placed"
"CB.EN.U4ECE20221","Akash Nair","cb.en.u4ece20221@cb.students.amrita.edu","ECE","C","2024","6.87","1","Not Placed"
"CB.EN.U4ECE20222","Arya Chatterjee","cb.en.u4ece20222@cb.students.amrita.edu","ECE","C","2024","6.91","0","Not Placed"
"CB.EN.U4ECE20223","Varun Gupta","cb.en.u4ece20223@cb.students.amrita.edu","ECE","C","2024","9.51","2","Placed"
"CB.EN.U4ECE20224","Karthik Menon","cb.en.u4ece20224@cb.students.amrita.edu","ECE","C","2024","7.47","1","Not Placed"
"CB.EN.U4ECE20225","Aishwarya Bose","cb.en.u4ece20225@cb.students.amrita.edu","ECE","C","2024","8.56","1","Not Placed"
"CB.EN.U4ECE20226","Meera Mishra","cb.en.u4ece20226@cb.students.amrita.edu","ECE","C","2024","6.53","1","Not Placed"
"CB.EN.U4ECE20227","Charan Joshi","cb.en.u4ece20227@cb.students.amrita.edu","ECE","C","2024","7.47","0","Not Placed"
"CB.EN.U4ECE20228","Rahul Reddy","cb.en.u4ece20228@cb.students.amrita.edu","ECE","C","2024","6.85","1","Placed"
"CB.EN.U4ECE20229","Arya Mishra","cb.en.u4ece20229@cb.students.amrita.edu","ECE","C","2024","6.22","2","Placed"
"CB.EN.U4ECE20230","Yash Kapoor","cb.en.u4ece20230@cb.students.amrita.edu","ECE","C","2024","6.89","0","Not Placed"
"CB.EN.U4ECE20231","Lakshmi Mishra","cb.en.u4ece20231@cb.students.amrita.edu","ECE","C","2024","7.19","0","Not Placed"
"CB.EN.U4ECE20232","Zara Kulkarni","cb.en.u4ece20232@cb.students.amrita.edu","ECE","C","2024","8.69","1","Not Placed"
"CB.EN.U4ECE20233","Zara Das","cb.en.u4ece20233@cb.students.amrita.edu","ECE","C","2024","7.82","0","Placed"
"CB.EN.U4ECE20234","Meera Kulkarni","cb.en.u4ece20234@cb.students.amrita.edu","ECE","C","2024","9.16","1","Not Placed"
"CB.EN.U4ECE20235","Harish Reddy","cb.en.u4ece20235@cb.students.amrita.edu","ECE","C","2024","8.78","1","Placed"
"CB.EN.U4ECE20236","Varun Raman","cb.en.u4ece20236@cb.students.amrita.edu","ECE","C","2024","8.63","0","Not Placed"
"CB.EN.U4ECE20237","Ananya Gupta","cb.en.u4ece20237@cb.students.amrita.edu","ECE","C","2024","9.76","0","Not Placed"
"CB.EN.U4ECE20238","Varun Kulkarni","cb.en.u4ece20238@cb.students.amrita.edu","ECE","C","2024","9.52","1","Not Placed"
"CB.EN.U4ECE20239","Meera Raman","cb.en.u4ece20239@cb.students.amrita.edu","ECE","C","2024","6.32","2","Placed"
"CB.EN.U4ECE20240","Meera Patel","cb.en.u4ece20240@cb.students.amrita.edu","ECE","C","2024","9.73","1","Placed"
"CB.EN.U4ECE20241","Rahul Kulkarni","cb.en.u4ece20241@cb.students.amrita.edu","ECE","C","2024","9.47","2","Not Placed"
"CB.EN.U4ECE20242","Arya Menon","cb.en.u4ece20242@cb.students.amrita.edu","ECE","C","2024","9.42","2","Not Placed"
"CB.EN.U4ECE20243","Sanjay Kulkarni","cb.en.u4ece20243@cb.students.amrita.edu","ECE","C","2024","8.34","2","Not Placed"
"CB.EN.U4ECE20244","Nikhil Reddy","cb.en.u4ece20244@cb.students.amrita.edu","ECE","C","2024","9.44","1","Placed"
"CB.EN.U4ECE20245","Aarav Kapoor","cb.en.u4ece20245@cb.students.amrita.edu","ECE","C","2024","8.62","1","Placed"
"CB.EN.U4ECE20246","Yash Krishnan","cb.en.u4ece20246@cb.students.amrita.edu","ECE","C","2024","9.34","0","Not Placed"
"CB.EN.U4ECE20247","Ananya Pillai","cb.en.u4ece20247@cb.students.amrita.edu","ECE","C","2024","7.81","0","Placed"
"CB.EN.U4ECE20248","Janani Nair","cb.en.u4ece20248@cb.students.amrita.edu","ECE","C","2024","7.94","0","Not Placed"
"CB.EN.U4ECE20249","Meera Verma","cb.en.u4ece20249@cb.students.amrita.edu","ECE","C","2024","7.98","0","Placed"
"CB.EN.U4ECE20250","Yash Mishra","cb.en.u4ece20250@cb.students.amrita.edu","ECE","C","2024","9.18","1","Not Placed"
"CB.EN.U4ECE20251","Ishaan Nagarajan","cb.en.u4ece20251@cb.students.amrita.edu","ECE","C","2024","7.8","1","Not Placed"
"CB.EN.U4ECE20252","Pooja Patel","cb.en.u4ece20252@cb.students.amrita.edu","ECE","C","2024","9.28","0","Placed"
"CB.EN.U4ECE20253","Charan Shetty","cb.en.u4ece20253@cb.students.amrita.edu","ECE","C","2024","8.19","0","Not Placed"
"CB.EN.U4ECE20254","Arjun Krishnan","cb.en.u4ece20254@cb.students.amrita.edu","ECE","C","2024","7.16","0","Not Placed"
"CB.EN.U4ECE20255","Ananya Joshi","cb.en.u4ece20255@cb.students.amrita.edu","ECE","C","2024","6.81","1","Not Placed"
"CB.EN.U4ECE20256","Pooja Menon","cb.en.u4ece20256@cb.students.amrita.edu","ECE","C","2024","9.2","1","Placed"
"CB.EN.U4ECE20257","Bhavya Pillai","cb.en.u4ece20257@cb.students.amrita.edu","ECE","C","2024","9.68","0","Not Placed"
"CB.EN.U4ECE20258","Zara Das","cb.en.u4ece20258@cb.students.amrita.edu","ECE","C","2024","9.72","0","Placed"
"CB.EN.U4ECE20259","Aarav Krishnan","cb.en.u4ece20259@cb.students.amrita.edu","ECE","C","2024","9.33","2","Placed"
"CB.EN.U4ECE20260","Aditya Menon","cb.en.u4ece20260@cb.students.amrita.edu","ECE","C","2024","7.1","2","Placed"
"CB.EN.U4ECE20301","Zara Raman","cb.en.u4ece20301@cb.students.amrita.edu","ECE","D","2024","9.38","2","Placed"
"CB.EN.U4ECE20302","Yash Verma","cb.en.u4ece20302@cb.students.amrita.edu","ECE","D","2024","6.97","0","Not Placed"
"CB.EN.U4ECE20303","Lakshmi Chatterjee","cb.en.u4ece20303@cb.students.amrita.edu","ECE","D","2024","8.87","1","Not Placed"
"CB.EN.U4ECE20304","Varun Kapoor","cb.en.u4ece20304@cb.students.amrita.edu","ECE","D","2024","7.34","2","Placed"
"CB.EN.U4ECE20305","Pooja Das","cb.en.u4ece20305@cb.students.amrita.edu","ECE","D","2024","6.72","1","Placed"
"CB.EN.U4ECE20306","Nikhil Gupta","cb.en.u4ece20306@cb.students.amrita.edu","ECE","D","2024","8.95","1","Not Placed"
"CB.EN.U4ECE20307","Surya Iyer","cb.en.u4ece20307@cb.students.amrita.edu","ECE","D","2024","9.09","0","Not Placed"
"CB.EN.U4ECE20308","Bhavya Raman","cb.en.u4ece20308@cb.students.amrita.edu","ECE","D","2024","7.39","0","Not Placed"
"CB.EN.U4ECE20309","Aarav Kulkarni","cb.en.u4ece20309@cb.students.amrita.edu","ECE","D","2024","9.73","1","Not Placed"
"CB.EN.U4ECE20310","Zara Kulkarni","cb.en.u4ece20310@cb.students.amrita.edu","ECE","D","2024","8.93","2","Placed"
"CB.EN.U4ECE20311","Zara Gupta","cb.en.u4ece20311@cb.students.amrita.edu","ECE","D","2024","9.05","0","Placed"
"CB.EN.U4ECE20312","Varun Reddy","cb.en.u4ece20312@cb.students.amrita.edu","ECE","D","2024","9.81","2","Not Placed"
"CB.EN.U4ECE20313","Surya Das","cb.en.u4ece20313@cb.students.amrita.edu","ECE","D","2024","7.13","0","Not Placed"
"CB.EN.U4ECE20314","Akash Krishnan","cb.en.u4ece20314@cb.students.amrita.edu","ECE","D","2024","7","2","Placed"
"CB.EN.U4ECE20315","Pooja Pillai","cb.en.u4ece20315@cb.students.amrita.edu","ECE","D","2024","8.81","0","Not Placed"
"CB.EN.U4ECE20316","Akash Gupta","cb.en.u4ece20316@cb.students.amrita.edu","ECE","D","2024","8.05","1","Not Placed"
"CB.EN.U4ECE20317","Anirudh Shetty","cb.en.u4ece20317@cb.students.amrita.edu","ECE","D","2024","8.1","0","Not Placed"
"CB.EN.U4ECE20318","Akash Nagarajan","cb.en.u4ece20318@cb.students.amrita.edu","ECE","D","2024","9.45","0","Not Placed"
"CB.EN.U4ECE20319","Harish Nair","cb.en.u4ece20319@cb.students.amrita.edu","ECE","D","2024","6.56","2","Placed"
"CB.EN.U4ECE20320","Pooja Reddy","cb.en.u4ece20320@cb.students.amrita.edu","ECE","D","2024","8.89","1","Not Placed"
"CB.EN.U4ECE20321","Anirudh Krishnan","cb.en.u4ece20321@cb.students.amrita.edu","ECE","D","2024","9.57","0","Not Placed"
"CB.EN.U4ECE20322","Surya Sharma","cb.en.u4ece20322@cb.students.amrita.edu","ECE","D","2024","7.59","2","Not Placed"
"CB.EN.U4ECE20323","Varun Shetty","cb.en.u4ece20323@cb.students.amrita.edu","ECE","D","2024","6.45","2","Placed"
"CB.EN.U4ECE20324","Akash Pillai","cb.en.u4ece20324@cb.students.amrita.edu","ECE","D","2024","7.19","1","Placed"
"CB.EN.U4ECE20325","Diya Bose","cb.en.u4ece20325@cb.students.amrita.edu","ECE","D","2024","8.6","1","Placed"
"CB.EN.U4ECE20326","Rahul Iyer","cb.en.u4ece20326@cb.students.amrita.edu","ECE","D","2024","6.17","1","Placed"
"CB.EN.U4ECE20327","Lakshmi Gupta","cb.en.u4ece20327@cb.students.amrita.edu","ECE","D","2024","9.67","0","Not Placed"
"CB.EN.U4ECE20328","Arya Gupta","cb.en.u4ece20328@cb.students.amrita.edu","ECE","D","2024","8.91","0","Not Placed"
"CB.EN.U4ECE20329","Surya Kulkarni","cb.en.u4ece20329@cb.students.amrita.edu","ECE","D","2024","6.23","1","Placed"
"CB.EN.U4ECE20330","Sneha Menon","cb.en.u4ece20330@cb.students.amrita.edu","ECE","D","2024","7.44","1","Placed"
"CB.EN.U4ECE20331","Arya Nair","cb.en.u4ece20331@cb.students.amrita.edu","ECE","D","2024","8.45","2","Not Placed"
"CB.EN.U4ECE20332","Aishwarya Nair","cb.en.u4ece20332@cb.students.amrita.edu","ECE","D","2024","8.52","2","Placed"
"CB.EN.U4ECE20333","Riya Chatterjee","cb.en.u4ece20333@cb.students.amrita.edu","ECE","D","2024","6.33","0","Placed"
"CB.EN.U4ECE20334","Akash Joshi","cb.en.u4ece20334@cb.students.amrita.edu","ECE","D","2024","6.37","1","Not Placed"
"CB.EN.U4ECE20335","Sneha Gupta","cb.en.u4ece20335@cb.students.amrita.edu","ECE","D","2024","7","0","Placed"
"CB.EN.U4ECE20336","Vikram Patel","cb.en.u4ece20336@cb.students.amrita.edu","ECE","D","2024","7.16","1","Placed"
"CB.EN.U4ECE20337","Aditya Sharma","cb.en.u4ece20337@cb.students.amrita.edu","ECE","D","2024","6.1","0","Not Placed"
"CB.EN.U4ECE20338","Tanvi Shetty","cb.en.u4ece20338@cb.students.amrita.edu","ECE","D","2024","6.83","2","Not Placed"
"CB.EN.U4ECE20339","Charan Joshi","cb.en.u4ece20339@cb.students.amrita.edu","ECE","D","2024","9.62","2","Not Placed"
"CB.EN.U4ECE20340","Akash Reddy","cb.en.u4ece20340@cb.students.amrita.edu","ECE","D","2024","6.87","2","Not Placed"
"CB.EN.U4ECE20341","Charan Gupta","cb.en.u4ece20341@cb.students.amrita.edu","ECE","D","2024","7.73","0","Placed"
"CB.EN.U4ECE20342","Ananya Joshi","cb.en.u4ece20342@cb.students.amrita.edu","ECE","D","2024","9.73","2","Placed"
"CB.EN.U4ECE20343","Harish Pillai","cb.en.u4ece20343@cb.students.amrita.edu","ECE","D","2024","9.74","1","Placed"
"CB.EN.U4ECE20344","Surya Kapoor","cb.en.u4ece20344@cb.students.amrita.edu","ECE","D","2024","7.77","2","Placed"
"CB.EN.U4ECE20345","Pooja Nair","cb.en.u4ece20345@cb.students.amrita.edu","ECE","D","2024","8.8","2","Not Placed"
"CB.EN.U4ECE20346","Keerthana Shetty","cb.en.u4ece20346@cb.students.amrita.edu","ECE","D","2024","6.02","1","Placed"
"CB.EN.U4ECE20347","Akash Pillai","cb.en.u4ece20347@cb.students.amrita.edu","ECE","D","2024","8.88","1","Placed"
"CB.EN.U4ECE20348","Aditya Raman","cb.en.u4ece20348@cb.students.amrita.edu","ECE","D","2024","9.21","1","Placed"
"CB.EN.U4ECE20349","Arjun Raman","cb.en.u4ece20349@cb.students.amrita.edu","ECE","D","2024","6.09","0","Not Placed"
"CB.EN.U4ECE20350","Vikram Nagarajan","cb.en.u4ece20350@cb.students.amrita.edu","ECE","D","2024","6.97","1","Not Placed"
"CB.EN.U4ECE20351","Varun Chatterjee","cb.en.u4ece20351@cb.students.amrita.edu","ECE","D","2024","6.91","2","Placed"
"CB.EN.U4ECE20352","Diya Verma","cb.en.u4ece20352@cb.students.amrita.edu","ECE","D","2024","9.46","1","Not Placed"
"CB.EN.U4ECE20353","Arjun Iyer","cb.en.u4ece20353@cb.students.amrita.edu","ECE","D","2024","8.59","2","Placed"
"CB.EN.U4ECE20354","Anirudh Kapoor","cb.en.u4ece20354@cb.students.amrita.edu","ECE","D","2024","6.15","0","Placed"
"CB.EN.U4ECE20355","Anirudh Menon","cb.en.u4ece20355@cb.students.amrita.edu","ECE","D","2024","8.13","2","Not Placed"
"CB.EN.U4ECE20356","Sneha Verma","cb.en.u4ece20356@cb.students.amrita.edu","ECE","D","2024","6.33","0","Not Placed"
"CB.EN.U4ECE20357","Arya Sharma","cb.en.u4ece20357@cb.students.amrita.edu","ECE","D","2024","6.68","0","Not Placed"
"CB.EN.U4ECE20358","Surya Raman","cb.en.u4ece20358@cb.students.amrita.edu","ECE","D","2024","8.74","1","Placed"
"CB.EN.U4ECE20359","Zara Shetty","cb.en.u4ece20359@cb.students.amrita.edu","ECE","D","2024","6.09","1","Not Placed"
"CB.EN.U4ECE20360","Meera Pillai","cb.en.u4ece20360@cb.students.amrita.edu","ECE","D","2024","9.05","1","Placed"
"CB.EN.U4ECE20401","Sanjay Joshi","cb.en.u4ece20401@cb.students.amrita.edu","ECE","E","2024","6.55","0","Not Placed"
"CB.EN.U4ECE20402","Lakshmi Joshi","cb.en.u4ece20402@cb.students.amrita.edu","ECE","E","2024","9.04","2","Placed"
"CB.EN.U4ECE20403","Meera Kulkarni","cb.en.u4ece20403@cb.students.amrita.edu","ECE","E","2024","7.83","1","Not Placed"
"CB.EN.U4ECE20404","Nikhil Kapoor","cb.en.u4ece20404@cb.students.amrita.edu","ECE","E","2024","9.38","1","Not Placed"
"CB.EN.U4ECE20405","Meera Nair","cb.en.u4ece20405@cb.students.amrita.edu","ECE","E","2024","6.45","1","Not Placed"
"CB.EN.U4ECE20406","Varun Shetty","cb.en.u4ece20406@cb.students.amrita.edu","ECE","E","2024","6.55","1","Not Placed"
"CB.EN.U4ECE20407","Vikram Bose","cb.en.u4ece20407@cb.students.amrita.edu","ECE","E","2024","8.66","2","Not Placed"
"CB.EN.U4ECE20408","Zara Nagarajan","cb.en.u4ece20408@cb.students.amrita.edu","ECE","E","2024","7.79","1","Placed"
"CB.EN.U4ECE20409","Charan Mishra","cb.en.u4ece20409@cb.students.amrita.edu","ECE","E","2024","7.18","0","Not Placed"
"CB.EN.U4ECE20410","Pooja Sharma","cb.en.u4ece20410@cb.students.amrita.edu","ECE","E","2024","7.16","0","Placed"
"CB.EN.U4ECE20411","Diya Kapoor","cb.en.u4ece20411@cb.students.amrita.edu","ECE","E","2024","9.18","1","Not Placed"
"CB.EN.U4ECE20412","Pooja Iyer","cb.en.u4ece20412@cb.students.amrita.edu","ECE","E","2024","6.87","2","Placed"
"CB.EN.U4ECE20413","Aarav Verma","cb.en.u4ece20413@cb.students.amrita.edu","ECE","E","2024","7.06","0","Placed"
"CB.EN.U4ECE20414","Akash Menon","cb.en.u4ece20414@cb.students.amrita.edu","ECE","E","2024","9.56","2","Not Placed"
"CB.EN.U4ECE20415","Surya Nair","cb.en.u4ece20415@cb.students.amrita.edu","ECE","E","2024","8.85","1","Not Placed"
"CB.EN.U4ECE20416","Aditya Bose","cb.en.u4ece20416@cb.students.amrita.edu","ECE","E","2024","9.75","1","Placed"
"CB.EN.U4ECE20417","Arya Raman","cb.en.u4ece20417@cb.students.amrita.edu","ECE","E","2024","7.06","0","Placed"
"CB.EN.U4ECE20418","Sanjay Chatterjee","cb.en.u4ece20418@cb.students.amrita.edu","ECE","E","2024","9.42","2","Placed"
"CB.EN.U4ECE20419","Ananya Kapoor","cb.en.u4ece20419@cb.students.amrita.edu","ECE","E","2024","7.29","2","Placed"
"CB.EN.U4ECE20420","Karthik Krishnan","cb.en.u4ece20420@cb.students.amrita.edu","ECE","E","2024","8.27","1","Not Placed"
"CB.EN.U4ECE20421","Meera Mishra","cb.en.u4ece20421@cb.students.amrita.edu","ECE","E","2024","6.4","1","Placed"
"CB.EN.U4ECE20422","Nikhil Menon","cb.en.u4ece20422@cb.students.amrita.edu","ECE","E","2024","7.13","0","Not Placed"
"CB.EN.U4ECE20423","Meera Kapoor","cb.en.u4ece20423@cb.students.amrita.edu","ECE","E","2024","6.07","2","Not Placed"
"CB.EN.U4ECE20424","Charan Pillai","cb.en.u4ece20424@cb.students.amrita.edu","ECE","E","2024","8.64","1","Not Placed"
"CB.EN.U4ECE20425","Sneha Kulkarni","cb.en.u4ece20425@cb.students.amrita.edu","ECE","E","2024","8.45","0","Not Placed"
"CB.EN.U4ECE20426","Ananya Menon","cb.en.u4ece20426@cb.students.amrita.edu","ECE","E","2024","8.66","2","Not Placed"
"CB.EN.U4ECE20427","Arjun Chatterjee","cb.en.u4ece20427@cb.students.amrita.edu","ECE","E","2024","9.33","2","Not Placed"
"CB.EN.U4ECE20428","Rahul Bose","cb.en.u4ece20428@cb.students.amrita.edu","ECE","E","2024","8.51","2","Placed"
"CB.EN.U4ECE20429","Riya Joshi","cb.en.u4ece20429@cb.students.amrita.edu","ECE","E","2024","7.27","1","Placed"
"CB.EN.U4ECE20430","Yash Raman","cb.en.u4ece20430@cb.students.amrita.edu","ECE","E","2024","7.08","1","Placed"
"CB.EN.U4ECE20431","Sanjay Pillai","cb.en.u4ece20431@cb.students.amrita.edu","ECE","E","2024","9.09","2","Placed"
"CB.EN.U4ECE20432","Lakshmi Shetty","cb.en.u4ece20432@cb.students.amrita.edu","ECE","E","2024","7.83","2","Placed"
"CB.EN.U4ECE20433","Aishwarya Kapoor","cb.en.u4ece20433@cb.students.amrita.edu","ECE","E","2024","8.27","1","Placed"
"CB.EN.U4ECE20434","Yash Chatterjee","cb.en.u4ece20434@cb.students.amrita.edu","ECE","E","2024","9.66","0","Placed"
"CB.EN.U4ECE20435","Riya Gupta","cb.en.u4ece20435@cb.students.amrita.edu","ECE","E","2024","6.99","2","Not Placed"
"CB.EN.U4ECE20436","Arjun Shetty","cb.en.u4ece20436@cb.students.amrita.edu","ECE","E","2024","7.71","1","Placed"
"CB.EN.U4ECE20437","Charan Nair","cb.en.u4ece20437@cb.students.amrita.edu","ECE","E","2024","8.74","1","Not Placed"
"CB.EN.U4ECE20438","Janani Joshi","cb.en.u4ece20438@cb.students.amrita.edu","ECE","E","2024","8.47","0","Placed"
"CB.EN.U4ECE20439","Aishwarya Sharma","cb.en.u4ece20439@cb.students.amrita.edu","ECE","E","2024","8.51","2","Placed"
"CB.EN.U4ECE20440","Diya Kulkarni","cb.en.u4ece20440@cb.students.amrita.edu","ECE","E","2024","6.18","2","Not Placed"
"CB.EN.U4ECE20441","Riya Nair","cb.en.u4ece20441@cb.students.amrita.edu","ECE","E","2024","9.88","2","Not Placed"
"CB.EN.U4ECE20442","Aarav Verma","cb.en.u4ece20442@cb.students.amrita.edu","ECE","E","2024","9.63","0","Placed"
"CB.EN.U4ECE20443","Sneha Joshi","cb.en.u4ece20443@cb.students.amrita.edu","ECE","E","2024","6.69","1","Placed"
"CB.EN.U4ECE20444","Arya Verma","cb.en.u4ece20444@cb.students.amrita.edu","ECE","E","2024","8.46","1","Placed"
"CB.EN.U4ECE20445","Surya Bose","cb.en.u4ece20445@cb.students.amrita.edu","ECE","E","2024","8.65","0","Not Placed"
"CB.EN.U4ECE20446","Keerthana Reddy","cb.en.u4ece20446@cb.students.amrita.edu","ECE","E","2024","6.13","0","Not Placed"
"CB.EN.U4ECE20447","Pooja Chatterjee","cb.en.u4ece20447@cb.students.amrita.edu","ECE","E","2024","6.49","0","Not Placed"
"CB.EN.U4ECE20448","Ishaan Shetty","cb.en.u4ece20448@cb.students.amrita.edu","ECE","E","2024","6.25","1","Placed"
"CB.EN.U4ECE20449","Sanjay Kapoor","cb.en.u4ece20449@cb.students.amrita.edu","ECE","E","2024","9.51","2","Not Placed"
"CB.EN.U4ECE20450","Pooja Das","cb.en.u4ece20450@cb.students.amrita.edu","ECE","E","2024","7.31","1","Not Placed"
"CB.EN.U4ECE20451","Tanvi Kapoor","cb.en.u4ece20451@cb.students.amrita.edu","ECE","E","2024","7.33","1","Placed"
"CB.EN.U4ECE20452","Rahul Pillai","cb.en.u4ece20452@cb.students.amrita.edu","ECE","E","2024","6.96","0","Placed"
"CB.EN.U4ECE20453","Surya Nagarajan","cb.en.u4ece20453@cb.students.amrita.edu","ECE","E","2024","9.25","2","Placed"
"CB.EN.U4ECE20454","Yash Menon","cb.en.u4ece20454@cb.students.amrita.edu","ECE","E","2024","8.85","0","Placed"
"CB.EN.U4ECE20455","Anirudh Gupta","cb.en.u4ece20455@cb.students.amrita.edu","ECE","E","2024","9.85","1","Placed"
"CB.EN.U4ECE20456","Lakshmi Reddy","cb.en.u4ece20456@cb.students.amrita.edu","ECE","E","2024","8.95","2","Not Placed"
"CB.EN.U4ECE20457","Meera Kulkarni","cb.en.u4ece20457@cb.students.amrita.edu","ECE","E","2024","7.61","2","Placed"
"CB.EN.U4ECE20458","Ananya Das","cb.en.u4ece20458@cb.students.amrita.edu","ECE","E","2024","7.2","2","Not Placed"
"CB.EN.U4ECE20459","Ishaan Pillai","cb.en.u4ece20459@cb.students.amrita.edu","ECE","E","2024","8.03","2","Not Placed"
"CB.EN.U4ECE20460","Akash Iyer","cb.en.u4ece20460@cb.students.amrita.edu","ECE","E","2024","7.38","2","Placed"
"CB.EN.U4MEE20001","Rahul Kulkarni","cb.en.u4mee20001@cb.students.amrita.edu","MEE","A","2024","9.13","2","Not Placed"
"CB.EN.U4MEE20002","Riya Bose","cb.en.u4mee20002@cb.students.amrita.edu","MEE","A","2024","8.78","1","Not Placed"
"CB.EN.U4MEE20003","Vikram Reddy","cb.en.u4mee20003@cb.students.amrita.edu","MEE","A","2024","8.25","1","Not Placed"
"CB.EN.U4MEE20004","Arjun Raman","cb.en.u4mee20004@cb.students.amrita.edu","MEE","A","2024","6","2","Not Placed"
"CB.EN.U4MEE20005","Karthik Gupta","cb.en.u4mee20005@cb.students.amrita.edu","MEE","A","2024","7.28","2","Placed"
"CB.EN.U4MEE20006","Arjun Gupta","cb.en.u4mee20006@cb.students.amrita.edu","MEE","A","2024","6.81","0","Not Placed"
"CB.EN.U4MEE20007","Vikram Joshi","cb.en.u4mee20007@cb.students.amrita.edu","MEE","A","2024","7.05","2","Placed"
"CB.EN.U4MEE20008","Zara Nagarajan","cb.en.u4mee20008@cb.students.amrita.edu","MEE","A","2024","6.54","1","Not Placed"
"CB.EN.U4MEE20009","Diya Menon","cb.en.u4mee20009@cb.students.amrita.edu","MEE","A","2024","7.91","0","Not Placed"
"CB.EN.U4MEE20010","Varun Joshi","cb.en.u4mee20010@cb.students.amrita.edu","MEE","A","2024","6.09","2","Placed"
"CB.EN.U4MEE20011","Akash Kulkarni","cb.en.u4mee20011@cb.students.amrita.edu","MEE","A","2024","6.95","0","Not Placed"
"CB.EN.U4MEE20012","Harish Kapoor","cb.en.u4mee20012@cb.students.amrita.edu","MEE","A","2024","6.96","0","Not Placed"
"CB.EN.U4MEE20013","Diya Nair","cb.en.u4mee20013@cb.students.amrita.edu","MEE","A","2024","6.62","2","Not Placed"
"CB.EN.U4MEE20014","Yash Joshi","cb.en.u4mee20014@cb.students.amrita.edu","MEE","A","2024","9.09","1","Not Placed"
"CB.EN.U4MEE20015","Zara Das","cb.en.u4mee20015@cb.students.amrita.edu","MEE","A","2024","9","2","Placed"
"CB.EN.U4MEE20016","Ishaan Bose","cb.en.u4mee20016@cb.students.amrita.edu","MEE","A","2024","6.22","1","Not Placed"
"CB.EN.U4MEE20017","Anirudh Joshi","cb.en.u4mee20017@cb.students.amrita.edu","MEE","A","2024","9.35","2","Not Placed"
"CB.EN.U4MEE20018","Akash Chatterjee","cb.en.u4mee20018@cb.students.amrita.edu","MEE","A","2024","9.29","0","Not Placed"
"CB.EN.U4MEE20019","Zara Shetty","cb.en.u4mee20019@cb.students.amrita.edu","MEE","A","2024","7.04","1","Placed"
"CB.EN.U4MEE20020","Surya Shetty","cb.en.u4mee20020@cb.students.amrita.edu","MEE","A","2024","6.96","0","Not Placed"
"CB.EN.U4MEE20021","Aarav Raman","cb.en.u4mee20021@cb.students.amrita.edu","MEE","A","2024","9.77","1","Not Placed"
"CB.EN.U4MEE20022","Harish Kulkarni","cb.en.u4mee20022@cb.students.amrita.edu","MEE","A","2024","6.49","0","Placed"
"CB.EN.U4MEE20023","Keerthana Nagarajan","cb.en.u4mee20023@cb.students.amrita.edu","MEE","A","2024","7.73","2","Placed"
"CB.EN.U4MEE20024","Lakshmi Chatterjee","cb.en.u4mee20024@cb.students.amrita.edu","MEE","A","2024","7.6","2","Not Placed"
"CB.EN.U4MEE20025","Arjun Mishra","cb.en.u4mee20025@cb.students.amrita.edu","MEE","A","2024","8.54","0","Placed"
"CB.EN.U4MEE20026","Zara Nair","cb.en.u4mee20026@cb.students.amrita.edu","MEE","A","2024","7.64","0","Placed"
"CB.EN.U4MEE20027","Meera Chatterjee","cb.en.u4mee20027@cb.students.amrita.edu","MEE","A","2024","8.24","2","Not Placed"
"CB.EN.U4MEE20028","Charan Das","cb.en.u4mee20028@cb.students.amrita.edu","MEE","A","2024","8.38","0","Not Placed"
"CB.EN.U4MEE20029","Akash Verma","cb.en.u4mee20029@cb.students.amrita.edu","MEE","A","2024","6.02","0","Placed"
"CB.EN.U4MEE20030","Charan Bose","cb.en.u4mee20030@cb.students.amrita.edu","MEE","A","2024","7.94","0","Placed"
"CB.EN.U4MEE20031","Nikhil Mishra","cb.en.u4mee20031@cb.students.amrita.edu","MEE","A","2024","7.67","2","Placed"
"CB.EN.U4MEE20032","Karthik Verma","cb.en.u4mee20032@cb.students.amrita.edu","MEE","A","2024","8.34","2","Not Placed"
"CB.EN.U4MEE20033","Arya Gupta","cb.en.u4mee20033@cb.students.amrita.edu","MEE","A","2024","7.97","1","Placed"
"CB.EN.U4MEE20034","Charan Patel","cb.en.u4mee20034@cb.students.amrita.edu","MEE","A","2024","8.34","1","Placed"
"CB.EN.U4MEE20035","Aarav Das","cb.en.u4mee20035@cb.students.amrita.edu","MEE","A","2024","7.66","2","Placed"
"CB.EN.U4MEE20036","Harish Menon","cb.en.u4mee20036@cb.students.amrita.edu","MEE","A","2024","8.62","2","Not Placed"
"CB.EN.U4MEE20037","Arya Iyer","cb.en.u4mee20037@cb.students.amrita.edu","MEE","A","2024","7.14","2","Placed"
"CB.EN.U4MEE20038","Lakshmi Pillai","cb.en.u4mee20038@cb.students.amrita.edu","MEE","A","2024","8.16","2","Placed"
"CB.EN.U4MEE20039","Anirudh Kapoor","cb.en.u4mee20039@cb.students.amrita.edu","MEE","A","2024","8.77","1","Placed"
"CB.EN.U4MEE20040","Ananya Joshi","cb.en.u4mee20040@cb.students.amrita.edu","MEE","A","2024","8.87","2","Not Placed"
"CB.EN.U4MEE20041","Aishwarya Shetty","cb.en.u4mee20041@cb.students.amrita.edu","MEE","A","2024","8.12","0","Not Placed"
"CB.EN.U4MEE20042","Vikram Pillai","cb.en.u4mee20042@cb.students.amrita.edu","MEE","A","2024","7.13","1","Placed"
"CB.EN.U4MEE20043","Aishwarya Chatterjee","cb.en.u4mee20043@cb.students.amrita.edu","MEE","A","2024","7.99","0","Not Placed"
"CB.EN.U4MEE20044","Aishwarya Pillai","cb.en.u4mee20044@cb.students.amrita.edu","MEE","A","2024","8.84","1","Placed"
"CB.EN.U4MEE20045","Karthik Das","cb.en.u4mee20045@cb.students.amrita.edu","MEE","A","2024","8.43","2","Not Placed"
"CB.EN.U4MEE20046","Diya Gupta","cb.en.u4mee20046@cb.students.amrita.edu","MEE","A","2024","8.65","2","Not Placed"
"CB.EN.U4MEE20047","Pooja Nair","cb.en.u4mee20047@cb.students.amrita.edu","MEE","A","2024","6.99","2","Not Placed"
"CB.EN.U4MEE20048","Anirudh Sharma","cb.en.u4mee20048@cb.students.amrita.edu","MEE","A","2024","9.53","1","Placed"
"CB.EN.U4MEE20049","Janani Mishra","cb.en.u4mee20049@cb.students.amrita.edu","MEE","A","2024","6.32","0","Placed"
"CB.EN.U4MEE20050","Vikram Gupta","cb.en.u4mee20050@cb.students.amrita.edu","MEE","A","2024","6.54","2","Not Placed"
"CB.EN.U4MEE20051","Pooja Menon","cb.en.u4mee20051@cb.students.amrita.edu","MEE","A","2024","6.14","0","Not Placed"
"CB.EN.U4MEE20052","Aishwarya Bose","cb.en.u4mee20052@cb.students.amrita.edu","MEE","A","2024","7.75","2","Not Placed"
"CB.EN.U4MEE20053","Aditya Das","cb.en.u4mee20053@cb.students.amrita.edu","MEE","A","2024","9.55","1","Not Placed"
"CB.EN.U4MEE20054","Sanjay Chatterjee","cb.en.u4mee20054@cb.students.amrita.edu","MEE","A","2024","9.2","0","Placed"
"CB.EN.U4MEE20055","Charan Pillai","cb.en.u4mee20055@cb.students.amrita.edu","MEE","A","2024","7.25","0","Not Placed"
"CB.EN.U4MEE20056","Harish Nagarajan","cb.en.u4mee20056@cb.students.amrita.edu","MEE","A","2024","9.24","1","Placed"
"CB.EN.U4MEE20057","Karthik Kapoor","cb.en.u4mee20057@cb.students.amrita.edu","MEE","A","2024","9.46","2","Not Placed"
"CB.EN.U4MEE20058","Aarav Gupta","cb.en.u4mee20058@cb.students.amrita.edu","MEE","A","2024","7.6","1","Placed"
"CB.EN.U4MEE20059","Bhavya Pillai","cb.en.u4mee20059@cb.students.amrita.edu","MEE","A","2024","9.48","0","Not Placed"
"CB.EN.U4MEE20060","Diya Das","cb.en.u4mee20060@cb.students.amrita.edu","MEE","A","2024","6.1","1","Not Placed"
"CB.EN.U4MEE20101","Yash Raman","cb.en.u4mee20101@cb.students.amrita.edu","MEE","B","2024","8.42","2","Placed"
"CB.EN.U4MEE20102","Tanvi Kulkarni","cb.en.u4mee20102@cb.students.amrita.edu","MEE","B","2024","9.65","0","Placed"
"CB.EN.U4MEE20103","Nikhil Krishnan","cb.en.u4mee20103@cb.students.amrita.edu","MEE","B","2024","9.69","0","Placed"
"CB.EN.U4MEE20104","Anirudh Gupta","cb.en.u4mee20104@cb.students.amrita.edu","MEE","B","2024","6.87","1","Not Placed"
"CB.EN.U4MEE20105","Zara Nair","cb.en.u4mee20105@cb.students.amrita.edu","MEE","B","2024","9.59","0","Placed"
"CB.EN.U4MEE20106","Vikram Raman","cb.en.u4mee20106@cb.students.amrita.edu","MEE","B","2024","8.14","1","Not Placed"
"CB.EN.U4MEE20107","Keerthana Pillai","cb.en.u4mee20107@cb.students.amrita.edu","MEE","B","2024","9.5","1","Placed"
"CB.EN.U4MEE20108","Diya Sharma","cb.en.u4mee20108@cb.students.amrita.edu","MEE","B","2024","7.41","0","Placed"
"CB.EN.U4MEE20109","Bhavya Verma","cb.en.u4mee20109@cb.students.amrita.edu","MEE","B","2024","9.11","1","Not Placed"
"CB.EN.U4MEE20110","Varun Joshi","cb.en.u4mee20110@cb.students.amrita.edu","MEE","B","2024","6.49","2","Placed"
"CB.EN.U4MEE20111","Akash Raman","cb.en.u4mee20111@cb.students.amrita.edu","MEE","B","2024","7.2","1","Placed"
"CB.EN.U4MEE20112","Aarav Reddy","cb.en.u4mee20112@cb.students.amrita.edu","MEE","B","2024","9.59","1","Not Placed"
"CB.EN.U4MEE20113","Meera Kapoor","cb.en.u4mee20113@cb.students.amrita.edu","MEE","B","2024","9.66","0","Placed"
"CB.EN.U4MEE20114","Janani Shetty","cb.en.u4mee20114@cb.students.amrita.edu","MEE","B","2024","6.57","1","Placed"
"CB.EN.U4MEE20115","Lakshmi Verma","cb.en.u4mee20115@cb.students.amrita.edu","MEE","B","2024","7.82","0","Placed"
"CB.EN.U4MEE20116","Anirudh Chatterjee","cb.en.u4mee20116@cb.students.amrita.edu","MEE","B","2024","7.45","0","Placed"
"CB.EN.U4MEE20117","Aditya Verma","cb.en.u4mee20117@cb.students.amrita.edu","MEE","B","2024","9.05","0","Placed"
"CB.EN.U4MEE20118","Riya Sharma","cb.en.u4mee20118@cb.students.amrita.edu","MEE","B","2024","8.73","1","Placed"
"CB.EN.U4MEE20119","Janani Raman","cb.en.u4mee20119@cb.students.amrita.edu","MEE","B","2024","9.61","1","Not Placed"
"CB.EN.U4MEE20120","Karthik Iyer","cb.en.u4mee20120@cb.students.amrita.edu","MEE","B","2024","8.48","1","Not Placed"
"CB.EN.U4MEE20121","Charan Sharma","cb.en.u4mee20121@cb.students.amrita.edu","MEE","B","2024","7.48","2","Not Placed"
"CB.EN.U4MEE20122","Nikhil Reddy","cb.en.u4mee20122@cb.students.amrita.edu","MEE","B","2024","6.68","2","Placed"
"CB.EN.U4MEE20123","Pooja Shetty","cb.en.u4mee20123@cb.students.amrita.edu","MEE","B","2024","6.28","2","Placed"
"CB.EN.U4MEE20124","Meera Patel","cb.en.u4mee20124@cb.students.amrita.edu","MEE","B","2024","6.42","2","Not Placed"
"CB.EN.U4MEE20125","Rahul Nair","cb.en.u4mee20125@cb.students.amrita.edu","MEE","B","2024","6.03","2","Placed"
"CB.EN.U4MEE20126","Anirudh Raman","cb.en.u4mee20126@cb.students.amrita.edu","MEE","B","2024","9.03","1","Placed"
"CB.EN.U4MEE20127","Arjun Menon","cb.en.u4mee20127@cb.students.amrita.edu","MEE","B","2024","9.52","1","Not Placed"
"CB.EN.U4MEE20128","Surya Kulkarni","cb.en.u4mee20128@cb.students.amrita.edu","MEE","B","2024","8.87","1","Placed"
"CB.EN.U4MEE20129","Bhavya Joshi","cb.en.u4mee20129@cb.students.amrita.edu","MEE","B","2024","7.51","1","Not Placed"
"CB.EN.U4MEE20130","Karthik Raman","cb.en.u4mee20130@cb.students.amrita.edu","MEE","B","2024","8.2","0","Not Placed"
"CB.EN.U4MEE20131","Yash Gupta","cb.en.u4mee20131@cb.students.amrita.edu","MEE","B","2024","7.04","1","Placed"
"CB.EN.U4MEE20132","Rahul Nair","cb.en.u4mee20132@cb.students.amrita.edu","MEE","B","2024","7.02","2","Not Placed"
"CB.EN.U4MEE20133","Karthik Nagarajan","cb.en.u4mee20133@cb.students.amrita.edu","MEE","B","2024","9.44","2","Placed"
"CB.EN.U4MEE20134","Sneha Krishnan","cb.en.u4mee20134@cb.students.amrita.edu","MEE","B","2024","9.62","2","Placed"
"CB.EN.U4MEE20135","Diya Pillai","cb.en.u4mee20135@cb.students.amrita.edu","MEE","B","2024","6.53","0","Placed"
"CB.EN.U4MEE20136","Pooja Shetty","cb.en.u4mee20136@cb.students.amrita.edu","MEE","B","2024","8.64","1","Placed"
"CB.EN.U4MEE20137","Surya Das","cb.en.u4mee20137@cb.students.amrita.edu","MEE","B","2024","7.05","2","Not Placed"
"CB.EN.U4MEE20138","Yash Sharma","cb.en.u4mee20138@cb.students.amrita.edu","MEE","B","2024","8.59","1","Not Placed"
"CB.EN.U4MEE20139","Ishaan Pillai","cb.en.u4mee20139@cb.students.amrita.edu","MEE","B","2024","7.41","0","Placed"
"CB.EN.U4MEE20140","Aarav Nagarajan","cb.en.u4mee20140@cb.students.amrita.edu","MEE","B","2024","8.67","0","Not Placed"
"CB.EN.U4MEE20141","Zara Kulkarni","cb.en.u4mee20141@cb.students.amrita.edu","MEE","B","2024","9.61","0","Placed"
"CB.EN.U4MEE20142","Charan Patel","cb.en.u4mee20142@cb.students.amrita.edu","MEE","B","2024","9.67","1","Not Placed"
"CB.EN.U4MEE20143","Rahul Raman","cb.en.u4mee20143@cb.students.amrita.edu","MEE","B","2024","8.04","2","Not Placed"
"CB.EN.U4MEE20144","Vikram Mishra","cb.en.u4mee20144@cb.students.amrita.edu","MEE","B","2024","9.65","0","Not Placed"
"CB.EN.U4MEE20145","Tanvi Kulkarni","cb.en.u4mee20145@cb.students.amrita.edu","MEE","B","2024","8.41","1","Placed"
"CB.EN.U4MEE20146","Arya Kapoor","cb.en.u4mee20146@cb.students.amrita.edu","MEE","B","2024","7.22","2","Placed"
"CB.EN.U4MEE20147","Janani Menon","cb.en.u4mee20147@cb.students.amrita.edu","MEE","B","2024","9.61","1","Placed"
"CB.EN.U4MEE20148","Yash Krishnan","cb.en.u4mee20148@cb.students.amrita.edu","MEE","B","2024","8.68","1","Not Placed"
"CB.EN.U4MEE20149","Yash Das","cb.en.u4mee20149@cb.students.amrita.edu","MEE","B","2024","6.76","2","Not Placed"
"CB.EN.U4MEE20150","Karthik Kapoor","cb.en.u4mee20150@cb.students.amrita.edu","MEE","B","2024","7.22","1","Placed"
"CB.EN.U4MEE20151","Bhavya Raman","cb.en.u4mee20151@cb.students.amrita.edu","MEE","B","2024","9.86","0","Placed"
"CB.EN.U4MEE20152","Sneha Menon","cb.en.u4mee20152@cb.students.amrita.edu","MEE","B","2024","7.28","1","Placed"
"CB.EN.U4MEE20153","Sneha Mishra","cb.en.u4mee20153@cb.students.amrita.edu","MEE","B","2024","9.65","0","Placed"
"CB.EN.U4MEE20154","Pooja Gupta","cb.en.u4mee20154@cb.students.amrita.edu","MEE","B","2024","8.15","2","Placed"
"CB.EN.U4MEE20155","Meera Shetty","cb.en.u4mee20155@cb.students.amrita.edu","MEE","B","2024","9.56","2","Placed"
"CB.EN.U4MEE20156","Arjun Nagarajan","cb.en.u4mee20156@cb.students.amrita.edu","MEE","B","2024","6.83","0","Placed"
"CB.EN.U4MEE20157","Ishaan Reddy","cb.en.u4mee20157@cb.students.amrita.edu","MEE","B","2024","7.17","2","Not Placed"
"CB.EN.U4MEE20158","Ananya Pillai","cb.en.u4mee20158@cb.students.amrita.edu","MEE","B","2024","7.72","0","Not Placed"
"CB.EN.U4MEE20159","Arjun Chatterjee","cb.en.u4mee20159@cb.students.amrita.edu","MEE","B","2024","6.62","2","Placed"
"CB.EN.U4MEE20160","Harish Gupta","cb.en.u4mee20160@cb.students.amrita.edu","MEE","B","2024","6.38","1","Not Placed"
"CB.EN.U4MEE20201","Bhavya Gupta","cb.en.u4mee20201@cb.students.amrita.edu","MEE","C","2024","9.75","0","Placed"
"CB.EN.U4MEE20202","Yash Nagarajan","cb.en.u4mee20202@cb.students.amrita.edu","MEE","C","2024","9.11","0","Placed"
"CB.EN.U4MEE20203","Arya Patel","cb.en.u4mee20203@cb.students.amrita.edu","MEE","C","2024","7.64","0","Not Placed"
"CB.EN.U4MEE20204","Riya Das","cb.en.u4mee20204@cb.students.amrita.edu","MEE","C","2024","6.47","0","Not Placed"
"CB.EN.U4MEE20205","Bhavya Gupta","cb.en.u4mee20205@cb.students.amrita.edu","MEE","C","2024","8.27","1","Not Placed"
"CB.EN.U4MEE20206","Pooja Reddy","cb.en.u4mee20206@cb.students.amrita.edu","MEE","C","2024","7.6","2","Not Placed"
"CB.EN.U4MEE20207","Lakshmi Kapoor","cb.en.u4mee20207@cb.students.amrita.edu","MEE","C","2024","6.42","1","Placed"
"CB.EN.U4MEE20208","Bhavya Kapoor","cb.en.u4mee20208@cb.students.amrita.edu","MEE","C","2024","6.45","1","Not Placed"
"CB.EN.U4MEE20209","Pooja Raman","cb.en.u4mee20209@cb.students.amrita.edu","MEE","C","2024","8.31","0","Not Placed"
"CB.EN.U4MEE20210","Pooja Krishnan","cb.en.u4mee20210@cb.students.amrita.edu","MEE","C","2024","7.82","1","Placed"
"CB.EN.U4MEE20211","Aarav Patel","cb.en.u4mee20211@cb.students.amrita.edu","MEE","C","2024","6.11","0","Not Placed"
"CB.EN.U4MEE20212","Tanvi Chatterjee","cb.en.u4mee20212@cb.students.amrita.edu","MEE","C","2024","8.33","1","Not Placed"
"CB.EN.U4MEE20213","Bhavya Bose","cb.en.u4mee20213@cb.students.amrita.edu","MEE","C","2024","9.13","1","Not Placed"
"CB.EN.U4MEE20214","Sneha Raman","cb.en.u4mee20214@cb.students.amrita.edu","MEE","C","2024","7.55","2","Not Placed"
"CB.EN.U4MEE20215","Varun Bose","cb.en.u4mee20215@cb.students.amrita.edu","MEE","C","2024","7.36","0","Not Placed"
"CB.EN.U4MEE20216","Ananya Pillai","cb.en.u4mee20216@cb.students.amrita.edu","MEE","C","2024","9.24","1","Not Placed"
"CB.EN.U4MEE20217","Diya Mishra","cb.en.u4mee20217@cb.students.amrita.edu","MEE","C","2024","6.75","1","Placed"
"CB.EN.U4MEE20218","Arjun Sharma","cb.en.u4mee20218@cb.students.amrita.edu","MEE","C","2024","7.67","2","Placed"
"CB.EN.U4MEE20219","Sneha Nagarajan","cb.en.u4mee20219@cb.students.amrita.edu","MEE","C","2024","6.49","0","Placed"
"CB.EN.U4MEE20220","Anirudh Bose","cb.en.u4mee20220@cb.students.amrita.edu","MEE","C","2024","8.39","1","Not Placed"
"CB.EN.U4MEE20221","Pooja Iyer","cb.en.u4mee20221@cb.students.amrita.edu","MEE","C","2024","9.18","2","Not Placed"
"CB.EN.U4MEE20222","Janani Verma","cb.en.u4mee20222@cb.students.amrita.edu","MEE","C","2024","8.64","2","Not Placed"
"CB.EN.U4MEE20223","Akash Nair","cb.en.u4mee20223@cb.students.amrita.edu","MEE","C","2024","6.95","1","Placed"
"CB.EN.U4MEE20224","Diya Menon","cb.en.u4mee20224@cb.students.amrita.edu","MEE","C","2024","8.52","2","Placed"
"CB.EN.U4MEE20225","Sanjay Sharma","cb.en.u4mee20225@cb.students.amrita.edu","MEE","C","2024","9.22","2","Placed"
"CB.EN.U4MEE20226","Nikhil Bose","cb.en.u4mee20226@cb.students.amrita.edu","MEE","C","2024","8.68","1","Placed"
"CB.EN.U4MEE20227","Aishwarya Kapoor","cb.en.u4mee20227@cb.students.amrita.edu","MEE","C","2024","9.43","0","Placed"
"CB.EN.U4MEE20228","Tanvi Menon","cb.en.u4mee20228@cb.students.amrita.edu","MEE","C","2024","9.83","1","Not Placed"
"CB.EN.U4MEE20229","Zara Das","cb.en.u4mee20229@cb.students.amrita.edu","MEE","C","2024","8.44","2","Not Placed"
"CB.EN.U4MEE20230","Bhavya Verma","cb.en.u4mee20230@cb.students.amrita.edu","MEE","C","2024","7.84","1","Placed"
"CB.EN.U4MEE20231","Akash Verma","cb.en.u4mee20231@cb.students.amrita.edu","MEE","C","2024","8.1","2","Not Placed"
"CB.EN.U4MEE20232","Riya Sharma","cb.en.u4mee20232@cb.students.amrita.edu","MEE","C","2024","9.64","0","Placed"
"CB.EN.U4MEE20233","Nikhil Reddy","cb.en.u4mee20233@cb.students.amrita.edu","MEE","C","2024","7.5","1","Placed"
"CB.EN.U4MEE20234","Riya Nagarajan","cb.en.u4mee20234@cb.students.amrita.edu","MEE","C","2024","6.4","0","Placed"
"CB.EN.U4MEE20235","Diya Nair","cb.en.u4mee20235@cb.students.amrita.edu","MEE","C","2024","8.98","1","Not Placed"
"CB.EN.U4MEE20236","Karthik Nair","cb.en.u4mee20236@cb.students.amrita.edu","MEE","C","2024","8.15","0","Placed"
"CB.EN.U4MEE20237","Aishwarya Nagarajan","cb.en.u4mee20237@cb.students.amrita.edu","MEE","C","2024","8.98","1","Not Placed"
"CB.EN.U4MEE20238","Bhavya Verma","cb.en.u4mee20238@cb.students.amrita.edu","MEE","C","2024","9.64","2","Placed"
"CB.EN.U4MEE20239","Janani Iyer","cb.en.u4mee20239@cb.students.amrita.edu","MEE","C","2024","8.1","1","Not Placed"
"CB.EN.U4MEE20240","Zara Kapoor","cb.en.u4mee20240@cb.students.amrita.edu","MEE","C","2024","9.3","1","Placed"
"CB.EN.U4MEE20241","Keerthana Mishra","cb.en.u4mee20241@cb.students.amrita.edu","MEE","C","2024","9.65","1","Placed"
"CB.EN.U4MEE20242","Surya Verma","cb.en.u4mee20242@cb.students.amrita.edu","MEE","C","2024","7.9","1","Not Placed"
"CB.EN.U4MEE20243","Karthik Sharma","cb.en.u4mee20243@cb.students.amrita.edu","MEE","C","2024","6.68","0","Placed"
"CB.EN.U4MEE20244","Riya Kulkarni","cb.en.u4mee20244@cb.students.amrita.edu","MEE","C","2024","6.5","0","Not Placed"
"CB.EN.U4MEE20245","Keerthana Iyer","cb.en.u4mee20245@cb.students.amrita.edu","MEE","C","2024","6.36","0","Placed"
"CB.EN.U4MEE20246","Nikhil Mishra","cb.en.u4mee20246@cb.students.amrita.edu","MEE","C","2024","9.77","1","Placed"
"CB.EN.U4MEE20247","Anirudh Menon","cb.en.u4mee20247@cb.students.amrita.edu","MEE","C","2024","8.66","2","Not Placed"
"CB.EN.U4MEE20248","Meera Krishnan","cb.en.u4mee20248@cb.students.amrita.edu","MEE","C","2024","6.47","2","Not Placed"
"CB.EN.U4MEE20249","Bhavya Mishra","cb.en.u4mee20249@cb.students.amrita.edu","MEE","C","2024","6.51","0","Not Placed"
"CB.EN.U4MEE20250","Zara Pillai","cb.en.u4mee20250@cb.students.amrita.edu","MEE","C","2024","6.9","0","Placed"
"CB.EN.U4MEE20251","Riya Nagarajan","cb.en.u4mee20251@cb.students.amrita.edu","MEE","C","2024","8.61","2","Not Placed"
"CB.EN.U4MEE20252","Diya Iyer","cb.en.u4mee20252@cb.students.amrita.edu","MEE","C","2024","8.52","2","Placed"
"CB.EN.U4MEE20253","Anirudh Kapoor","cb.en.u4mee20253@cb.students.amrita.edu","MEE","C","2024","8.98","1","Not Placed"
"CB.EN.U4MEE20254","Tanvi Patel","cb.en.u4mee20254@cb.students.amrita.edu","MEE","C","2024","7.41","2","Placed"
"CB.EN.U4MEE20255","Yash Patel","cb.en.u4mee20255@cb.students.amrita.edu","MEE","C","2024","7.32","0","Not Placed"
"CB.EN.U4MEE20256","Yash Nair","cb.en.u4mee20256@cb.students.amrita.edu","MEE","C","2024","8.53","1","Placed"
"CB.EN.U4MEE20257","Zara Joshi","cb.en.u4mee20257@cb.students.amrita.edu","MEE","C","2024","6.09","0","Not Placed"
"CB.EN.U4MEE20258","Surya Joshi","cb.en.u4mee20258@cb.students.amrita.edu","MEE","C","2024","6.97","0","Not Placed"
"CB.EN.U4MEE20259","Janani Chatterjee","cb.en.u4mee20259@cb.students.amrita.edu","MEE","C","2024","8.65","0","Placed"
"CB.EN.U4MEE20260","Arya Sharma","cb.en.u4mee20260@cb.students.amrita.edu","MEE","C","2024","6.98","1","Placed"
"CB.EN.U4MEE20301","Yash Sharma","cb.en.u4mee20301@cb.students.amrita.edu","MEE","D","2024","8.52","2","Not Placed"
"CB.EN.U4MEE20302","Aditya Kulkarni","cb.en.u4mee20302@cb.students.amrita.edu","MEE","D","2024","6.25","0","Not Placed"
"CB.EN.U4MEE20303","Arya Nagarajan","cb.en.u4mee20303@cb.students.amrita.edu","MEE","D","2024","7.49","2","Not Placed"
"CB.EN.U4MEE20304","Harish Reddy","cb.en.u4mee20304@cb.students.amrita.edu","MEE","D","2024","8.21","0","Placed"
"CB.EN.U4MEE20305","Zara Patel","cb.en.u4mee20305@cb.students.amrita.edu","MEE","D","2024","7.04","2","Placed"
"CB.EN.U4MEE20306","Bhavya Sharma","cb.en.u4mee20306@cb.students.amrita.edu","MEE","D","2024","8.38","1","Not Placed"
"CB.EN.U4MEE20307","Aishwarya Das","cb.en.u4mee20307@cb.students.amrita.edu","MEE","D","2024","9.42","0","Not Placed"
"CB.EN.U4MEE20308","Yash Nagarajan","cb.en.u4mee20308@cb.students.amrita.edu","MEE","D","2024","7.18","2","Not Placed"
"CB.EN.U4MEE20309","Varun Reddy","cb.en.u4mee20309@cb.students.amrita.edu","MEE","D","2024","7.62","2","Placed"
"CB.EN.U4MEE20310","Pooja Iyer","cb.en.u4mee20310@cb.students.amrita.edu","MEE","D","2024","8.24","1","Not Placed"
"CB.EN.U4MEE20311","Charan Patel","cb.en.u4mee20311@cb.students.amrita.edu","MEE","D","2024","7.16","1","Not Placed"
"CB.EN.U4MEE20312","Akash Chatterjee","cb.en.u4mee20312@cb.students.amrita.edu","MEE","D","2024","9.84","1","Placed"
"CB.EN.U4MEE20313","Lakshmi Sharma","cb.en.u4mee20313@cb.students.amrita.edu","MEE","D","2024","8.86","1","Placed"
"CB.EN.U4MEE20314","Diya Raman","cb.en.u4mee20314@cb.students.amrita.edu","MEE","D","2024","6.56","0","Placed"
"CB.EN.U4MEE20315","Aishwarya Kulkarni","cb.en.u4mee20315@cb.students.amrita.edu","MEE","D","2024","6.29","1","Placed"
"CB.EN.U4MEE20316","Aarav Pillai","cb.en.u4mee20316@cb.students.amrita.edu","MEE","D","2024","6.54","0","Not Placed"
"CB.EN.U4MEE20317","Karthik Chatterjee","cb.en.u4mee20317@cb.students.amrita.edu","MEE","D","2024","6.96","2","Not Placed"
"CB.EN.U4MEE20318","Janani Iyer","cb.en.u4mee20318@cb.students.amrita.edu","MEE","D","2024","8.44","2","Placed"
"CB.EN.U4MEE20319","Arjun Gupta","cb.en.u4mee20319@cb.students.amrita.edu","MEE","D","2024","8.67","0","Not Placed"
"CB.EN.U4MEE20320","Janani Raman","cb.en.u4mee20320@cb.students.amrita.edu","MEE","D","2024","6.14","2","Placed"
"CB.EN.U4MEE20321","Ishaan Pillai","cb.en.u4mee20321@cb.students.amrita.edu","MEE","D","2024","7.76","0","Placed"
"CB.EN.U4MEE20322","Zara Raman","cb.en.u4mee20322@cb.students.amrita.edu","MEE","D","2024","7.6","1","Not Placed"
"CB.EN.U4MEE20323","Ishaan Krishnan","cb.en.u4mee20323@cb.students.amrita.edu","MEE","D","2024","6.24","2","Not Placed"
"CB.EN.U4MEE20324","Sanjay Iyer","cb.en.u4mee20324@cb.students.amrita.edu","MEE","D","2024","9.27","0","Not Placed"
"CB.EN.U4MEE20325","Riya Patel","cb.en.u4mee20325@cb.students.amrita.edu","MEE","D","2024","8.43","0","Not Placed"
"CB.EN.U4MEE20326","Diya Shetty","cb.en.u4mee20326@cb.students.amrita.edu","MEE","D","2024","7.14","2","Placed"
"CB.EN.U4MEE20327","Harish Bose","cb.en.u4mee20327@cb.students.amrita.edu","MEE","D","2024","8.68","1","Placed"
"CB.EN.U4MEE20328","Vikram Nagarajan","cb.en.u4mee20328@cb.students.amrita.edu","MEE","D","2024","6.43","1","Not Placed"
"CB.EN.U4MEE20329","Harish Mishra","cb.en.u4mee20329@cb.students.amrita.edu","MEE","D","2024","6.29","2","Not Placed"
"CB.EN.U4MEE20330","Nikhil Iyer","cb.en.u4mee20330@cb.students.amrita.edu","MEE","D","2024","8.62","0","Not Placed"
"CB.EN.U4MEE20331","Zara Nair","cb.en.u4mee20331@cb.students.amrita.edu","MEE","D","2024","8.61","2","Not Placed"
"CB.EN.U4MEE20332","Sanjay Nair","cb.en.u4mee20332@cb.students.amrita.edu","MEE","D","2024","9.46","2","Placed"
"CB.EN.U4MEE20333","Charan Nagarajan","cb.en.u4mee20333@cb.students.amrita.edu","MEE","D","2024","8.65","1","Placed"
"CB.EN.U4MEE20334","Riya Bose","cb.en.u4mee20334@cb.students.amrita.edu","MEE","D","2024","7.75","1","Not Placed"
"CB.EN.U4MEE20335","Aishwarya Chatterjee","cb.en.u4mee20335@cb.students.amrita.edu","MEE","D","2024","8.36","1","Not Placed"
"CB.EN.U4MEE20336","Rahul Kapoor","cb.en.u4mee20336@cb.students.amrita.edu","MEE","D","2024","8.11","2","Not Placed"
"CB.EN.U4MEE20337","Lakshmi Menon","cb.en.u4mee20337@cb.students.amrita.edu","MEE","D","2024","9.58","1","Placed"
"CB.EN.U4MEE20338","Lakshmi Reddy","cb.en.u4mee20338@cb.students.amrita.edu","MEE","D","2024","7.75","2","Placed"
"CB.EN.U4MEE20339","Pooja Nagarajan","cb.en.u4mee20339@cb.students.amrita.edu","MEE","D","2024","6.82","1","Placed"
"CB.EN.U4MEE20340","Janani Patel","cb.en.u4mee20340@cb.students.amrita.edu","MEE","D","2024","6.49","1","Not Placed"
"CB.EN.U4MEE20341","Karthik Gupta","cb.en.u4mee20341@cb.students.amrita.edu","MEE","D","2024","7.22","0","Not Placed"
"CB.EN.U4MEE20342","Charan Patel","cb.en.u4mee20342@cb.students.amrita.edu","MEE","D","2024","7.63","0","Not Placed"
"CB.EN.U4MEE20343","Charan Nagarajan","cb.en.u4mee20343@cb.students.amrita.edu","MEE","D","2024","7.94","1","Not Placed"
"CB.EN.U4MEE20344","Harish Nair","cb.en.u4mee20344@cb.students.amrita.edu","MEE","D","2024","9.49","1","Placed"
"CB.EN.U4MEE20345","Karthik Bose","cb.en.u4mee20345@cb.students.amrita.edu","MEE","D","2024","6.13","0","Placed"
"CB.EN.U4MEE20346","Nikhil Chatterjee","cb.en.u4mee20346@cb.students.amrita.edu","MEE","D","2024","7.78","0","Not Placed"
"CB.EN.U4MEE20347","Harish Das","cb.en.u4mee20347@cb.students.amrita.edu","MEE","D","2024","8.4","2","Placed"
"CB.EN.U4MEE20348","Pooja Iyer","cb.en.u4mee20348@cb.students.amrita.edu","MEE","D","2024","8.26","0","Not Placed"
"CB.EN.U4MEE20349","Harish Menon","cb.en.u4mee20349@cb.students.amrita.edu","MEE","D","2024","9.74","1","Placed"
"CB.EN.U4MEE20350","Keerthana Raman","cb.en.u4mee20350@cb.students.amrita.edu","MEE","D","2024","6.83","2","Not Placed"
"CB.EN.U4MEE20351","Varun Nair","cb.en.u4mee20351@cb.students.amrita.edu","MEE","D","2024","7.78","2","Not Placed"
"CB.EN.U4MEE20352","Riya Kapoor","cb.en.u4mee20352@cb.students.amrita.edu","MEE","D","2024","7.4","2","Placed"
"CB.EN.U4MEE20353","Surya Joshi","cb.en.u4mee20353@cb.students.amrita.edu","MEE","D","2024","7.81","1","Not Placed"
"CB.EN.U4MEE20354","Vikram Patel","cb.en.u4mee20354@cb.students.amrita.edu","MEE","D","2024","6.24","2","Placed"
"CB.EN.U4MEE20355","Yash Kulkarni","cb.en.u4mee20355@cb.students.amrita.edu","MEE","D","2024","7.83","1","Not Placed"
"CB.EN.U4MEE20356","Karthik Nagarajan","cb.en.u4mee20356@cb.students.amrita.edu","MEE","D","2024","8.88","1","Not Placed"
"CB.EN.U4MEE20357","Arya Sharma","cb.en.u4mee20357@cb.students.amrita.edu","MEE","D","2024","9","2","Placed"
"CB.EN.U4MEE20358","Lakshmi Bose","cb.en.u4mee20358@cb.students.amrita.edu","MEE","D","2024","7.36","0","Placed"
"CB.EN.U4MEE20359","Aarav Kapoor","cb.en.u4mee20359@cb.students.amrita.edu","MEE","D","2024","6.92","1","Not Placed"
"CB.EN.U4MEE20360","Arya Chatterjee","cb.en.u4mee20360@cb.students.amrita.edu","MEE","D","2024","6.14","2","Not Placed"
"CB.EN.U4MEE20401","Arjun Pillai","cb.en.u4mee20401@cb.students.amrita.edu","MEE","E","2024","9.56","1","Not Placed"
"CB.EN.U4MEE20402","Arjun Krishnan","cb.en.u4mee20402@cb.students.amrita.edu","MEE","E","2024","6.17","0","Not Placed"
"CB.EN.U4MEE20403","Akash Mishra","cb.en.u4mee20403@cb.students.amrita.edu","MEE","E","2024","7.76","2","Not Placed"
"CB.EN.U4MEE20404","Aditya Iyer","cb.en.u4mee20404@cb.students.amrita.edu","MEE","E","2024","8.12","0","Placed"
"CB.EN.U4MEE20405","Anirudh Das","cb.en.u4mee20405@cb.students.amrita.edu","MEE","E","2024","9.21","2","Placed"
"CB.EN.U4MEE20406","Aishwarya Raman","cb.en.u4mee20406@cb.students.amrita.edu","MEE","E","2024","9.18","1","Placed"
"CB.EN.U4MEE20407","Surya Bose","cb.en.u4mee20407@cb.students.amrita.edu","MEE","E","2024","6.4","0","Not Placed"
"CB.EN.U4MEE20408","Keerthana Gupta","cb.en.u4mee20408@cb.students.amrita.edu","MEE","E","2024","6.22","1","Not Placed"
"CB.EN.U4MEE20409","Tanvi Reddy","cb.en.u4mee20409@cb.students.amrita.edu","MEE","E","2024","7.17","2","Placed"
"CB.EN.U4MEE20410","Akash Pillai","cb.en.u4mee20410@cb.students.amrita.edu","MEE","E","2024","6.14","1","Not Placed"
"CB.EN.U4MEE20411","Nikhil Das","cb.en.u4mee20411@cb.students.amrita.edu","MEE","E","2024","9.17","1","Not Placed"
"CB.EN.U4MEE20412","Varun Mishra","cb.en.u4mee20412@cb.students.amrita.edu","MEE","E","2024","6.16","2","Not Placed"
"CB.EN.U4MEE20413","Meera Raman","cb.en.u4mee20413@cb.students.amrita.edu","MEE","E","2024","9.54","1","Placed"
"CB.EN.U4MEE20414","Vikram Pillai","cb.en.u4mee20414@cb.students.amrita.edu","MEE","E","2024","9.14","0","Placed"
"CB.EN.U4MEE20415","Riya Bose","cb.en.u4mee20415@cb.students.amrita.edu","MEE","E","2024","6.52","2","Not Placed"
"CB.EN.U4MEE20416","Riya Nair","cb.en.u4mee20416@cb.students.amrita.edu","MEE","E","2024","7.08","2","Not Placed"
"CB.EN.U4MEE20417","Zara Patel","cb.en.u4mee20417@cb.students.amrita.edu","MEE","E","2024","7.52","1","Not Placed"
"CB.EN.U4MEE20418","Sneha Kulkarni","cb.en.u4mee20418@cb.students.amrita.edu","MEE","E","2024","7.41","2","Not Placed"
"CB.EN.U4MEE20419","Karthik Pillai","cb.en.u4mee20419@cb.students.amrita.edu","MEE","E","2024","8.94","0","Placed"
"CB.EN.U4MEE20420","Riya Bose","cb.en.u4mee20420@cb.students.amrita.edu","MEE","E","2024","9.83","0","Not Placed"
"CB.EN.U4MEE20421","Karthik Bose","cb.en.u4mee20421@cb.students.amrita.edu","MEE","E","2024","7.5","0","Not Placed"
"CB.EN.U4MEE20422","Tanvi Patel","cb.en.u4mee20422@cb.students.amrita.edu","MEE","E","2024","8.75","2","Not Placed"
"CB.EN.U4MEE20423","Keerthana Nair","cb.en.u4mee20423@cb.students.amrita.edu","MEE","E","2024","8.04","0","Not Placed"
"CB.EN.U4MEE20424","Tanvi Iyer","cb.en.u4mee20424@cb.students.amrita.edu","MEE","E","2024","6.38","2","Placed"
"CB.EN.U4MEE20425","Tanvi Joshi","cb.en.u4mee20425@cb.students.amrita.edu","MEE","E","2024","8.54","2","Not Placed"
"CB.EN.U4MEE20426","Riya Menon","cb.en.u4mee20426@cb.students.amrita.edu","MEE","E","2024","7.76","1","Placed"
"CB.EN.U4MEE20427","Sanjay Menon","cb.en.u4mee20427@cb.students.amrita.edu","MEE","E","2024","6.59","2","Not Placed"
"CB.EN.U4MEE20428","Arya Chatterjee","cb.en.u4mee20428@cb.students.amrita.edu","MEE","E","2024","9.81","1","Not Placed"
"CB.EN.U4MEE20429","Aditya Das","cb.en.u4mee20429@cb.students.amrita.edu","MEE","E","2024","8.21","2","Placed"
"CB.EN.U4MEE20430","Pooja Kapoor","cb.en.u4mee20430@cb.students.amrita.edu","MEE","E","2024","9.06","0","Not Placed"
"CB.EN.U4MEE20431","Riya Joshi","cb.en.u4mee20431@cb.students.amrita.edu","MEE","E","2024","8.88","1","Placed"
"CB.EN.U4MEE20432","Meera Shetty","cb.en.u4mee20432@cb.students.amrita.edu","MEE","E","2024","7.09","1","Not Placed"
"CB.EN.U4MEE20433","Janani Kulkarni","cb.en.u4mee20433@cb.students.amrita.edu","MEE","E","2024","7.02","1","Placed"
"CB.EN.U4MEE20434","Karthik Krishnan","cb.en.u4mee20434@cb.students.amrita.edu","MEE","E","2024","8.63","0","Placed"
"CB.EN.U4MEE20435","Bhavya Kulkarni","cb.en.u4mee20435@cb.students.amrita.edu","MEE","E","2024","9.07","1","Not Placed"
"CB.EN.U4MEE20436","Karthik Verma","cb.en.u4mee20436@cb.students.amrita.edu","MEE","E","2024","6.79","1","Placed"
"CB.EN.U4MEE20437","Arjun Kapoor","cb.en.u4mee20437@cb.students.amrita.edu","MEE","E","2024","7.7","0","Placed"
"CB.EN.U4MEE20438","Meera Kulkarni","cb.en.u4mee20438@cb.students.amrita.edu","MEE","E","2024","9.12","2","Not Placed"
"CB.EN.U4MEE20439","Diya Sharma","cb.en.u4mee20439@cb.students.amrita.edu","MEE","E","2024","7.36","2","Placed"
"CB.EN.U4MEE20440","Aditya Menon","cb.en.u4mee20440@cb.students.amrita.edu","MEE","E","2024","7.33","2","Not Placed"
"CB.EN.U4MEE20441","Sneha Menon","cb.en.u4mee20441@cb.students.amrita.edu","MEE","E","2024","8.79","0","Placed"
"CB.EN.U4MEE20442","Diya Sharma","cb.en.u4mee20442@cb.students.amrita.edu","MEE","E","2024","7.5","1","Placed"
"CB.EN.U4MEE20443","Diya Nagarajan","cb.en.u4mee20443@cb.students.amrita.edu","MEE","E","2024","9.25","0","Placed"
"CB.EN.U4MEE20444","Vikram Iyer","cb.en.u4mee20444@cb.students.amrita.edu","MEE","E","2024","8.55","2","Placed"
"CB.EN.U4MEE20445","Arya Sharma","cb.en.u4mee20445@cb.students.amrita.edu","MEE","E","2024","9.56","0","Not Placed"
"CB.EN.U4MEE20446","Keerthana Shetty","cb.en.u4mee20446@cb.students.amrita.edu","MEE","E","2024","9.18","2","Placed"
"CB.EN.U4MEE20447","Aditya Mishra","cb.en.u4mee20447@cb.students.amrita.edu","MEE","E","2024","6.99","1","Not Placed"
"CB.EN.U4MEE20448","Akash Verma","cb.en.u4mee20448@cb.students.amrita.edu","MEE","E","2024","6.08","2","Not Placed"
"CB.EN.U4MEE20449","Karthik Shetty","cb.en.u4mee20449@cb.students.amrita.edu","MEE","E","2024","9.55","1","Placed"
"CB.EN.U4MEE20450","Nikhil Pillai","cb.en.u4mee20450@cb.students.amrita.edu","MEE","E","2024","8.6","1","Placed"
"CB.EN.U4MEE20451","Arya Mishra","cb.en.u4mee20451@cb.students.amrita.edu","MEE","E","2024","7.16","2","Not Placed"
"CB.EN.U4MEE20452","Charan Verma","cb.en.u4mee20452@cb.students.amrita.edu","MEE","E","2024","9.88","2","Placed"
"CB.EN.U4MEE20453","Arya Sharma","cb.en.u4mee20453@cb.students.amrita.edu","MEE","E","2024","6.28","1","Not Placed"
"CB.EN.U4MEE20454","Sanjay Sharma","cb.en.u4mee20454@cb.students.amrita.edu","MEE","E","2024","7.08","2","Not Placed"
"CB.EN.U4MEE20455","Sneha Mishra","cb.en.u4mee20455@cb.students.amrita.edu","MEE","E","2024","7.96","2","Not Placed"
"CB.EN.U4MEE20456","Lakshmi Kapoor","cb.en.u4mee20456@cb.students.amrita.edu","MEE","E","2024","8.91","0","Not Placed"
"CB.EN.U4MEE20457","Pooja Pillai","cb.en.u4mee20457@cb.students.amrita.edu","MEE","E","2024","6.05","1","Not Placed"
"CB.EN.U4MEE20458","Sneha Krishnan","cb.en.u4mee20458@cb.students.amrita.edu","MEE","E","2024","9.85","1","Not Placed"
"CB.EN.U4MEE20459","Nikhil Nagarajan","cb.en.u4mee20459@cb.students.amrita.edu","MEE","E","2024","7.82","2","Placed"
"CB.EN.U4MEE20460","Lakshmi Shetty","cb.en.u4mee20460@cb.students.amrita.edu","MEE","E","2024","6.2","2","Not Placed"
"CB.SC.U4CSE21001","Lakshmi Mishra","cb.sc.u4cse21001@cb.students.amrita.edu","CSE","A","2025","9.77","0","Placed"
"CB.SC.U4CSE21002","Charan Chatterjee","cb.sc.u4cse21002@cb.students.amrita.edu","CSE","A","2025","9.18","1","Placed"
"CB.SC.U4CSE21003","Charan Kapoor","cb.sc.u4cse21003@cb.students.amrita.edu","CSE","A","2025","7.91","2","Not Placed"
"CB.SC.U4CSE21004","Yash Pillai","cb.sc.u4cse21004@cb.students.amrita.edu","CSE","A","2025","7.51","0","Placed"
"CB.SC.U4CSE21005","Keerthana Pillai","cb.sc.u4cse21005@cb.students.amrita.edu","CSE","A","2025","6.16","2","Placed"
"CB.SC.U4CSE21006","Ishaan Pillai","cb.sc.u4cse21006@cb.students.amrita.edu","CSE","A","2025","6.53","0","Placed"
"CB.SC.U4CSE21007","Diya Chatterjee","cb.sc.u4cse21007@cb.students.amrita.edu","CSE","A","2025","7.39","2","Not Placed"
"CB.SC.U4CSE21008","Anirudh Nagarajan","cb.sc.u4cse21008@cb.students.amrita.edu","CSE","A","2025","7.93","0","Not Placed"
"CB.SC.U4CSE21009","Janani Nair","cb.sc.u4cse21009@cb.students.amrita.edu","CSE","A","2025","6.52","1","Placed"
"CB.SC.U4CSE21010","Yash Verma","cb.sc.u4cse21010@cb.students.amrita.edu","CSE","A","2025","8.79","2","Placed"
"CB.SC.U4CSE21011","Keerthana Sharma","cb.sc.u4cse21011@cb.students.amrita.edu","CSE","A","2025","9.43","1","Placed"
"CB.SC.U4CSE21012","Vikram Pillai","cb.sc.u4cse21012@cb.students.amrita.edu","CSE","A","2025","6.05","0","Not Placed"
"CB.SC.U4CSE21013","Ananya Gupta","cb.sc.u4cse21013@cb.students.amrita.edu","CSE","A","2025","7.29","1","Not Placed"
"CB.SC.U4CSE21014","Aishwarya Reddy","cb.sc.u4cse21014@cb.students.amrita.edu","CSE","A","2025","8.37","1","Not Placed"
"CB.SC.U4CSE21015","Harish Sharma","cb.sc.u4cse21015@cb.students.amrita.edu","CSE","A","2025","9.4","2","Not Placed"
"CB.SC.U4CSE21016","Akash Pillai","cb.sc.u4cse21016@cb.students.amrita.edu","CSE","A","2025","7.26","2","Not Placed"
"CB.SC.U4CSE21017","Diya Patel","cb.sc.u4cse21017@cb.students.amrita.edu","CSE","A","2025","8.72","1","Placed"
"CB.SC.U4CSE21018","Riya Gupta","cb.sc.u4cse21018@cb.students.amrita.edu","CSE","A","2025","8.23","1","Placed"
"CB.SC.U4CSE21019","Aishwarya Krishnan","cb.sc.u4cse21019@cb.students.amrita.edu","CSE","A","2025","9.2","1","Placed"
"CB.SC.U4CSE21020","Keerthana Bose","cb.sc.u4cse21020@cb.students.amrita.edu","CSE","A","2025","9.27","1","Not Placed"
"CB.SC.U4CSE21021","Yash Menon","cb.sc.u4cse21021@cb.students.amrita.edu","CSE","A","2025","8.21","2","Not Placed"
"CB.SC.U4CSE21022","Arjun Menon","cb.sc.u4cse21022@cb.students.amrita.edu","CSE","A","2025","9.58","2","Placed"
"CB.SC.U4CSE21023","Ananya Patel","cb.sc.u4cse21023@cb.students.amrita.edu","CSE","A","2025","7.33","2","Not Placed"
"CB.SC.U4CSE21024","Bhavya Nair","cb.sc.u4cse21024@cb.students.amrita.edu","CSE","A","2025","9.56","1","Placed"
"CB.SC.U4CSE21025","Sanjay Nair","cb.sc.u4cse21025@cb.students.amrita.edu","CSE","A","2025","6.12","2","Placed"
"CB.SC.U4CSE21026","Lakshmi Joshi","cb.sc.u4cse21026@cb.students.amrita.edu","CSE","A","2025","9.9","1","Placed"
"CB.SC.U4CSE21027","Varun Joshi","cb.sc.u4cse21027@cb.students.amrita.edu","CSE","A","2025","6.91","0","Placed"
"CB.SC.U4CSE21028","Anirudh Pillai","cb.sc.u4cse21028@cb.students.amrita.edu","CSE","A","2025","8.85","1","Placed"
"CB.SC.U4CSE21029","Arya Reddy","cb.sc.u4cse21029@cb.students.amrita.edu","CSE","A","2025","6.93","0","Placed"
"CB.SC.U4CSE21030","Vikram Krishnan","cb.sc.u4cse21030@cb.students.amrita.edu","CSE","A","2025","9.15","1","Not Placed"
"CB.SC.U4CSE21031","Yash Patel","cb.sc.u4cse21031@cb.students.amrita.edu","CSE","A","2025","9.09","2","Not Placed"
"CB.SC.U4CSE21032","Riya Krishnan","cb.sc.u4cse21032@cb.students.amrita.edu","CSE","A","2025","6.56","2","Placed"
"CB.SC.U4CSE21033","Zara Verma","cb.sc.u4cse21033@cb.students.amrita.edu","CSE","A","2025","9.53","0","Placed"
"CB.SC.U4CSE21034","Meera Pillai","cb.sc.u4cse21034@cb.students.amrita.edu","CSE","A","2025","7.3","2","Not Placed"
"CB.SC.U4CSE21035","Janani Sharma","cb.sc.u4cse21035@cb.students.amrita.edu","CSE","A","2025","8.59","1","Not Placed"
"CB.SC.U4CSE21036","Sneha Mishra","cb.sc.u4cse21036@cb.students.amrita.edu","CSE","A","2025","9.62","1","Placed"
"CB.SC.U4CSE21037","Janani Nair","cb.sc.u4cse21037@cb.students.amrita.edu","CSE","A","2025","8.28","2","Placed"
"CB.SC.U4CSE21038","Keerthana Nair","cb.sc.u4cse21038@cb.students.amrita.edu","CSE","A","2025","8.2","2","Placed"
"CB.SC.U4CSE21039","Vikram Krishnan","cb.sc.u4cse21039@cb.students.amrita.edu","CSE","A","2025","7.2","0","Not Placed"
"CB.SC.U4CSE21040","Anirudh Nair","cb.sc.u4cse21040@cb.students.amrita.edu","CSE","A","2025","6.95","0","Placed"
"CB.SC.U4CSE21041","Aishwarya Chatterjee","cb.sc.u4cse21041@cb.students.amrita.edu","CSE","A","2025","6.83","1","Not Placed"
"CB.SC.U4CSE21042","Rahul Gupta","cb.sc.u4cse21042@cb.students.amrita.edu","CSE","A","2025","8.33","2","Placed"
"CB.SC.U4CSE21043","Diya Kapoor","cb.sc.u4cse21043@cb.students.amrita.edu","CSE","A","2025","8.35","0","Placed"
"CB.SC.U4CSE21044","Charan Das","cb.sc.u4cse21044@cb.students.amrita.edu","CSE","A","2025","6.26","0","Placed"
"CB.SC.U4CSE21045","Surya Bose","cb.sc.u4cse21045@cb.students.amrita.edu","CSE","A","2025","7.19","0","Placed"
"CB.SC.U4CSE21046","Ishaan Verma","cb.sc.u4cse21046@cb.students.amrita.edu","CSE","A","2025","6.92","0","Not Placed"
"CB.SC.U4CSE21047","Sanjay Reddy","cb.sc.u4cse21047@cb.students.amrita.edu","CSE","A","2025","7.18","1","Placed"
"CB.SC.U4CSE21048","Keerthana Chatterjee","cb.sc.u4cse21048@cb.students.amrita.edu","CSE","A","2025","6.49","2","Not Placed"
"CB.SC.U4CSE21049","Sanjay Nagarajan","cb.sc.u4cse21049@cb.students.amrita.edu","CSE","A","2025","7.14","1","Not Placed"
"CB.SC.U4CSE21050","Lakshmi Pillai","cb.sc.u4cse21050@cb.students.amrita.edu","CSE","A","2025","6.4","0","Not Placed"
"CB.SC.U4CSE21051","Pooja Shetty","cb.sc.u4cse21051@cb.students.amrita.edu","CSE","A","2025","7.37","2","Placed"
"CB.SC.U4CSE21052","Karthik Chatterjee","cb.sc.u4cse21052@cb.students.amrita.edu","CSE","A","2025","6.8","1","Not Placed"
"CB.SC.U4CSE21053","Aishwarya Mishra","cb.sc.u4cse21053@cb.students.amrita.edu","CSE","A","2025","9.21","1","Not Placed"
"CB.SC.U4CSE21054","Riya Verma","cb.sc.u4cse21054@cb.students.amrita.edu","CSE","A","2025","6.07","0","Placed"
"CB.SC.U4CSE21055","Diya Nagarajan","cb.sc.u4cse21055@cb.students.amrita.edu","CSE","A","2025","6.51","2","Placed"
"CB.SC.U4CSE21056","Zara Gupta","cb.sc.u4cse21056@cb.students.amrita.edu","CSE","A","2025","6.65","2","Placed"
"CB.SC.U4CSE21057","Anirudh Patel","cb.sc.u4cse21057@cb.students.amrita.edu","CSE","A","2025","7.88","1","Not Placed"
"CB.SC.U4CSE21058","Surya Raman","cb.sc.u4cse21058@cb.students.amrita.edu","CSE","A","2025","6.78","0","Not Placed"
"CB.SC.U4CSE21059","Meera Kapoor","cb.sc.u4cse21059@cb.students.amrita.edu","CSE","A","2025","8.48","2","Not Placed"
"CB.SC.U4CSE21060","Anirudh Mishra","cb.sc.u4cse21060@cb.students.amrita.edu","CSE","A","2025","9.24","2","Not Placed"
"CB.SC.U4CSE21101","Aarav Reddy","cb.sc.u4cse21101@cb.students.amrita.edu","CSE","B","2025","7.24","0","Not Placed"
"CB.SC.U4CSE21102","Nikhil Pillai","cb.sc.u4cse21102@cb.students.amrita.edu","CSE","B","2025","7.31","2","Not Placed"
"CB.SC.U4CSE21103","Meera Nagarajan","cb.sc.u4cse21103@cb.students.amrita.edu","CSE","B","2025","8.08","2","Placed"
"CB.SC.U4CSE21104","Arjun Reddy","cb.sc.u4cse21104@cb.students.amrita.edu","CSE","B","2025","7.33","1","Not Placed"
"CB.SC.U4CSE21105","Aishwarya Chatterjee","cb.sc.u4cse21105@cb.students.amrita.edu","CSE","B","2025","6.44","0","Placed"
"CB.SC.U4CSE21106","Vikram Joshi","cb.sc.u4cse21106@cb.students.amrita.edu","CSE","B","2025","8.12","0","Placed"
"CB.SC.U4CSE21107","Anirudh Patel","cb.sc.u4cse21107@cb.students.amrita.edu","CSE","B","2025","8.04","1","Not Placed"
"CB.SC.U4CSE21108","Meera Patel","cb.sc.u4cse21108@cb.students.amrita.edu","CSE","B","2025","9.19","0","Placed"
"CB.SC.U4CSE21109","Lakshmi Das","cb.sc.u4cse21109@cb.students.amrita.edu","CSE","B","2025","7.5","0","Not Placed"
"CB.SC.U4CSE21110","Ishaan Kapoor","cb.sc.u4cse21110@cb.students.amrita.edu","CSE","B","2025","9.47","0","Not Placed"
"CB.SC.U4CSE21111","Diya Raman","cb.sc.u4cse21111@cb.students.amrita.edu","CSE","B","2025","6.02","1","Placed"
"CB.SC.U4CSE21112","Aditya Patel","cb.sc.u4cse21112@cb.students.amrita.edu","CSE","B","2025","7.19","2","Placed"
"CB.SC.U4CSE21113","Keerthana Pillai","cb.sc.u4cse21113@cb.students.amrita.edu","CSE","B","2025","6.93","2","Not Placed"
"CB.SC.U4CSE21114","Nikhil Verma","cb.sc.u4cse21114@cb.students.amrita.edu","CSE","B","2025","8.03","2","Not Placed"
"CB.SC.U4CSE21115","Aditya Nair","cb.sc.u4cse21115@cb.students.amrita.edu","CSE","B","2025","9.85","2","Placed"
"CB.SC.U4CSE21116","Rahul Patel","cb.sc.u4cse21116@cb.students.amrita.edu","CSE","B","2025","7.62","2","Placed"
"CB.SC.U4CSE21117","Janani Mishra","cb.sc.u4cse21117@cb.students.amrita.edu","CSE","B","2025","6.02","2","Not Placed"
"CB.SC.U4CSE21118","Ananya Shetty","cb.sc.u4cse21118@cb.students.amrita.edu","CSE","B","2025","7.01","0","Placed"
"CB.SC.U4CSE21119","Meera Sharma","cb.sc.u4cse21119@cb.students.amrita.edu","CSE","B","2025","9.45","2","Not Placed"
"CB.SC.U4CSE21120","Aditya Kulkarni","cb.sc.u4cse21120@cb.students.amrita.edu","CSE","B","2025","6.85","1","Placed"
"CB.SC.U4CSE21121","Pooja Das","cb.sc.u4cse21121@cb.students.amrita.edu","CSE","B","2025","8.9","2","Not Placed"
"CB.SC.U4CSE21122","Varun Joshi","cb.sc.u4cse21122@cb.students.amrita.edu","CSE","B","2025","9.62","1","Not Placed"
"CB.SC.U4CSE21123","Sneha Sharma","cb.sc.u4cse21123@cb.students.amrita.edu","CSE","B","2025","9.83","1","Placed"
"CB.SC.U4CSE21124","Zara Mishra","cb.sc.u4cse21124@cb.students.amrita.edu","CSE","B","2025","9.02","2","Not Placed"
"CB.SC.U4CSE21125","Janani Bose","cb.sc.u4cse21125@cb.students.amrita.edu","CSE","B","2025","6.15","2","Placed"
"CB.SC.U4CSE21126","Yash Pillai","cb.sc.u4cse21126@cb.students.amrita.edu","CSE","B","2025","8.12","1","Not Placed"
"CB.SC.U4CSE21127","Arjun Mishra","cb.sc.u4cse21127@cb.students.amrita.edu","CSE","B","2025","9.16","2","Not Placed"
"CB.SC.U4CSE21128","Pooja Verma","cb.sc.u4cse21128@cb.students.amrita.edu","CSE","B","2025","7.88","0","Not Placed"
"CB.SC.U4CSE21129","Lakshmi Chatterjee","cb.sc.u4cse21129@cb.students.amrita.edu","CSE","B","2025","6.47","2","Not Placed"
"CB.SC.U4CSE21130","Arya Mishra","cb.sc.u4cse21130@cb.students.amrita.edu","CSE","B","2025","9.62","2","Placed"
"CB.SC.U4CSE21131","Pooja Verma","cb.sc.u4cse21131@cb.students.amrita.edu","CSE","B","2025","8.8","0","Not Placed"
"CB.SC.U4CSE21132","Arjun Joshi","cb.sc.u4cse21132@cb.students.amrita.edu","CSE","B","2025","7.36","1","Not Placed"
"CB.SC.U4CSE21133","Arya Kulkarni","cb.sc.u4cse21133@cb.students.amrita.edu","CSE","B","2025","9.22","2","Placed"
"CB.SC.U4CSE21134","Rahul Nagarajan","cb.sc.u4cse21134@cb.students.amrita.edu","CSE","B","2025","7.57","0","Not Placed"
"CB.SC.U4CSE21135","Yash Chatterjee","cb.sc.u4cse21135@cb.students.amrita.edu","CSE","B","2025","6.38","1","Not Placed"
"CB.SC.U4CSE21136","Charan Nagarajan","cb.sc.u4cse21136@cb.students.amrita.edu","CSE","B","2025","7.51","0","Not Placed"
"CB.SC.U4CSE21137","Arjun Shetty","cb.sc.u4cse21137@cb.students.amrita.edu","CSE","B","2025","6.39","0","Not Placed"
"CB.SC.U4CSE21138","Keerthana Mishra","cb.sc.u4cse21138@cb.students.amrita.edu","CSE","B","2025","6.78","2","Not Placed"
"CB.SC.U4CSE21139","Janani Gupta","cb.sc.u4cse21139@cb.students.amrita.edu","CSE","B","2025","8.31","2","Placed"
"CB.SC.U4CSE21140","Anirudh Das","cb.sc.u4cse21140@cb.students.amrita.edu","CSE","B","2025","6.26","1","Not Placed"
"CB.SC.U4CSE21141","Anirudh Sharma","cb.sc.u4cse21141@cb.students.amrita.edu","CSE","B","2025","8.51","0","Not Placed"
"CB.SC.U4CSE21142","Aditya Nagarajan","cb.sc.u4cse21142@cb.students.amrita.edu","CSE","B","2025","7.22","2","Placed"
"CB.SC.U4CSE21143","Meera Mishra","cb.sc.u4cse21143@cb.students.amrita.edu","CSE","B","2025","8.15","2","Placed"
"CB.SC.U4CSE21144","Lakshmi Raman","cb.sc.u4cse21144@cb.students.amrita.edu","CSE","B","2025","7.64","1","Placed"
"CB.SC.U4CSE21145","Janani Menon","cb.sc.u4cse21145@cb.students.amrita.edu","CSE","B","2025","6.15","1","Not Placed"
"CB.SC.U4CSE21146","Vikram Pillai","cb.sc.u4cse21146@cb.students.amrita.edu","CSE","B","2025","8.12","1","Placed"
"CB.SC.U4CSE21147","Meera Krishnan","cb.sc.u4cse21147@cb.students.amrita.edu","CSE","B","2025","7.11","0","Not Placed"
"CB.SC.U4CSE21148","Karthik Shetty","cb.sc.u4cse21148@cb.students.amrita.edu","CSE","B","2025","6.71","2","Placed"
"CB.SC.U4CSE21149","Vikram Pillai","cb.sc.u4cse21149@cb.students.amrita.edu","CSE","B","2025","8.55","2","Placed"
"CB.SC.U4CSE21150","Janani Verma","cb.sc.u4cse21150@cb.students.amrita.edu","CSE","B","2025","9.28","2","Not Placed"
"CB.SC.U4CSE21151","Diya Kulkarni","cb.sc.u4cse21151@cb.students.amrita.edu","CSE","B","2025","7.16","0","Not Placed"
"CB.SC.U4CSE21152","Nikhil Bose","cb.sc.u4cse21152@cb.students.amrita.edu","CSE","B","2025","6.03","2","Placed"
"CB.SC.U4CSE21153","Charan Nair","cb.sc.u4cse21153@cb.students.amrita.edu","CSE","B","2025","8.24","0","Placed"
"CB.SC.U4CSE21154","Tanvi Sharma","cb.sc.u4cse21154@cb.students.amrita.edu","CSE","B","2025","8.86","1","Not Placed"
"CB.SC.U4CSE21155","Aarav Reddy","cb.sc.u4cse21155@cb.students.amrita.edu","CSE","B","2025","9.16","1","Not Placed"
"CB.SC.U4CSE21156","Riya Menon","cb.sc.u4cse21156@cb.students.amrita.edu","CSE","B","2025","7.62","1","Placed"
"CB.SC.U4CSE21157","Tanvi Verma","cb.sc.u4cse21157@cb.students.amrita.edu","CSE","B","2025","6.85","1","Placed"
"CB.SC.U4CSE21158","Diya Verma","cb.sc.u4cse21158@cb.students.amrita.edu","CSE","B","2025","9.59","0","Placed"
"CB.SC.U4CSE21159","Pooja Raman","cb.sc.u4cse21159@cb.students.amrita.edu","CSE","B","2025","7.15","1","Not Placed"
"CB.SC.U4CSE21160","Harish Chatterjee","cb.sc.u4cse21160@cb.students.amrita.edu","CSE","B","2025","7.4","0","Not Placed"
"CB.SC.U4CSE21201","Arjun Krishnan","cb.sc.u4cse21201@cb.students.amrita.edu","CSE","C","2025","8.92","0","Placed"
"CB.SC.U4CSE21202","Diya Nagarajan","cb.sc.u4cse21202@cb.students.amrita.edu","CSE","C","2025","7.48","2","Not Placed"
"CB.SC.U4CSE21203","Arjun Mishra","cb.sc.u4cse21203@cb.students.amrita.edu","CSE","C","2025","6.31","0","Not Placed"
"CB.SC.U4CSE21204","Arya Menon","cb.sc.u4cse21204@cb.students.amrita.edu","CSE","C","2025","7.18","1","Not Placed"
"CB.SC.U4CSE21205","Aditya Raman","cb.sc.u4cse21205@cb.students.amrita.edu","CSE","C","2025","7.19","2","Placed"
"CB.SC.U4CSE21206","Diya Pillai","cb.sc.u4cse21206@cb.students.amrita.edu","CSE","C","2025","8.88","2","Not Placed"
"CB.SC.U4CSE21207","Riya Chatterjee","cb.sc.u4cse21207@cb.students.amrita.edu","CSE","C","2025","7.95","2","Not Placed"
"CB.SC.U4CSE21208","Sneha Kulkarni","cb.sc.u4cse21208@cb.students.amrita.edu","CSE","C","2025","9.47","0","Placed"
"CB.SC.U4CSE21209","Anirudh Reddy","cb.sc.u4cse21209@cb.students.amrita.edu","CSE","C","2025","7.13","0","Placed"
"CB.SC.U4CSE21210","Bhavya Das","cb.sc.u4cse21210@cb.students.amrita.edu","CSE","C","2025","6.69","0","Placed"
"CB.SC.U4CSE21211","Ananya Joshi","cb.sc.u4cse21211@cb.students.amrita.edu","CSE","C","2025","9.29","2","Placed"
"CB.SC.U4CSE21212","Lakshmi Sharma","cb.sc.u4cse21212@cb.students.amrita.edu","CSE","C","2025","9.72","2","Not Placed"
"CB.SC.U4CSE21213","Sanjay Bose","cb.sc.u4cse21213@cb.students.amrita.edu","CSE","C","2025","6.54","1","Not Placed"
"CB.SC.U4CSE21214","Vikram Chatterjee","cb.sc.u4cse21214@cb.students.amrita.edu","CSE","C","2025","7.95","0","Placed"
"CB.SC.U4CSE21215","Charan Nagarajan","cb.sc.u4cse21215@cb.students.amrita.edu","CSE","C","2025","9.6","1","Not Placed"
"CB.SC.U4CSE21216","Lakshmi Kulkarni","cb.sc.u4cse21216@cb.students.amrita.edu","CSE","C","2025","8.18","1","Not Placed"
"CB.SC.U4CSE21217","Yash Joshi","cb.sc.u4cse21217@cb.students.amrita.edu","CSE","C","2025","7.08","1","Not Placed"
"CB.SC.U4CSE21218","Keerthana Iyer","cb.sc.u4cse21218@cb.students.amrita.edu","CSE","C","2025","6.71","0","Placed"
"CB.SC.U4CSE21219","Keerthana Menon","cb.sc.u4cse21219@cb.students.amrita.edu","CSE","C","2025","7","2","Placed"
"CB.SC.U4CSE21220","Bhavya Joshi","cb.sc.u4cse21220@cb.students.amrita.edu","CSE","C","2025","6.54","0","Not Placed"
"CB.SC.U4CSE21221","Yash Patel","cb.sc.u4cse21221@cb.students.amrita.edu","CSE","C","2025","8.05","0","Not Placed"
"CB.SC.U4CSE21222","Akash Krishnan","cb.sc.u4cse21222@cb.students.amrita.edu","CSE","C","2025","7.85","1","Not Placed"
"CB.SC.U4CSE21223","Arjun Kapoor","cb.sc.u4cse21223@cb.students.amrita.edu","CSE","C","2025","9.12","0","Not Placed"
"CB.SC.U4CSE21224","Charan Iyer","cb.sc.u4cse21224@cb.students.amrita.edu","CSE","C","2025","9.37","1","Placed"
"CB.SC.U4CSE21225","Nikhil Patel","cb.sc.u4cse21225@cb.students.amrita.edu","CSE","C","2025","9.43","1","Placed"
"CB.SC.U4CSE21226","Ananya Nair","cb.sc.u4cse21226@cb.students.amrita.edu","CSE","C","2025","7.61","2","Not Placed"
"CB.SC.U4CSE21227","Lakshmi Bose","cb.sc.u4cse21227@cb.students.amrita.edu","CSE","C","2025","8.72","0","Not Placed"
"CB.SC.U4CSE21228","Yash Iyer","cb.sc.u4cse21228@cb.students.amrita.edu","CSE","C","2025","8.34","0","Not Placed"
"CB.SC.U4CSE21229","Aishwarya Verma","cb.sc.u4cse21229@cb.students.amrita.edu","CSE","C","2025","6.66","0","Placed"
"CB.SC.U4CSE21230","Harish Das","cb.sc.u4cse21230@cb.students.amrita.edu","CSE","C","2025","6.39","1","Not Placed"
"CB.SC.U4CSE21231","Janani Menon","cb.sc.u4cse21231@cb.students.amrita.edu","CSE","C","2025","9.08","0","Placed"
"CB.SC.U4CSE21232","Akash Bose","cb.sc.u4cse21232@cb.students.amrita.edu","CSE","C","2025","8.06","2","Placed"
"CB.SC.U4CSE21233","Karthik Pillai","cb.sc.u4cse21233@cb.students.amrita.edu","CSE","C","2025","7.39","1","Not Placed"
"CB.SC.U4CSE21234","Keerthana Nair","cb.sc.u4cse21234@cb.students.amrita.edu","CSE","C","2025","9.08","0","Placed"
"CB.SC.U4CSE21235","Vikram Krishnan","cb.sc.u4cse21235@cb.students.amrita.edu","CSE","C","2025","8.62","0","Placed"
"CB.SC.U4CSE21236","Riya Raman","cb.sc.u4cse21236@cb.students.amrita.edu","CSE","C","2025","8.55","1","Not Placed"
"CB.SC.U4CSE21237","Yash Krishnan","cb.sc.u4cse21237@cb.students.amrita.edu","CSE","C","2025","8.35","2","Not Placed"
"CB.SC.U4CSE21238","Lakshmi Krishnan","cb.sc.u4cse21238@cb.students.amrita.edu","CSE","C","2025","9.55","1","Placed"
"CB.SC.U4CSE21239","Yash Iyer","cb.sc.u4cse21239@cb.students.amrita.edu","CSE","C","2025","7.27","0","Placed"
"CB.SC.U4CSE21240","Ishaan Patel","cb.sc.u4cse21240@cb.students.amrita.edu","CSE","C","2025","9.29","0","Not Placed"
"CB.SC.U4CSE21241","Meera Das","cb.sc.u4cse21241@cb.students.amrita.edu","CSE","C","2025","7.78","1","Not Placed"
"CB.SC.U4CSE21242","Karthik Reddy","cb.sc.u4cse21242@cb.students.amrita.edu","CSE","C","2025","6.87","1","Not Placed"
"CB.SC.U4CSE21243","Akash Nagarajan","cb.sc.u4cse21243@cb.students.amrita.edu","CSE","C","2025","9.51","0","Placed"
"CB.SC.U4CSE21244","Akash Pillai","cb.sc.u4cse21244@cb.students.amrita.edu","CSE","C","2025","6.72","2","Not Placed"
"CB.SC.U4CSE21245","Sanjay Pillai","cb.sc.u4cse21245@cb.students.amrita.edu","CSE","C","2025","8.39","2","Placed"
"CB.SC.U4CSE21246","Pooja Joshi","cb.sc.u4cse21246@cb.students.amrita.edu","CSE","C","2025","6.1","0","Not Placed"
"CB.SC.U4CSE21247","Ananya Menon","cb.sc.u4cse21247@cb.students.amrita.edu","CSE","C","2025","9.12","1","Not Placed"
"CB.SC.U4CSE21248","Varun Verma","cb.sc.u4cse21248@cb.students.amrita.edu","CSE","C","2025","6","1","Not Placed"
"CB.SC.U4CSE21249","Sneha Patel","cb.sc.u4cse21249@cb.students.amrita.edu","CSE","C","2025","7.41","2","Placed"
"CB.SC.U4CSE21250","Diya Kulkarni","cb.sc.u4cse21250@cb.students.amrita.edu","CSE","C","2025","8.13","2","Not Placed"
"CB.SC.U4CSE21251","Tanvi Raman","cb.sc.u4cse21251@cb.students.amrita.edu","CSE","C","2025","7.81","1","Not Placed"
"CB.SC.U4CSE21252","Akash Raman","cb.sc.u4cse21252@cb.students.amrita.edu","CSE","C","2025","9.19","1","Placed"
"CB.SC.U4CSE21253","Anirudh Reddy","cb.sc.u4cse21253@cb.students.amrita.edu","CSE","C","2025","9.67","2","Placed"
"CB.SC.U4CSE21254","Rahul Krishnan","cb.sc.u4cse21254@cb.students.amrita.edu","CSE","C","2025","9.61","1","Not Placed"
"CB.SC.U4CSE21255","Meera Menon","cb.sc.u4cse21255@cb.students.amrita.edu","CSE","C","2025","8.24","0","Placed"
"CB.SC.U4CSE21256","Akash Pillai","cb.sc.u4cse21256@cb.students.amrita.edu","CSE","C","2025","7.71","2","Placed"
"CB.SC.U4CSE21257","Janani Krishnan","cb.sc.u4cse21257@cb.students.amrita.edu","CSE","C","2025","7.68","2","Not Placed"
"CB.SC.U4CSE21258","Sanjay Raman","cb.sc.u4cse21258@cb.students.amrita.edu","CSE","C","2025","9.25","2","Placed"
"CB.SC.U4CSE21259","Janani Nair","cb.sc.u4cse21259@cb.students.amrita.edu","CSE","C","2025","8.39","1","Not Placed"
"CB.SC.U4CSE21260","Ishaan Reddy","cb.sc.u4cse21260@cb.students.amrita.edu","CSE","C","2025","7.5","0","Placed"
"CB.SC.U4CSE21301","Nikhil Iyer","cb.sc.u4cse21301@cb.students.amrita.edu","CSE","D","2025","8.51","2","Placed"
"CB.SC.U4CSE21302","Anirudh Nair","cb.sc.u4cse21302@cb.students.amrita.edu","CSE","D","2025","6.99","2","Placed"
"CB.SC.U4CSE21303","Meera Chatterjee","cb.sc.u4cse21303@cb.students.amrita.edu","CSE","D","2025","6.17","2","Placed"
"CB.SC.U4CSE21304","Karthik Iyer","cb.sc.u4cse21304@cb.students.amrita.edu","CSE","D","2025","6.77","1","Not Placed"
"CB.SC.U4CSE21305","Zara Bose","cb.sc.u4cse21305@cb.students.amrita.edu","CSE","D","2025","8.59","0","Not Placed"
"CB.SC.U4CSE21306","Aishwarya Joshi","cb.sc.u4cse21306@cb.students.amrita.edu","CSE","D","2025","6.52","2","Not Placed"
"CB.SC.U4CSE21307","Zara Patel","cb.sc.u4cse21307@cb.students.amrita.edu","CSE","D","2025","8.28","0","Placed"
"CB.SC.U4CSE21308","Arya Iyer","cb.sc.u4cse21308@cb.students.amrita.edu","CSE","D","2025","9.64","1","Placed"
"CB.SC.U4CSE21309","Varun Iyer","cb.sc.u4cse21309@cb.students.amrita.edu","CSE","D","2025","7.35","1","Placed"
"CB.SC.U4CSE21310","Akash Kapoor","cb.sc.u4cse21310@cb.students.amrita.edu","CSE","D","2025","9.2","0","Placed"
"CB.SC.U4CSE21311","Meera Iyer","cb.sc.u4cse21311@cb.students.amrita.edu","CSE","D","2025","6.94","1","Not Placed"
"CB.SC.U4CSE21312","Keerthana Das","cb.sc.u4cse21312@cb.students.amrita.edu","CSE","D","2025","7.1","0","Not Placed"
"CB.SC.U4CSE21313","Aishwarya Menon","cb.sc.u4cse21313@cb.students.amrita.edu","CSE","D","2025","9.55","0","Not Placed"
"CB.SC.U4CSE21314","Ananya Verma","cb.sc.u4cse21314@cb.students.amrita.edu","CSE","D","2025","7.08","2","Not Placed"
"CB.SC.U4CSE21315","Rahul Kapoor","cb.sc.u4cse21315@cb.students.amrita.edu","CSE","D","2025","6.63","1","Not Placed"
"CB.SC.U4CSE21316","Sanjay Kapoor","cb.sc.u4cse21316@cb.students.amrita.edu","CSE","D","2025","9.63","1","Not Placed"
"CB.SC.U4CSE21317","Sanjay Gupta","cb.sc.u4cse21317@cb.students.amrita.edu","CSE","D","2025","6.98","1","Placed"
"CB.SC.U4CSE21318","Bhavya Das","cb.sc.u4cse21318@cb.students.amrita.edu","CSE","D","2025","6.6","0","Not Placed"
"CB.SC.U4CSE21319","Anirudh Chatterjee","cb.sc.u4cse21319@cb.students.amrita.edu","CSE","D","2025","9.29","1","Placed"
"CB.SC.U4CSE21320","Aarav Chatterjee","cb.sc.u4cse21320@cb.students.amrita.edu","CSE","D","2025","8.22","2","Placed"
"CB.SC.U4CSE21321","Sanjay Pillai","cb.sc.u4cse21321@cb.students.amrita.edu","CSE","D","2025","6.71","0","Not Placed"
"CB.SC.U4CSE21322","Diya Verma","cb.sc.u4cse21322@cb.students.amrita.edu","CSE","D","2025","8.35","0","Not Placed"
"CB.SC.U4CSE21323","Bhavya Sharma","cb.sc.u4cse21323@cb.students.amrita.edu","CSE","D","2025","8.67","0","Placed"
"CB.SC.U4CSE21324","Karthik Menon","cb.sc.u4cse21324@cb.students.amrita.edu","CSE","D","2025","7.69","0","Placed"
"CB.SC.U4CSE21325","Vikram Sharma","cb.sc.u4cse21325@cb.students.amrita.edu","CSE","D","2025","7.3","0","Not Placed"
"CB.SC.U4CSE21326","Sanjay Shetty","cb.sc.u4cse21326@cb.students.amrita.edu","CSE","D","2025","7.12","0","Not Placed"
"CB.SC.U4CSE21327","Riya Joshi","cb.sc.u4cse21327@cb.students.amrita.edu","CSE","D","2025","8.45","0","Not Placed"
"CB.SC.U4CSE21328","Arya Nair","cb.sc.u4cse21328@cb.students.amrita.edu","CSE","D","2025","6.84","1","Placed"
"CB.SC.U4CSE21329","Akash Shetty","cb.sc.u4cse21329@cb.students.amrita.edu","CSE","D","2025","6.61","0","Not Placed"
"CB.SC.U4CSE21330","Diya Verma","cb.sc.u4cse21330@cb.students.amrita.edu","CSE","D","2025","7.35","0","Placed"
"CB.SC.U4CSE21331","Diya Iyer","cb.sc.u4cse21331@cb.students.amrita.edu","CSE","D","2025","8.92","0","Not Placed"
"CB.SC.U4CSE21332","Arya Sharma","cb.sc.u4cse21332@cb.students.amrita.edu","CSE","D","2025","9.31","2","Not Placed"
"CB.SC.U4CSE21333","Varun Kulkarni","cb.sc.u4cse21333@cb.students.amrita.edu","CSE","D","2025","6.58","2","Not Placed"
"CB.SC.U4CSE21334","Lakshmi Das","cb.sc.u4cse21334@cb.students.amrita.edu","CSE","D","2025","9.7","0","Not Placed"
"CB.SC.U4CSE21335","Akash Krishnan","cb.sc.u4cse21335@cb.students.amrita.edu","CSE","D","2025","6.12","2","Not Placed"
"CB.SC.U4CSE21336","Aditya Reddy","cb.sc.u4cse21336@cb.students.amrita.edu","CSE","D","2025","7.59","2","Not Placed"
"CB.SC.U4CSE21337","Harish Joshi","cb.sc.u4cse21337@cb.students.amrita.edu","CSE","D","2025","8.49","1","Placed"
"CB.SC.U4CSE21338","Vikram Kapoor","cb.sc.u4cse21338@cb.students.amrita.edu","CSE","D","2025","7.13","1","Placed"
"CB.SC.U4CSE21339","Aditya Kulkarni","cb.sc.u4cse21339@cb.students.amrita.edu","CSE","D","2025","7.1","0","Not Placed"
"CB.SC.U4CSE21340","Harish Chatterjee","cb.sc.u4cse21340@cb.students.amrita.edu","CSE","D","2025","6.7","0","Placed"
"CB.SC.U4CSE21341","Varun Verma","cb.sc.u4cse21341@cb.students.amrita.edu","CSE","D","2025","7.18","2","Not Placed"
"CB.SC.U4CSE21342","Yash Menon","cb.sc.u4cse21342@cb.students.amrita.edu","CSE","D","2025","8.2","2","Not Placed"
"CB.SC.U4CSE21343","Arya Krishnan","cb.sc.u4cse21343@cb.students.amrita.edu","CSE","D","2025","9.83","0","Not Placed"
"CB.SC.U4CSE21344","Riya Shetty","cb.sc.u4cse21344@cb.students.amrita.edu","CSE","D","2025","7.47","2","Placed"
"CB.SC.U4CSE21345","Lakshmi Iyer","cb.sc.u4cse21345@cb.students.amrita.edu","CSE","D","2025","8.38","0","Not Placed"
"CB.SC.U4CSE21346","Charan Verma","cb.sc.u4cse21346@cb.students.amrita.edu","CSE","D","2025","8.57","1","Not Placed"
"CB.SC.U4CSE21347","Harish Sharma","cb.sc.u4cse21347@cb.students.amrita.edu","CSE","D","2025","6.59","0","Placed"
"CB.SC.U4CSE21348","Pooja Sharma","cb.sc.u4cse21348@cb.students.amrita.edu","CSE","D","2025","6.32","2","Not Placed"
"CB.SC.U4CSE21349","Ananya Mishra","cb.sc.u4cse21349@cb.students.amrita.edu","CSE","D","2025","8.74","2","Placed"
"CB.SC.U4CSE21350","Arjun Mishra","cb.sc.u4cse21350@cb.students.amrita.edu","CSE","D","2025","8.06","0","Placed"
"CB.SC.U4CSE21351","Arya Nair","cb.sc.u4cse21351@cb.students.amrita.edu","CSE","D","2025","7.27","2","Placed"
"CB.SC.U4CSE21352","Zara Patel","cb.sc.u4cse21352@cb.students.amrita.edu","CSE","D","2025","6.72","0","Not Placed"
"CB.SC.U4CSE21353","Arjun Verma","cb.sc.u4cse21353@cb.students.amrita.edu","CSE","D","2025","6.87","0","Not Placed"
"CB.SC.U4CSE21354","Keerthana Mishra","cb.sc.u4cse21354@cb.students.amrita.edu","CSE","D","2025","8.85","2","Not Placed"
"CB.SC.U4CSE21355","Varun Chatterjee","cb.sc.u4cse21355@cb.students.amrita.edu","CSE","D","2025","6.21","0","Not Placed"
"CB.SC.U4CSE21356","Surya Sharma","cb.sc.u4cse21356@cb.students.amrita.edu","CSE","D","2025","7.98","0","Placed"
"CB.SC.U4CSE21357","Sanjay Das","cb.sc.u4cse21357@cb.students.amrita.edu","CSE","D","2025","6.6","1","Not Placed"
"CB.SC.U4CSE21358","Pooja Chatterjee","cb.sc.u4cse21358@cb.students.amrita.edu","CSE","D","2025","6.3","2","Placed"
"CB.SC.U4CSE21359","Aditya Sharma","cb.sc.u4cse21359@cb.students.amrita.edu","CSE","D","2025","7.71","0","Placed"
"CB.SC.U4CSE21360","Rahul Menon","cb.sc.u4cse21360@cb.students.amrita.edu","CSE","D","2025","8.68","0","Placed"
"CB.SC.U4CSE21401","Pooja Kapoor","cb.sc.u4cse21401@cb.students.amrita.edu","CSE","E","2025","7.08","1","Placed"
"CB.SC.U4CSE21402","Lakshmi Kapoor","cb.sc.u4cse21402@cb.students.amrita.edu","CSE","E","2025","6.3","2","Placed"
"CB.SC.U4CSE21403","Bhavya Mishra","cb.sc.u4cse21403@cb.students.amrita.edu","CSE","E","2025","9.35","2","Not Placed"
"CB.SC.U4CSE21404","Ananya Menon","cb.sc.u4cse21404@cb.students.amrita.edu","CSE","E","2025","7.12","0","Placed"
"CB.SC.U4CSE21405","Sanjay Patel","cb.sc.u4cse21405@cb.students.amrita.edu","CSE","E","2025","7.99","1","Not Placed"
"CB.SC.U4CSE21406","Akash Joshi","cb.sc.u4cse21406@cb.students.amrita.edu","CSE","E","2025","8.01","2","Placed"
"CB.SC.U4CSE21407","Ananya Verma","cb.sc.u4cse21407@cb.students.amrita.edu","CSE","E","2025","8.7","0","Placed"
"CB.SC.U4CSE21408","Meera Menon","cb.sc.u4cse21408@cb.students.amrita.edu","CSE","E","2025","8.36","0","Placed"
"CB.SC.U4CSE21409","Sneha Kapoor","cb.sc.u4cse21409@cb.students.amrita.edu","CSE","E","2025","6.32","0","Not Placed"
"CB.SC.U4CSE21410","Arjun Iyer","cb.sc.u4cse21410@cb.students.amrita.edu","CSE","E","2025","8.16","2","Placed"
"CB.SC.U4CSE21411","Meera Krishnan","cb.sc.u4cse21411@cb.students.amrita.edu","CSE","E","2025","7.07","0","Placed"
"CB.SC.U4CSE21412","Ishaan Verma","cb.sc.u4cse21412@cb.students.amrita.edu","CSE","E","2025","8.02","1","Placed"
"CB.SC.U4CSE21413","Keerthana Krishnan","cb.sc.u4cse21413@cb.students.amrita.edu","CSE","E","2025","7.46","2","Placed"
"CB.SC.U4CSE21414","Vikram Krishnan","cb.sc.u4cse21414@cb.students.amrita.edu","CSE","E","2025","9.27","0","Not Placed"
"CB.SC.U4CSE21415","Ishaan Verma","cb.sc.u4cse21415@cb.students.amrita.edu","CSE","E","2025","9.2","2","Placed"
"CB.SC.U4CSE21416","Pooja Sharma","cb.sc.u4cse21416@cb.students.amrita.edu","CSE","E","2025","8.46","0","Not Placed"
"CB.SC.U4CSE21417","Aishwarya Chatterjee","cb.sc.u4cse21417@cb.students.amrita.edu","CSE","E","2025","8.76","0","Not Placed"
"CB.SC.U4CSE21418","Tanvi Menon","cb.sc.u4cse21418@cb.students.amrita.edu","CSE","E","2025","8.87","0","Placed"
"CB.SC.U4CSE21419","Tanvi Verma","cb.sc.u4cse21419@cb.students.amrita.edu","CSE","E","2025","8.64","0","Placed"
"CB.SC.U4CSE21420","Aditya Joshi","cb.sc.u4cse21420@cb.students.amrita.edu","CSE","E","2025","8.03","0","Placed"
"CB.SC.U4CSE21421","Akash Reddy","cb.sc.u4cse21421@cb.students.amrita.edu","CSE","E","2025","8.55","0","Placed"
"CB.SC.U4CSE21422","Lakshmi Krishnan","cb.sc.u4cse21422@cb.students.amrita.edu","CSE","E","2025","7.99","0","Not Placed"
"CB.SC.U4CSE21423","Janani Kulkarni","cb.sc.u4cse21423@cb.students.amrita.edu","CSE","E","2025","6.92","0","Placed"
"CB.SC.U4CSE21424","Harish Kapoor","cb.sc.u4cse21424@cb.students.amrita.edu","CSE","E","2025","9.63","2","Placed"
"CB.SC.U4CSE21425","Charan Das","cb.sc.u4cse21425@cb.students.amrita.edu","CSE","E","2025","7.49","2","Not Placed"
"CB.SC.U4CSE21426","Harish Verma","cb.sc.u4cse21426@cb.students.amrita.edu","CSE","E","2025","7.43","2","Not Placed"
"CB.SC.U4CSE21427","Charan Menon","cb.sc.u4cse21427@cb.students.amrita.edu","CSE","E","2025","6.57","1","Placed"
"CB.SC.U4CSE21428","Rahul Das","cb.sc.u4cse21428@cb.students.amrita.edu","CSE","E","2025","6.45","1","Placed"
"CB.SC.U4CSE21429","Ishaan Patel","cb.sc.u4cse21429@cb.students.amrita.edu","CSE","E","2025","8.99","1","Not Placed"
"CB.SC.U4CSE21430","Aditya Sharma","cb.sc.u4cse21430@cb.students.amrita.edu","CSE","E","2025","8.5","2","Placed"
"CB.SC.U4CSE21431","Arya Kulkarni","cb.sc.u4cse21431@cb.students.amrita.edu","CSE","E","2025","9.05","2","Placed"
"CB.SC.U4CSE21432","Janani Raman","cb.sc.u4cse21432@cb.students.amrita.edu","CSE","E","2025","7.99","1","Not Placed"
"CB.SC.U4CSE21433","Anirudh Iyer","cb.sc.u4cse21433@cb.students.amrita.edu","CSE","E","2025","6.3","2","Not Placed"
"CB.SC.U4CSE21434","Arya Krishnan","cb.sc.u4cse21434@cb.students.amrita.edu","CSE","E","2025","7.74","2","Placed"
"CB.SC.U4CSE21435","Arya Joshi","cb.sc.u4cse21435@cb.students.amrita.edu","CSE","E","2025","6.72","0","Placed"
"CB.SC.U4CSE21436","Arjun Nair","cb.sc.u4cse21436@cb.students.amrita.edu","CSE","E","2025","7.97","2","Not Placed"
"CB.SC.U4CSE21437","Tanvi Krishnan","cb.sc.u4cse21437@cb.students.amrita.edu","CSE","E","2025","9.38","2","Not Placed"
"CB.SC.U4CSE21438","Riya Menon","cb.sc.u4cse21438@cb.students.amrita.edu","CSE","E","2025","7.43","0","Not Placed"
"CB.SC.U4CSE21439","Zara Reddy","cb.sc.u4cse21439@cb.students.amrita.edu","CSE","E","2025","9.54","2","Placed"
"CB.SC.U4CSE21440","Sneha Shetty","cb.sc.u4cse21440@cb.students.amrita.edu","CSE","E","2025","8.43","0","Placed"
"CB.SC.U4CSE21441","Sneha Kapoor","cb.sc.u4cse21441@cb.students.amrita.edu","CSE","E","2025","7.7","1","Not Placed"
"CB.SC.U4CSE21442","Zara Kapoor","cb.sc.u4cse21442@cb.students.amrita.edu","CSE","E","2025","6.41","1","Not Placed"
"CB.SC.U4CSE21443","Ishaan Iyer","cb.sc.u4cse21443@cb.students.amrita.edu","CSE","E","2025","8.49","1","Not Placed"
"CB.SC.U4CSE21444","Surya Shetty","cb.sc.u4cse21444@cb.students.amrita.edu","CSE","E","2025","9.85","2","Placed"
"CB.SC.U4CSE21445","Ananya Reddy","cb.sc.u4cse21445@cb.students.amrita.edu","CSE","E","2025","6.2","1","Not Placed"
"CB.SC.U4CSE21446","Vikram Iyer","cb.sc.u4cse21446@cb.students.amrita.edu","CSE","E","2025","8.23","1","Placed"
"CB.SC.U4CSE21447","Harish Pillai","cb.sc.u4cse21447@cb.students.amrita.edu","CSE","E","2025","6.18","2","Placed"
"CB.SC.U4CSE21448","Bhavya Patel","cb.sc.u4cse21448@cb.students.amrita.edu","CSE","E","2025","6.49","0","Not Placed"
"CB.SC.U4CSE21449","Lakshmi Patel","cb.sc.u4cse21449@cb.students.amrita.edu","CSE","E","2025","8.68","2","Not Placed"
"CB.SC.U4CSE21450","Varun Sharma","cb.sc.u4cse21450@cb.students.amrita.edu","CSE","E","2025","8.69","2","Placed"
"CB.SC.U4CSE21451","Arjun Patel","cb.sc.u4cse21451@cb.students.amrita.edu","CSE","E","2025","6.39","2","Placed"
"CB.SC.U4CSE21452","Vikram Krishnan","cb.sc.u4cse21452@cb.students.amrita.edu","CSE","E","2025","9.41","2","Placed"
"CB.SC.U4CSE21453","Tanvi Patel","cb.sc.u4cse21453@cb.students.amrita.edu","CSE","E","2025","6.04","2","Not Placed"
"CB.SC.U4CSE21454","Zara Raman","cb.sc.u4cse21454@cb.students.amrita.edu","CSE","E","2025","7.62","2","Not Placed"
"CB.SC.U4CSE21455","Zara Kulkarni","cb.sc.u4cse21455@cb.students.amrita.edu","CSE","E","2025","7.85","1","Placed"
"CB.SC.U4CSE21456","Surya Nagarajan","cb.sc.u4cse21456@cb.students.amrita.edu","CSE","E","2025","9.2","1","Placed"
"CB.SC.U4CSE21457","Sanjay Nair","cb.sc.u4cse21457@cb.students.amrita.edu","CSE","E","2025","8.26","2","Placed"
"CB.SC.U4CSE21458","Keerthana Bose","cb.sc.u4cse21458@cb.students.amrita.edu","CSE","E","2025","7.07","0","Placed"
"CB.SC.U4CSE21459","Yash Nagarajan","cb.sc.u4cse21459@cb.students.amrita.edu","CSE","E","2025","9.64","1","Placed"
"CB.SC.U4CSE21460","Diya Chatterjee","cb.sc.u4cse21460@cb.students.amrita.edu","CSE","E","2025","8.78","1","Not Placed"
"CB.SC.U4AI21001","Ishaan Bose","cb.sc.u4ai21001@cb.students.amrita.edu","AI","A","2025","9.73","0","Placed"
"CB.SC.U4AI21002","Bhavya Chatterjee","cb.sc.u4ai21002@cb.students.amrita.edu","AI","A","2025","7","1","Placed"
"CB.SC.U4AI21003","Diya Shetty","cb.sc.u4ai21003@cb.students.amrita.edu","AI","A","2025","6.9","1","Placed"
"CB.SC.U4AI21004","Charan Joshi","cb.sc.u4ai21004@cb.students.amrita.edu","AI","A","2025","8.93","2","Not Placed"
"CB.SC.U4AI21005","Meera Kulkarni","cb.sc.u4ai21005@cb.students.amrita.edu","AI","A","2025","7.79","2","Not Placed"
"CB.SC.U4AI21006","Harish Patel","cb.sc.u4ai21006@cb.students.amrita.edu","AI","A","2025","6.75","1","Not Placed"
"CB.SC.U4AI21007","Harish Raman","cb.sc.u4ai21007@cb.students.amrita.edu","AI","A","2025","7.56","2","Not Placed"
"CB.SC.U4AI21008","Ishaan Chatterjee","cb.sc.u4ai21008@cb.students.amrita.edu","AI","A","2025","9.15","2","Placed"
"CB.SC.U4AI21009","Harish Patel","cb.sc.u4ai21009@cb.students.amrita.edu","AI","A","2025","6.23","0","Placed"
"CB.SC.U4AI21010","Ananya Verma","cb.sc.u4ai21010@cb.students.amrita.edu","AI","A","2025","7.63","2","Placed"
"CB.SC.U4AI21011","Riya Joshi","cb.sc.u4ai21011@cb.students.amrita.edu","AI","A","2025","7.94","0","Placed"
"CB.SC.U4AI21012","Aarav Shetty","cb.sc.u4ai21012@cb.students.amrita.edu","AI","A","2025","9.58","1","Placed"
"CB.SC.U4AI21013","Lakshmi Shetty","cb.sc.u4ai21013@cb.students.amrita.edu","AI","A","2025","6.78","2","Placed"
"CB.SC.U4AI21014","Keerthana Joshi","cb.sc.u4ai21014@cb.students.amrita.edu","AI","A","2025","6.3","2","Placed"
"CB.SC.U4AI21015","Vikram Sharma","cb.sc.u4ai21015@cb.students.amrita.edu","AI","A","2025","9.62","0","Placed"
"CB.SC.U4AI21016","Janani Nair","cb.sc.u4ai21016@cb.students.amrita.edu","AI","A","2025","6.22","1","Not Placed"
"CB.SC.U4AI21017","Nikhil Kulkarni","cb.sc.u4ai21017@cb.students.amrita.edu","AI","A","2025","7.67","0","Placed"
"CB.SC.U4AI21018","Lakshmi Nagarajan","cb.sc.u4ai21018@cb.students.amrita.edu","AI","A","2025","8.74","0","Not Placed"
"CB.SC.U4AI21019","Arya Kulkarni","cb.sc.u4ai21019@cb.students.amrita.edu","AI","A","2025","6.49","1","Not Placed"
"CB.SC.U4AI21020","Bhavya Patel","cb.sc.u4ai21020@cb.students.amrita.edu","AI","A","2025","6.46","2","Not Placed"
"CB.SC.U4AI21021","Yash Kulkarni","cb.sc.u4ai21021@cb.students.amrita.edu","AI","A","2025","6.33","0","Not Placed"
"CB.SC.U4AI21022","Ananya Kulkarni","cb.sc.u4ai21022@cb.students.amrita.edu","AI","A","2025","8.91","0","Not Placed"
"CB.SC.U4AI21023","Akash Raman","cb.sc.u4ai21023@cb.students.amrita.edu","AI","A","2025","6.26","0","Not Placed"
"CB.SC.U4AI21024","Karthik Shetty","cb.sc.u4ai21024@cb.students.amrita.edu","AI","A","2025","9.18","2","Placed"
"CB.SC.U4AI21025","Keerthana Krishnan","cb.sc.u4ai21025@cb.students.amrita.edu","AI","A","2025","8.38","0","Not Placed"
"CB.SC.U4AI21026","Pooja Verma","cb.sc.u4ai21026@cb.students.amrita.edu","AI","A","2025","9.35","2","Not Placed"
"CB.SC.U4AI21027","Harish Krishnan","cb.sc.u4ai21027@cb.students.amrita.edu","AI","A","2025","7.15","2","Not Placed"
"CB.SC.U4AI21028","Karthik Pillai","cb.sc.u4ai21028@cb.students.amrita.edu","AI","A","2025","6.94","2","Not Placed"
"CB.SC.U4AI21029","Sneha Menon","cb.sc.u4ai21029@cb.students.amrita.edu","AI","A","2025","8.88","2","Not Placed"
"CB.SC.U4AI21030","Lakshmi Nair","cb.sc.u4ai21030@cb.students.amrita.edu","AI","A","2025","7.9","0","Placed"
"CB.SC.U4AI21031","Keerthana Patel","cb.sc.u4ai21031@cb.students.amrita.edu","AI","A","2025","8.28","1","Not Placed"
"CB.SC.U4AI21032","Harish Patel","cb.sc.u4ai21032@cb.students.amrita.edu","AI","A","2025","7.27","1","Not Placed"
"CB.SC.U4AI21033","Tanvi Joshi","cb.sc.u4ai21033@cb.students.amrita.edu","AI","A","2025","7.41","2","Not Placed"
"CB.SC.U4AI21034","Aishwarya Mishra","cb.sc.u4ai21034@cb.students.amrita.edu","AI","A","2025","8.64","1","Placed"
"CB.SC.U4AI21035","Arjun Verma","cb.sc.u4ai21035@cb.students.amrita.edu","AI","A","2025","9.89","2","Placed"
"CB.SC.U4AI21036","Vikram Shetty","cb.sc.u4ai21036@cb.students.amrita.edu","AI","A","2025","9.54","0","Placed"
"CB.SC.U4AI21037","Aishwarya Verma","cb.sc.u4ai21037@cb.students.amrita.edu","AI","A","2025","6.8","2","Placed"
"CB.SC.U4AI21038","Charan Nagarajan","cb.sc.u4ai21038@cb.students.amrita.edu","AI","A","2025","7.35","1","Not Placed"
"CB.SC.U4AI21039","Yash Das","cb.sc.u4ai21039@cb.students.amrita.edu","AI","A","2025","8.71","1","Not Placed"
"CB.SC.U4AI21040","Sneha Das","cb.sc.u4ai21040@cb.students.amrita.edu","AI","A","2025","6.33","0","Not Placed"
"CB.SC.U4AI21041","Surya Patel","cb.sc.u4ai21041@cb.students.amrita.edu","AI","A","2025","9.82","2","Placed"
"CB.SC.U4AI21042","Keerthana Nair","cb.sc.u4ai21042@cb.students.amrita.edu","AI","A","2025","9.89","0","Placed"
"CB.SC.U4AI21043","Charan Gupta","cb.sc.u4ai21043@cb.students.amrita.edu","AI","A","2025","7.87","0","Placed"
"CB.SC.U4AI21044","Nikhil Kulkarni","cb.sc.u4ai21044@cb.students.amrita.edu","AI","A","2025","6.25","2","Not Placed"
"CB.SC.U4AI21045","Karthik Pillai","cb.sc.u4ai21045@cb.students.amrita.edu","AI","A","2025","9.36","2","Placed"
"CB.SC.U4AI21046","Ishaan Raman","cb.sc.u4ai21046@cb.students.amrita.edu","AI","A","2025","9.43","0","Not Placed"
"CB.SC.U4AI21047","Sanjay Chatterjee","cb.sc.u4ai21047@cb.students.amrita.edu","AI","A","2025","8.21","2","Placed"
"CB.SC.U4AI21048","Bhavya Shetty","cb.sc.u4ai21048@cb.students.amrita.edu","AI","A","2025","6.68","2","Placed"
"CB.SC.U4AI21049","Arya Sharma","cb.sc.u4ai21049@cb.students.amrita.edu","AI","A","2025","9.62","2","Not Placed"
"CB.SC.U4AI21050","Sanjay Mishra","cb.sc.u4ai21050@cb.students.amrita.edu","AI","A","2025","8.27","1","Placed"
"CB.SC.U4AI21051","Charan Menon","cb.sc.u4ai21051@cb.students.amrita.edu","AI","A","2025","7.68","0","Placed"
"CB.SC.U4AI21052","Vikram Gupta","cb.sc.u4ai21052@cb.students.amrita.edu","AI","A","2025","7.37","2","Not Placed"
"CB.SC.U4AI21053","Aarav Bose","cb.sc.u4ai21053@cb.students.amrita.edu","AI","A","2025","8.74","0","Not Placed"
"CB.SC.U4AI21054","Varun Raman","cb.sc.u4ai21054@cb.students.amrita.edu","AI","A","2025","7.08","1","Placed"
"CB.SC.U4AI21055","Lakshmi Shetty","cb.sc.u4ai21055@cb.students.amrita.edu","AI","A","2025","8.4","0","Not Placed"
"CB.SC.U4AI21056","Varun Bose","cb.sc.u4ai21056@cb.students.amrita.edu","AI","A","2025","6.88","0","Not Placed"
"CB.SC.U4AI21057","Aishwarya Sharma","cb.sc.u4ai21057@cb.students.amrita.edu","AI","A","2025","8.4","2","Not Placed"
"CB.SC.U4AI21058","Keerthana Shetty","cb.sc.u4ai21058@cb.students.amrita.edu","AI","A","2025","7","2","Not Placed"
"CB.SC.U4AI21059","Sneha Mishra","cb.sc.u4ai21059@cb.students.amrita.edu","AI","A","2025","6.23","2","Not Placed"
"CB.SC.U4AI21060","Pooja Nair","cb.sc.u4ai21060@cb.students.amrita.edu","AI","A","2025","8.89","0","Placed"
"CB.SC.U4AI21101","Akash Kulkarni","cb.sc.u4ai21101@cb.students.amrita.edu","AI","B","2025","9.13","1","Placed"
"CB.SC.U4AI21102","Pooja Gupta","cb.sc.u4ai21102@cb.students.amrita.edu","AI","B","2025","7.28","0","Placed"
"CB.SC.U4AI21103","Aditya Joshi","cb.sc.u4ai21103@cb.students.amrita.edu","AI","B","2025","7.5","0","Not Placed"
"CB.SC.U4AI21104","Diya Gupta","cb.sc.u4ai21104@cb.students.amrita.edu","AI","B","2025","7.46","1","Placed"
"CB.SC.U4AI21105","Surya Gupta","cb.sc.u4ai21105@cb.students.amrita.edu","AI","B","2025","9.23","1","Not Placed"
"CB.SC.U4AI21106","Ananya Pillai","cb.sc.u4ai21106@cb.students.amrita.edu","AI","B","2025","8.94","0","Not Placed"
"CB.SC.U4AI21107","Arya Nagarajan","cb.sc.u4ai21107@cb.students.amrita.edu","AI","B","2025","8.54","0","Not Placed"
"CB.SC.U4AI21108","Sneha Verma","cb.sc.u4ai21108@cb.students.amrita.edu","AI","B","2025","8.02","1","Not Placed"
"CB.SC.U4AI21109","Pooja Sharma","cb.sc.u4ai21109@cb.students.amrita.edu","AI","B","2025","7.32","0","Not Placed"
"CB.SC.U4AI21110","Harish Kulkarni","cb.sc.u4ai21110@cb.students.amrita.edu","AI","B","2025","8.01","2","Not Placed"
"CB.SC.U4AI21111","Bhavya Nagarajan","cb.sc.u4ai21111@cb.students.amrita.edu","AI","B","2025","7.94","1","Not Placed"
"CB.SC.U4AI21112","Ananya Shetty","cb.sc.u4ai21112@cb.students.amrita.edu","AI","B","2025","7.36","2","Placed"
"CB.SC.U4AI21113","Anirudh Mishra","cb.sc.u4ai21113@cb.students.amrita.edu","AI","B","2025","9.64","1","Placed"
"CB.SC.U4AI21114","Keerthana Kulkarni","cb.sc.u4ai21114@cb.students.amrita.edu","AI","B","2025","9.52","2","Placed"
"CB.SC.U4AI21115","Sneha Nagarajan","cb.sc.u4ai21115@cb.students.amrita.edu","AI","B","2025","6.64","0","Not Placed"
"CB.SC.U4AI21116","Charan Krishnan","cb.sc.u4ai21116@cb.students.amrita.edu","AI","B","2025","6.79","1","Placed"
"CB.SC.U4AI21117","Ananya Menon","cb.sc.u4ai21117@cb.students.amrita.edu","AI","B","2025","8.32","1","Not Placed"
"CB.SC.U4AI21118","Sanjay Reddy","cb.sc.u4ai21118@cb.students.amrita.edu","AI","B","2025","8.33","1","Placed"
"CB.SC.U4AI21119","Pooja Patel","cb.sc.u4ai21119@cb.students.amrita.edu","AI","B","2025","7.21","1","Not Placed"
"CB.SC.U4AI21120","Vikram Krishnan","cb.sc.u4ai21120@cb.students.amrita.edu","AI","B","2025","6.36","1","Not Placed"
"CB.SC.U4AI21121","Anirudh Sharma","cb.sc.u4ai21121@cb.students.amrita.edu","AI","B","2025","7.02","0","Placed"
"CB.SC.U4AI21122","Harish Reddy","cb.sc.u4ai21122@cb.students.amrita.edu","AI","B","2025","8.16","1","Not Placed"
"CB.SC.U4AI21123","Bhavya Reddy","cb.sc.u4ai21123@cb.students.amrita.edu","AI","B","2025","9.24","2","Not Placed"
"CB.SC.U4AI21124","Aishwarya Kapoor","cb.sc.u4ai21124@cb.students.amrita.edu","AI","B","2025","8.95","1","Placed"
"CB.SC.U4AI21125","Tanvi Reddy","cb.sc.u4ai21125@cb.students.amrita.edu","AI","B","2025","6.99","1","Placed"
"CB.SC.U4AI21126","Meera Sharma","cb.sc.u4ai21126@cb.students.amrita.edu","AI","B","2025","9.36","2","Not Placed"
"CB.SC.U4AI21127","Aarav Chatterjee","cb.sc.u4ai21127@cb.students.amrita.edu","AI","B","2025","8.74","2","Placed"
"CB.SC.U4AI21128","Akash Kapoor","cb.sc.u4ai21128@cb.students.amrita.edu","AI","B","2025","9.53","0","Placed"
"CB.SC.U4AI21129","Harish Kulkarni","cb.sc.u4ai21129@cb.students.amrita.edu","AI","B","2025","8.43","0","Placed"
"CB.SC.U4AI21130","Zara Patel","cb.sc.u4ai21130@cb.students.amrita.edu","AI","B","2025","8.91","0","Placed"
"CB.SC.U4AI21131","Lakshmi Chatterjee","cb.sc.u4ai21131@cb.students.amrita.edu","AI","B","2025","6.4","1","Not Placed"
"CB.SC.U4AI21132","Anirudh Sharma","cb.sc.u4ai21132@cb.students.amrita.edu","AI","B","2025","8.3","1","Placed"
"CB.SC.U4AI21133","Arya Patel","cb.sc.u4ai21133@cb.students.amrita.edu","AI","B","2025","7.69","2","Placed"
"CB.SC.U4AI21134","Ananya Joshi","cb.sc.u4ai21134@cb.students.amrita.edu","AI","B","2025","6.85","1","Placed"
"CB.SC.U4AI21135","Anirudh Shetty","cb.sc.u4ai21135@cb.students.amrita.edu","AI","B","2025","9.58","2","Not Placed"
"CB.SC.U4AI21136","Riya Chatterjee","cb.sc.u4ai21136@cb.students.amrita.edu","AI","B","2025","9.16","0","Placed"
"CB.SC.U4AI21137","Janani Nagarajan","cb.sc.u4ai21137@cb.students.amrita.edu","AI","B","2025","8.91","2","Not Placed"
"CB.SC.U4AI21138","Charan Patel","cb.sc.u4ai21138@cb.students.amrita.edu","AI","B","2025","7.14","2","Placed"
"CB.SC.U4AI21139","Varun Nair","cb.sc.u4ai21139@cb.students.amrita.edu","AI","B","2025","7.79","2","Not Placed"
"CB.SC.U4AI21140","Aarav Bose","cb.sc.u4ai21140@cb.students.amrita.edu","AI","B","2025","8.5","0","Not Placed"
"CB.SC.U4AI21141","Akash Chatterjee","cb.sc.u4ai21141@cb.students.amrita.edu","AI","B","2025","7.34","1","Placed"
"CB.SC.U4AI21142","Ishaan Gupta","cb.sc.u4ai21142@cb.students.amrita.edu","AI","B","2025","8.92","0","Not Placed"
"CB.SC.U4AI21143","Vikram Krishnan","cb.sc.u4ai21143@cb.students.amrita.edu","AI","B","2025","9.12","1","Not Placed"
"CB.SC.U4AI21144","Akash Chatterjee","cb.sc.u4ai21144@cb.students.amrita.edu","AI","B","2025","7.86","1","Not Placed"
"CB.SC.U4AI21145","Nikhil Chatterjee","cb.sc.u4ai21145@cb.students.amrita.edu","AI","B","2025","7.7","0","Placed"
"CB.SC.U4AI21146","Rahul Reddy","cb.sc.u4ai21146@cb.students.amrita.edu","AI","B","2025","6.98","0","Not Placed"
"CB.SC.U4AI21147","Janani Chatterjee","cb.sc.u4ai21147@cb.students.amrita.edu","AI","B","2025","8.92","1","Placed"
"CB.SC.U4AI21148","Janani Verma","cb.sc.u4ai21148@cb.students.amrita.edu","AI","B","2025","9.56","0","Not Placed"
"CB.SC.U4AI21149","Aarav Shetty","cb.sc.u4ai21149@cb.students.amrita.edu","AI","B","2025","8.6","2","Placed"
"CB.SC.U4AI21150","Lakshmi Chatterjee","cb.sc.u4ai21150@cb.students.amrita.edu","AI","B","2025","9.4","1","Placed"
"CB.SC.U4AI21151","Lakshmi Iyer","cb.sc.u4ai21151@cb.students.amrita.edu","AI","B","2025","8.73","2","Placed"
"CB.SC.U4AI21152","Bhavya Reddy","cb.sc.u4ai21152@cb.students.amrita.edu","AI","B","2025","9.47","0","Not Placed"
"CB.SC.U4AI21153","Diya Raman","cb.sc.u4ai21153@cb.students.amrita.edu","AI","B","2025","9.51","0","Not Placed"
"CB.SC.U4AI21154","Riya Gupta","cb.sc.u4ai21154@cb.students.amrita.edu","AI","B","2025","6.87","0","Placed"
"CB.SC.U4AI21155","Aditya Mishra","cb.sc.u4ai21155@cb.students.amrita.edu","AI","B","2025","8.17","0","Not Placed"
"CB.SC.U4AI21156","Yash Patel","cb.sc.u4ai21156@cb.students.amrita.edu","AI","B","2025","6.18","2","Placed"
"CB.SC.U4AI21157","Vikram Krishnan","cb.sc.u4ai21157@cb.students.amrita.edu","AI","B","2025","7.05","0","Placed"
"CB.SC.U4AI21158","Janani Nagarajan","cb.sc.u4ai21158@cb.students.amrita.edu","AI","B","2025","8.13","1","Not Placed"
"CB.SC.U4AI21159","Arjun Verma","cb.sc.u4ai21159@cb.students.amrita.edu","AI","B","2025","6.89","1","Placed"
"CB.SC.U4AI21160","Yash Pillai","cb.sc.u4ai21160@cb.students.amrita.edu","AI","B","2025","7.21","0","Not Placed"
"CB.SC.U4AI21201","Janani Gupta","cb.sc.u4ai21201@cb.students.amrita.edu","AI","C","2025","8.68","2","Not Placed"
"CB.SC.U4AI21202","Rahul Patel","cb.sc.u4ai21202@cb.students.amrita.edu","AI","C","2025","6.04","1","Not Placed"
"CB.SC.U4AI21203","Karthik Nagarajan","cb.sc.u4ai21203@cb.students.amrita.edu","AI","C","2025","9.31","2","Placed"
"CB.SC.U4AI21204","Keerthana Reddy","cb.sc.u4ai21204@cb.students.amrita.edu","AI","C","2025","9.44","0","Not Placed"
"CB.SC.U4AI21205","Vikram Bose","cb.sc.u4ai21205@cb.students.amrita.edu","AI","C","2025","7.33","0","Placed"
"CB.SC.U4AI21206","Keerthana Shetty","cb.sc.u4ai21206@cb.students.amrita.edu","AI","C","2025","7.22","0","Not Placed"
"CB.SC.U4AI21207","Vikram Bose","cb.sc.u4ai21207@cb.students.amrita.edu","AI","C","2025","7.52","2","Not Placed"
"CB.SC.U4AI21208","Aditya Verma","cb.sc.u4ai21208@cb.students.amrita.edu","AI","C","2025","8.61","2","Not Placed"
"CB.SC.U4AI21209","Rahul Patel","cb.sc.u4ai21209@cb.students.amrita.edu","AI","C","2025","6.59","0","Not Placed"
"CB.SC.U4AI21210","Sneha Kulkarni","cb.sc.u4ai21210@cb.students.amrita.edu","AI","C","2025","8.51","2","Placed"
"CB.SC.U4AI21211","Yash Verma","cb.sc.u4ai21211@cb.students.amrita.edu","AI","C","2025","9.47","1","Not Placed"
"CB.SC.U4AI21212","Arya Patel","cb.sc.u4ai21212@cb.students.amrita.edu","AI","C","2025","9.66","0","Not Placed"
"CB.SC.U4AI21213","Harish Gupta","cb.sc.u4ai21213@cb.students.amrita.edu","AI","C","2025","9.19","1","Placed"
"CB.SC.U4AI21214","Sanjay Verma","cb.sc.u4ai21214@cb.students.amrita.edu","AI","C","2025","7.75","0","Not Placed"
"CB.SC.U4AI21215","Nikhil Pillai","cb.sc.u4ai21215@cb.students.amrita.edu","AI","C","2025","8.82","0","Placed"
"CB.SC.U4AI21216","Keerthana Das","cb.sc.u4ai21216@cb.students.amrita.edu","AI","C","2025","8.69","1","Placed"
"CB.SC.U4AI21217","Anirudh Verma","cb.sc.u4ai21217@cb.students.amrita.edu","AI","C","2025","6.32","0","Not Placed"
"CB.SC.U4AI21218","Meera Pillai","cb.sc.u4ai21218@cb.students.amrita.edu","AI","C","2025","9.12","0","Not Placed"
"CB.SC.U4AI21219","Yash Krishnan","cb.sc.u4ai21219@cb.students.amrita.edu","AI","C","2025","6.6","2","Placed"
"CB.SC.U4AI21220","Diya Patel","cb.sc.u4ai21220@cb.students.amrita.edu","AI","C","2025","9.58","0","Not Placed"
"CB.SC.U4AI21221","Sanjay Kapoor","cb.sc.u4ai21221@cb.students.amrita.edu","AI","C","2025","9.14","1","Placed"
"CB.SC.U4AI21222","Sanjay Pillai","cb.sc.u4ai21222@cb.students.amrita.edu","AI","C","2025","6.74","1","Placed"
"CB.SC.U4AI21223","Pooja Verma","cb.sc.u4ai21223@cb.students.amrita.edu","AI","C","2025","8","2","Placed"
"CB.SC.U4AI21224","Karthik Raman","cb.sc.u4ai21224@cb.students.amrita.edu","AI","C","2025","7.48","2","Not Placed"
"CB.SC.U4AI21225","Akash Patel","cb.sc.u4ai21225@cb.students.amrita.edu","AI","C","2025","7.13","0","Placed"
"CB.SC.U4AI21226","Lakshmi Patel","cb.sc.u4ai21226@cb.students.amrita.edu","AI","C","2025","8.21","1","Not Placed"
"CB.SC.U4AI21227","Lakshmi Joshi","cb.sc.u4ai21227@cb.students.amrita.edu","AI","C","2025","6.21","1","Placed"
"CB.SC.U4AI21228","Aditya Menon","cb.sc.u4ai21228@cb.students.amrita.edu","AI","C","2025","8.85","2","Placed"
"CB.SC.U4AI21229","Rahul Chatterjee","cb.sc.u4ai21229@cb.students.amrita.edu","AI","C","2025","8.6","0","Not Placed"
"CB.SC.U4AI21230","Tanvi Mishra","cb.sc.u4ai21230@cb.students.amrita.edu","AI","C","2025","9.43","0","Placed"
"CB.SC.U4AI21231","Akash Kulkarni","cb.sc.u4ai21231@cb.students.amrita.edu","AI","C","2025","6.46","2","Placed"
"CB.SC.U4AI21232","Riya Kulkarni","cb.sc.u4ai21232@cb.students.amrita.edu","AI","C","2025","9.87","1","Placed"
"CB.SC.U4AI21233","Pooja Bose","cb.sc.u4ai21233@cb.students.amrita.edu","AI","C","2025","9.05","0","Not Placed"
"CB.SC.U4AI21234","Surya Raman","cb.sc.u4ai21234@cb.students.amrita.edu","AI","C","2025","7.49","0","Not Placed"
"CB.SC.U4AI21235","Charan Bose","cb.sc.u4ai21235@cb.students.amrita.edu","AI","C","2025","8.33","2","Not Placed"
"CB.SC.U4AI21236","Keerthana Raman","cb.sc.u4ai21236@cb.students.amrita.edu","AI","C","2025","8.08","1","Not Placed"
"CB.SC.U4AI21237","Keerthana Bose","cb.sc.u4ai21237@cb.students.amrita.edu","AI","C","2025","6.5","0","Placed"
"CB.SC.U4AI21238","Keerthana Shetty","cb.sc.u4ai21238@cb.students.amrita.edu","AI","C","2025","7.67","1","Not Placed"
"CB.SC.U4AI21239","Rahul Gupta","cb.sc.u4ai21239@cb.students.amrita.edu","AI","C","2025","9.74","0","Not Placed"
"CB.SC.U4AI21240","Janani Joshi","cb.sc.u4ai21240@cb.students.amrita.edu","AI","C","2025","9.17","0","Not Placed"
"CB.SC.U4AI21241","Varun Verma","cb.sc.u4ai21241@cb.students.amrita.edu","AI","C","2025","6.65","0","Not Placed"
"CB.SC.U4AI21242","Pooja Reddy","cb.sc.u4ai21242@cb.students.amrita.edu","AI","C","2025","6.31","2","Not Placed"
"CB.SC.U4AI21243","Zara Chatterjee","cb.sc.u4ai21243@cb.students.amrita.edu","AI","C","2025","8.58","0","Placed"
"CB.SC.U4AI21244","Nikhil Verma","cb.sc.u4ai21244@cb.students.amrita.edu","AI","C","2025","6.57","0","Not Placed"
"CB.SC.U4AI21245","Sneha Verma","cb.sc.u4ai21245@cb.students.amrita.edu","AI","C","2025","6.1","1","Placed"
"CB.SC.U4AI21246","Charan Kulkarni","cb.sc.u4ai21246@cb.students.amrita.edu","AI","C","2025","8.37","0","Not Placed"
"CB.SC.U4AI21247","Rahul Joshi","cb.sc.u4ai21247@cb.students.amrita.edu","AI","C","2025","7.8","1","Not Placed"
"CB.SC.U4AI21248","Charan Menon","cb.sc.u4ai21248@cb.students.amrita.edu","AI","C","2025","6.99","1","Not Placed"
"CB.SC.U4AI21249","Aditya Joshi","cb.sc.u4ai21249@cb.students.amrita.edu","AI","C","2025","6.62","1","Placed"
"CB.SC.U4AI21250","Harish Nagarajan","cb.sc.u4ai21250@cb.students.amrita.edu","AI","C","2025","9.03","1","Placed"
"CB.SC.U4AI21251","Pooja Menon","cb.sc.u4ai21251@cb.students.amrita.edu","AI","C","2025","6.69","0","Not Placed"
"CB.SC.U4AI21252","Varun Reddy","cb.sc.u4ai21252@cb.students.amrita.edu","AI","C","2025","9.72","2","Not Placed"
"CB.SC.U4AI21253","Anirudh Reddy","cb.sc.u4ai21253@cb.students.amrita.edu","AI","C","2025","8.97","2","Not Placed"
"CB.SC.U4AI21254","Ananya Mishra","cb.sc.u4ai21254@cb.students.amrita.edu","AI","C","2025","6.66","0","Not Placed"
"CB.SC.U4AI21255","Arjun Joshi","cb.sc.u4ai21255@cb.students.amrita.edu","AI","C","2025","8.89","2","Placed"
"CB.SC.U4AI21256","Harish Reddy","cb.sc.u4ai21256@cb.students.amrita.edu","AI","C","2025","8.25","1","Not Placed"
"CB.SC.U4AI21257","Aishwarya Verma","cb.sc.u4ai21257@cb.students.amrita.edu","AI","C","2025","8.77","1","Placed"
"CB.SC.U4AI21258","Aishwarya Nagarajan","cb.sc.u4ai21258@cb.students.amrita.edu","AI","C","2025","9.23","2","Placed"
"CB.SC.U4AI21259","Sanjay Menon","cb.sc.u4ai21259@cb.students.amrita.edu","AI","C","2025","9.16","1","Not Placed"
"CB.SC.U4AI21260","Arjun Gupta","cb.sc.u4ai21260@cb.students.amrita.edu","AI","C","2025","6.45","2","Not Placed"
"CB.SC.U4AI21301","Lakshmi Mishra","cb.sc.u4ai21301@cb.students.amrita.edu","AI","D","2025","9.31","2","Placed"
"CB.SC.U4AI21302","Tanvi Kulkarni","cb.sc.u4ai21302@cb.students.amrita.edu","AI","D","2025","7.12","1","Placed"
"CB.SC.U4AI21303","Zara Pillai","cb.sc.u4ai21303@cb.students.amrita.edu","AI","D","2025","9.17","0","Not Placed"
"CB.SC.U4AI21304","Tanvi Patel","cb.sc.u4ai21304@cb.students.amrita.edu","AI","D","2025","7.04","2","Not Placed"
"CB.SC.U4AI21305","Lakshmi Reddy","cb.sc.u4ai21305@cb.students.amrita.edu","AI","D","2025","6.05","0","Placed"
"CB.SC.U4AI21306","Karthik Kulkarni","cb.sc.u4ai21306@cb.students.amrita.edu","AI","D","2025","7.12","2","Placed"
"CB.SC.U4AI21307","Ananya Kapoor","cb.sc.u4ai21307@cb.students.amrita.edu","AI","D","2025","7.41","1","Placed"
"CB.SC.U4AI21308","Varun Krishnan","cb.sc.u4ai21308@cb.students.amrita.edu","AI","D","2025","7.47","1","Placed"
"CB.SC.U4AI21309","Harish Shetty","cb.sc.u4ai21309@cb.students.amrita.edu","AI","D","2025","7.34","1","Placed"
"CB.SC.U4AI21310","Lakshmi Patel","cb.sc.u4ai21310@cb.students.amrita.edu","AI","D","2025","9.08","0","Placed"
"CB.SC.U4AI21311","Riya Reddy","cb.sc.u4ai21311@cb.students.amrita.edu","AI","D","2025","8.9","2","Placed"
"CB.SC.U4AI21312","Anirudh Iyer","cb.sc.u4ai21312@cb.students.amrita.edu","AI","D","2025","9.6","0","Placed"
"CB.SC.U4AI21313","Rahul Sharma","cb.sc.u4ai21313@cb.students.amrita.edu","AI","D","2025","7.76","1","Not Placed"
"CB.SC.U4AI21314","Riya Patel","cb.sc.u4ai21314@cb.students.amrita.edu","AI","D","2025","6.55","0","Placed"
"CB.SC.U4AI21315","Yash Iyer","cb.sc.u4ai21315@cb.students.amrita.edu","AI","D","2025","9.3","1","Placed"
"CB.SC.U4AI21316","Aditya Das","cb.sc.u4ai21316@cb.students.amrita.edu","AI","D","2025","8.72","1","Not Placed"
"CB.SC.U4AI21317","Sanjay Nair","cb.sc.u4ai21317@cb.students.amrita.edu","AI","D","2025","8.75","2","Not Placed"
"CB.SC.U4AI21318","Keerthana Pillai","cb.sc.u4ai21318@cb.students.amrita.edu","AI","D","2025","7.83","0","Placed"
"CB.SC.U4AI21319","Keerthana Raman","cb.sc.u4ai21319@cb.students.amrita.edu","AI","D","2025","7.68","1","Placed"
"CB.SC.U4AI21320","Yash Krishnan","cb.sc.u4ai21320@cb.students.amrita.edu","AI","D","2025","7.39","1","Not Placed"
"CB.SC.U4AI21321","Karthik Shetty","cb.sc.u4ai21321@cb.students.amrita.edu","AI","D","2025","9.17","2","Not Placed"
"CB.SC.U4AI21322","Arjun Raman","cb.sc.u4ai21322@cb.students.amrita.edu","AI","D","2025","8.29","2","Placed"
"CB.SC.U4AI21323","Sneha Mishra","cb.sc.u4ai21323@cb.students.amrita.edu","AI","D","2025","9.42","0","Not Placed"
"CB.SC.U4AI21324","Bhavya Joshi","cb.sc.u4ai21324@cb.students.amrita.edu","AI","D","2025","8.84","1","Placed"
"CB.SC.U4AI21325","Aishwarya Iyer","cb.sc.u4ai21325@cb.students.amrita.edu","AI","D","2025","8.42","2","Placed"
"CB.SC.U4AI21326","Pooja Iyer","cb.sc.u4ai21326@cb.students.amrita.edu","AI","D","2025","8.62","0","Placed"
"CB.SC.U4AI21327","Arjun Krishnan","cb.sc.u4ai21327@cb.students.amrita.edu","AI","D","2025","9.26","2","Not Placed"
"CB.SC.U4AI21328","Varun Patel","cb.sc.u4ai21328@cb.students.amrita.edu","AI","D","2025","7.01","2","Not Placed"
"CB.SC.U4AI21329","Anirudh Mishra","cb.sc.u4ai21329@cb.students.amrita.edu","AI","D","2025","6.1","1","Not Placed"
"CB.SC.U4AI21330","Varun Pillai","cb.sc.u4ai21330@cb.students.amrita.edu","AI","D","2025","6.54","2","Not Placed"
"CB.SC.U4AI21331","Ananya Reddy","cb.sc.u4ai21331@cb.students.amrita.edu","AI","D","2025","7.71","0","Not Placed"
"CB.SC.U4AI21332","Diya Chatterjee","cb.sc.u4ai21332@cb.students.amrita.edu","AI","D","2025","8.24","2","Not Placed"
"CB.SC.U4AI21333","Aditya Das","cb.sc.u4ai21333@cb.students.amrita.edu","AI","D","2025","7.37","2","Not Placed"
"CB.SC.U4AI21334","Ishaan Nagarajan","cb.sc.u4ai21334@cb.students.amrita.edu","AI","D","2025","6.04","2","Not Placed"
"CB.SC.U4AI21335","Lakshmi Raman","cb.sc.u4ai21335@cb.students.amrita.edu","AI","D","2025","6.87","1","Placed"
"CB.SC.U4AI21336","Tanvi Nair","cb.sc.u4ai21336@cb.students.amrita.edu","AI","D","2025","8.89","0","Not Placed"
"CB.SC.U4AI21337","Varun Patel","cb.sc.u4ai21337@cb.students.amrita.edu","AI","D","2025","9.38","2","Not Placed"
"CB.SC.U4AI21338","Sanjay Sharma","cb.sc.u4ai21338@cb.students.amrita.edu","AI","D","2025","9.61","2","Not Placed"
"CB.SC.U4AI21339","Keerthana Nair","cb.sc.u4ai21339@cb.students.amrita.edu","AI","D","2025","9.34","0","Not Placed"
"CB.SC.U4AI21340","Aditya Krishnan","cb.sc.u4ai21340@cb.students.amrita.edu","AI","D","2025","6.11","2","Not Placed"
"CB.SC.U4AI21341","Lakshmi Joshi","cb.sc.u4ai21341@cb.students.amrita.edu","AI","D","2025","6.51","2","Not Placed"
"CB.SC.U4AI21342","Bhavya Menon","cb.sc.u4ai21342@cb.students.amrita.edu","AI","D","2025","6.94","2","Not Placed"
"CB.SC.U4AI21343","Aishwarya Pillai","cb.sc.u4ai21343@cb.students.amrita.edu","AI","D","2025","6.09","2","Placed"
"CB.SC.U4AI21344","Zara Joshi","cb.sc.u4ai21344@cb.students.amrita.edu","AI","D","2025","8.27","1","Placed"
"CB.SC.U4AI21345","Anirudh Verma","cb.sc.u4ai21345@cb.students.amrita.edu","AI","D","2025","6.92","1","Placed"
"CB.SC.U4AI21346","Akash Nagarajan","cb.sc.u4ai21346@cb.students.amrita.edu","AI","D","2025","7.08","0","Placed"
"CB.SC.U4AI21347","Nikhil Kulkarni","cb.sc.u4ai21347@cb.students.amrita.edu","AI","D","2025","7.62","1","Placed"
"CB.SC.U4AI21348","Varun Reddy","cb.sc.u4ai21348@cb.students.amrita.edu","AI","D","2025","9.05","1","Not Placed"
"CB.SC.U4AI21349","Lakshmi Nair","cb.sc.u4ai21349@cb.students.amrita.edu","AI","D","2025","9.86","1","Placed"
"CB.SC.U4AI21350","Janani Gupta","cb.sc.u4ai21350@cb.students.amrita.edu","AI","D","2025","9.54","2","Not Placed"
"CB.SC.U4AI21351","Aditya Kulkarni","cb.sc.u4ai21351@cb.students.amrita.edu","AI","D","2025","9.39","2","Not Placed"
"CB.SC.U4AI21352","Janani Verma","cb.sc.u4ai21352@cb.students.amrita.edu","AI","D","2025","8.35","2","Not Placed"
"CB.SC.U4AI21353","Bhavya Chatterjee","cb.sc.u4ai21353@cb.students.amrita.edu","AI","D","2025","6.38","0","Placed"
"CB.SC.U4AI21354","Nikhil Pillai","cb.sc.u4ai21354@cb.students.amrita.edu","AI","D","2025","7.06","0","Placed"
"CB.SC.U4AI21355","Sneha Menon","cb.sc.u4ai21355@cb.students.amrita.edu","AI","D","2025","8.86","1","Placed"
"CB.SC.U4AI21356","Anirudh Chatterjee","cb.sc.u4ai21356@cb.students.amrita.edu","AI","D","2025","8.9","2","Not Placed"
"CB.SC.U4AI21357","Sanjay Das","cb.sc.u4ai21357@cb.students.amrita.edu","AI","D","2025","6.99","1","Placed"
"CB.SC.U4AI21358","Ananya Iyer","cb.sc.u4ai21358@cb.students.amrita.edu","AI","D","2025","8.75","0","Placed"
"CB.SC.U4AI21359","Yash Krishnan","cb.sc.u4ai21359@cb.students.amrita.edu","AI","D","2025","9.2","0","Not Placed"
"CB.SC.U4AI21360","Tanvi Chatterjee","cb.sc.u4ai21360@cb.students.amrita.edu","AI","D","2025","8.67","0","Placed"
"CB.SC.U4AI21401","Rahul Patel","cb.sc.u4ai21401@cb.students.amrita.edu","AI","E","2025","8.9","1","Placed"
"CB.SC.U4AI21402","Meera Sharma","cb.sc.u4ai21402@cb.students.amrita.edu","AI","E","2025","9.65","0","Not Placed"
"CB.SC.U4AI21403","Ananya Menon","cb.sc.u4ai21403@cb.students.amrita.edu","AI","E","2025","6.37","0","Placed"
"CB.SC.U4AI21404","Arjun Mishra","cb.sc.u4ai21404@cb.students.amrita.edu","AI","E","2025","6.8","2","Placed"
"CB.SC.U4AI21405","Vikram Chatterjee","cb.sc.u4ai21405@cb.students.amrita.edu","AI","E","2025","6.45","2","Placed"
"CB.SC.U4AI21406","Harish Mishra","cb.sc.u4ai21406@cb.students.amrita.edu","AI","E","2025","6.1","0","Not Placed"
"CB.SC.U4AI21407","Sanjay Gupta","cb.sc.u4ai21407@cb.students.amrita.edu","AI","E","2025","9.89","1","Not Placed"
"CB.SC.U4AI21408","Akash Nair","cb.sc.u4ai21408@cb.students.amrita.edu","AI","E","2025","6.93","0","Placed"
"CB.SC.U4AI21409","Arya Joshi","cb.sc.u4ai21409@cb.students.amrita.edu","AI","E","2025","8.61","2","Not Placed"
"CB.SC.U4AI21410","Diya Das","cb.sc.u4ai21410@cb.students.amrita.edu","AI","E","2025","6.24","2","Not Placed"
"CB.SC.U4AI21411","Nikhil Sharma","cb.sc.u4ai21411@cb.students.amrita.edu","AI","E","2025","6.11","2","Not Placed"
"CB.SC.U4AI21412","Anirudh Nagarajan","cb.sc.u4ai21412@cb.students.amrita.edu","AI","E","2025","9.3","1","Placed"
"CB.SC.U4AI21413","Karthik Pillai","cb.sc.u4ai21413@cb.students.amrita.edu","AI","E","2025","7.08","2","Not Placed"
"CB.SC.U4AI21414","Yash Shetty","cb.sc.u4ai21414@cb.students.amrita.edu","AI","E","2025","9.19","2","Placed"
"CB.SC.U4AI21415","Zara Bose","cb.sc.u4ai21415@cb.students.amrita.edu","AI","E","2025","6.01","0","Placed"
"CB.SC.U4AI21416","Sneha Das","cb.sc.u4ai21416@cb.students.amrita.edu","AI","E","2025","6.28","0","Placed"
"CB.SC.U4AI21417","Meera Mishra","cb.sc.u4ai21417@cb.students.amrita.edu","AI","E","2025","7.01","1","Not Placed"
"CB.SC.U4AI21418","Keerthana Iyer","cb.sc.u4ai21418@cb.students.amrita.edu","AI","E","2025","6.19","1","Not Placed"
"CB.SC.U4AI21419","Nikhil Kulkarni","cb.sc.u4ai21419@cb.students.amrita.edu","AI","E","2025","6.6","0","Placed"
"CB.SC.U4AI21420","Janani Menon","cb.sc.u4ai21420@cb.students.amrita.edu","AI","E","2025","9.7","1","Placed"
"CB.SC.U4AI21421","Meera Joshi","cb.sc.u4ai21421@cb.students.amrita.edu","AI","E","2025","8.76","2","Not Placed"
"CB.SC.U4AI21422","Pooja Kulkarni","cb.sc.u4ai21422@cb.students.amrita.edu","AI","E","2025","7.82","2","Placed"
"CB.SC.U4AI21423","Varun Bose","cb.sc.u4ai21423@cb.students.amrita.edu","AI","E","2025","7.86","0","Placed"
"CB.SC.U4AI21424","Bhavya Kulkarni","cb.sc.u4ai21424@cb.students.amrita.edu","AI","E","2025","6.84","0","Not Placed"
"CB.SC.U4AI21425","Yash Nair","cb.sc.u4ai21425@cb.students.amrita.edu","AI","E","2025","8.85","0","Placed"
"CB.SC.U4AI21426","Nikhil Bose","cb.sc.u4ai21426@cb.students.amrita.edu","AI","E","2025","6.69","0","Not Placed"
"CB.SC.U4AI21427","Keerthana Nair","cb.sc.u4ai21427@cb.students.amrita.edu","AI","E","2025","8.44","1","Placed"
"CB.SC.U4AI21428","Harish Raman","cb.sc.u4ai21428@cb.students.amrita.edu","AI","E","2025","9.55","0","Placed"
"CB.SC.U4AI21429","Aarav Chatterjee","cb.sc.u4ai21429@cb.students.amrita.edu","AI","E","2025","8.73","1","Not Placed"
"CB.SC.U4AI21430","Akash Joshi","cb.sc.u4ai21430@cb.students.amrita.edu","AI","E","2025","8.21","1","Not Placed"
"CB.SC.U4AI21431","Nikhil Das","cb.sc.u4ai21431@cb.students.amrita.edu","AI","E","2025","6.13","0","Not Placed"
"CB.SC.U4AI21432","Rahul Bose","cb.sc.u4ai21432@cb.students.amrita.edu","AI","E","2025","7.64","0","Placed"
"CB.SC.U4AI21433","Harish Mishra","cb.sc.u4ai21433@cb.students.amrita.edu","AI","E","2025","8.55","0","Placed"
"CB.SC.U4AI21434","Surya Patel","cb.sc.u4ai21434@cb.students.amrita.edu","AI","E","2025","7.11","2","Not Placed"
"CB.SC.U4AI21435","Lakshmi Kapoor","cb.sc.u4ai21435@cb.students.amrita.edu","AI","E","2025","8.05","0","Not Placed"
"CB.SC.U4AI21436","Janani Das","cb.sc.u4ai21436@cb.students.amrita.edu","AI","E","2025","9.03","2","Not Placed"
"CB.SC.U4AI21437","Tanvi Das","cb.sc.u4ai21437@cb.students.amrita.edu","AI","E","2025","9.61","1","Not Placed"
"CB.SC.U4AI21438","Tanvi Nagarajan","cb.sc.u4ai21438@cb.students.amrita.edu","AI","E","2025","6.83","2","Placed"
"CB.SC.U4AI21439","Karthik Joshi","cb.sc.u4ai21439@cb.students.amrita.edu","AI","E","2025","6.55","0","Placed"
"CB.SC.U4AI21440","Ishaan Shetty","cb.sc.u4ai21440@cb.students.amrita.edu","AI","E","2025","6.46","0","Not Placed"
"CB.SC.U4AI21441","Zara Shetty","cb.sc.u4ai21441@cb.students.amrita.edu","AI","E","2025","8.77","0","Placed"
"CB.SC.U4AI21442","Yash Chatterjee","cb.sc.u4ai21442@cb.students.amrita.edu","AI","E","2025","6.23","1","Not Placed"
"CB.SC.U4AI21443","Arya Das","cb.sc.u4ai21443@cb.students.amrita.edu","AI","E","2025","6.52","1","Not Placed"
"CB.SC.U4AI21444","Aditya Menon","cb.sc.u4ai21444@cb.students.amrita.edu","AI","E","2025","9.73","0","Placed"
"CB.SC.U4AI21445","Sneha Chatterjee","cb.sc.u4ai21445@cb.students.amrita.edu","AI","E","2025","8.77","2","Placed"
"CB.SC.U4AI21446","Pooja Mishra","cb.sc.u4ai21446@cb.students.amrita.edu","AI","E","2025","6.54","1","Not Placed"
"CB.SC.U4AI21447","Arjun Raman","cb.sc.u4ai21447@cb.students.amrita.edu","AI","E","2025","7.64","2","Not Placed"
"CB.SC.U4AI21448","Rahul Patel","cb.sc.u4ai21448@cb.students.amrita.edu","AI","E","2025","8.54","2","Not Placed"
"CB.SC.U4AI21449","Vikram Krishnan","cb.sc.u4ai21449@cb.students.amrita.edu","AI","E","2025","8.89","2","Not Placed"
"CB.SC.U4AI21450","Rahul Das","cb.sc.u4ai21450@cb.students.amrita.edu","AI","E","2025","7.86","0","Not Placed"
"CB.SC.U4AI21451","Rahul Pillai","cb.sc.u4ai21451@cb.students.amrita.edu","AI","E","2025","9.9","0","Not Placed"
"CB.SC.U4AI21452","Rahul Nair","cb.sc.u4ai21452@cb.students.amrita.edu","AI","E","2025","9.34","1","Not Placed"
"CB.SC.U4AI21453","Akash Iyer","cb.sc.u4ai21453@cb.students.amrita.edu","AI","E","2025","6.24","0","Placed"
"CB.SC.U4AI21454","Lakshmi Patel","cb.sc.u4ai21454@cb.students.amrita.edu","AI","E","2025","9.86","2","Not Placed"
"CB.SC.U4AI21455","Pooja Mishra","cb.sc.u4ai21455@cb.students.amrita.edu","AI","E","2025","9.72","0","Placed"
"CB.SC.U4AI21456","Ananya Iyer","cb.sc.u4ai21456@cb.students.amrita.edu","AI","E","2025","7.94","0","Placed"
"CB.SC.U4AI21457","Arjun Mishra","cb.sc.u4ai21457@cb.students.amrita.edu","AI","E","2025","9.59","1","Placed"
"CB.SC.U4AI21458","Vikram Bose","cb.sc.u4ai21458@cb.students.amrita.edu","AI","E","2025","8.26","2","Not Placed"
"CB.SC.U4AI21459","Ishaan Krishnan","cb.sc.u4ai21459@cb.students.amrita.edu","AI","E","2025","8.25","1","Not Placed"
"CB.SC.U4AI21460","Surya Krishnan","cb.sc.u4ai21460@cb.students.amrita.edu","AI","E","2025","6.13","1","Not Placed"
"CB.EN.U4EEE21001","Lakshmi Nagarajan","cb.en.u4eee21001@cb.students.amrita.edu","EEE","A","2025","8.78","1","Placed"
"CB.EN.U4EEE21002","Bhavya Sharma","cb.en.u4eee21002@cb.students.amrita.edu","EEE","A","2025","7.68","0","Not Placed"
"CB.EN.U4EEE21003","Rahul Bose","cb.en.u4eee21003@cb.students.amrita.edu","EEE","A","2025","6.93","1","Placed"
"CB.EN.U4EEE21004","Vikram Menon","cb.en.u4eee21004@cb.students.amrita.edu","EEE","A","2025","7.11","1","Placed"
"CB.EN.U4EEE21005","Surya Reddy","cb.en.u4eee21005@cb.students.amrita.edu","EEE","A","2025","7.76","1","Placed"
"CB.EN.U4EEE21006","Janani Menon","cb.en.u4eee21006@cb.students.amrita.edu","EEE","A","2025","8","0","Not Placed"
"CB.EN.U4EEE21007","Meera Verma","cb.en.u4eee21007@cb.students.amrita.edu","EEE","A","2025","7.52","2","Not Placed"
"CB.EN.U4EEE21008","Diya Nagarajan","cb.en.u4eee21008@cb.students.amrita.edu","EEE","A","2025","8.01","2","Not Placed"
"CB.EN.U4EEE21009","Ananya Shetty","cb.en.u4eee21009@cb.students.amrita.edu","EEE","A","2025","9.36","2","Not Placed"
"CB.EN.U4EEE21010","Ishaan Gupta","cb.en.u4eee21010@cb.students.amrita.edu","EEE","A","2025","7.93","1","Not Placed"
"CB.EN.U4EEE21011","Sneha Gupta","cb.en.u4eee21011@cb.students.amrita.edu","EEE","A","2025","7.96","2","Not Placed"
"CB.EN.U4EEE21012","Surya Patel","cb.en.u4eee21012@cb.students.amrita.edu","EEE","A","2025","9.2","2","Placed"
"CB.EN.U4EEE21013","Akash Kapoor","cb.en.u4eee21013@cb.students.amrita.edu","EEE","A","2025","8.79","0","Placed"
"CB.EN.U4EEE21014","Vikram Mishra","cb.en.u4eee21014@cb.students.amrita.edu","EEE","A","2025","8.36","1","Not Placed"
"CB.EN.U4EEE21015","Akash Nair","cb.en.u4eee21015@cb.students.amrita.edu","EEE","A","2025","6.81","2","Not Placed"
"CB.EN.U4EEE21016","Sanjay Mishra","cb.en.u4eee21016@cb.students.amrita.edu","EEE","A","2025","8.67","0","Placed"
"CB.EN.U4EEE21017","Nikhil Nagarajan","cb.en.u4eee21017@cb.students.amrita.edu","EEE","A","2025","6.1","1","Placed"
"CB.EN.U4EEE21018","Arjun Nagarajan","cb.en.u4eee21018@cb.students.amrita.edu","EEE","A","2025","8.99","0","Placed"
"CB.EN.U4EEE21019","Anirudh Bose","cb.en.u4eee21019@cb.students.amrita.edu","EEE","A","2025","7.31","1","Placed"
"CB.EN.U4EEE21020","Diya Shetty","cb.en.u4eee21020@cb.students.amrita.edu","EEE","A","2025","7.05","1","Placed"
"CB.EN.U4EEE21021","Charan Das","cb.en.u4eee21021@cb.students.amrita.edu","EEE","A","2025","9.06","1","Placed"
"CB.EN.U4EEE21022","Karthik Patel","cb.en.u4eee21022@cb.students.amrita.edu","EEE","A","2025","8.17","1","Placed"
"CB.EN.U4EEE21023","Diya Reddy","cb.en.u4eee21023@cb.students.amrita.edu","EEE","A","2025","6.42","2","Not Placed"
"CB.EN.U4EEE21024","Arjun Menon","cb.en.u4eee21024@cb.students.amrita.edu","EEE","A","2025","9.57","1","Placed"
"CB.EN.U4EEE21025","Riya Bose","cb.en.u4eee21025@cb.students.amrita.edu","EEE","A","2025","8.19","0","Not Placed"
"CB.EN.U4EEE21026","Riya Sharma","cb.en.u4eee21026@cb.students.amrita.edu","EEE","A","2025","9.1","0","Not Placed"
"CB.EN.U4EEE21027","Surya Raman","cb.en.u4eee21027@cb.students.amrita.edu","EEE","A","2025","8.08","1","Not Placed"
"CB.EN.U4EEE21028","Sanjay Kapoor","cb.en.u4eee21028@cb.students.amrita.edu","EEE","A","2025","7.22","1","Placed"
"CB.EN.U4EEE21029","Arjun Joshi","cb.en.u4eee21029@cb.students.amrita.edu","EEE","A","2025","6.58","1","Not Placed"
"CB.EN.U4EEE21030","Charan Kulkarni","cb.en.u4eee21030@cb.students.amrita.edu","EEE","A","2025","8.26","1","Placed"
"CB.EN.U4EEE21031","Anirudh Bose","cb.en.u4eee21031@cb.students.amrita.edu","EEE","A","2025","8.53","1","Placed"
"CB.EN.U4EEE21032","Riya Chatterjee","cb.en.u4eee21032@cb.students.amrita.edu","EEE","A","2025","6.76","2","Placed"
"CB.EN.U4EEE21033","Sneha Joshi","cb.en.u4eee21033@cb.students.amrita.edu","EEE","A","2025","6.91","2","Not Placed"
"CB.EN.U4EEE21034","Riya Chatterjee","cb.en.u4eee21034@cb.students.amrita.edu","EEE","A","2025","6.05","2","Placed"
"CB.EN.U4EEE21035","Aarav Joshi","cb.en.u4eee21035@cb.students.amrita.edu","EEE","A","2025","9.63","0","Placed"
"CB.EN.U4EEE21036","Aishwarya Gupta","cb.en.u4eee21036@cb.students.amrita.edu","EEE","A","2025","8.8","2","Not Placed"
"CB.EN.U4EEE21037","Vikram Nair","cb.en.u4eee21037@cb.students.amrita.edu","EEE","A","2025","9.38","0","Placed"
"CB.EN.U4EEE21038","Harish Patel","cb.en.u4eee21038@cb.students.amrita.edu","EEE","A","2025","6.61","1","Not Placed"
"CB.EN.U4EEE21039","Charan Mishra","cb.en.u4eee21039@cb.students.amrita.edu","EEE","A","2025","9.62","1","Not Placed"
"CB.EN.U4EEE21040","Akash Krishnan","cb.en.u4eee21040@cb.students.amrita.edu","EEE","A","2025","7.89","0","Not Placed"
"CB.EN.U4EEE21041","Zara Bose","cb.en.u4eee21041@cb.students.amrita.edu","EEE","A","2025","7.31","0","Not Placed"
"CB.EN.U4EEE21042","Anirudh Pillai","cb.en.u4eee21042@cb.students.amrita.edu","EEE","A","2025","7.57","1","Placed"
"CB.EN.U4EEE21043","Zara Bose","cb.en.u4eee21043@cb.students.amrita.edu","EEE","A","2025","9.08","0","Placed"
"CB.EN.U4EEE21044","Karthik Pillai","cb.en.u4eee21044@cb.students.amrita.edu","EEE","A","2025","9.31","0","Not Placed"
"CB.EN.U4EEE21045","Harish Patel","cb.en.u4eee21045@cb.students.amrita.edu","EEE","A","2025","7.34","2","Placed"
"CB.EN.U4EEE21046","Vikram Sharma","cb.en.u4eee21046@cb.students.amrita.edu","EEE","A","2025","8.04","0","Placed"
"CB.EN.U4EEE21047","Yash Shetty","cb.en.u4eee21047@cb.students.amrita.edu","EEE","A","2025","6.49","0","Placed"
"CB.EN.U4EEE21048","Akash Pillai","cb.en.u4eee21048@cb.students.amrita.edu","EEE","A","2025","6.3","2","Placed"
"CB.EN.U4EEE21049","Riya Reddy","cb.en.u4eee21049@cb.students.amrita.edu","EEE","A","2025","8.63","2","Not Placed"
"CB.EN.U4EEE21050","Tanvi Krishnan","cb.en.u4eee21050@cb.students.amrita.edu","EEE","A","2025","9.86","1","Placed"
"CB.EN.U4EEE21051","Surya Nair","cb.en.u4eee21051@cb.students.amrita.edu","EEE","A","2025","6.84","0","Not Placed"
"CB.EN.U4EEE21052","Zara Kapoor","cb.en.u4eee21052@cb.students.amrita.edu","EEE","A","2025","7.27","0","Not Placed"
"CB.EN.U4EEE21053","Bhavya Nagarajan","cb.en.u4eee21053@cb.students.amrita.edu","EEE","A","2025","8.06","2","Placed"
"CB.EN.U4EEE21054","Anirudh Iyer","cb.en.u4eee21054@cb.students.amrita.edu","EEE","A","2025","8.19","0","Placed"
"CB.EN.U4EEE21055","Ishaan Shetty","cb.en.u4eee21055@cb.students.amrita.edu","EEE","A","2025","8.37","0","Placed"
"CB.EN.U4EEE21056","Harish Iyer","cb.en.u4eee21056@cb.students.amrita.edu","EEE","A","2025","8.38","2","Placed"
"CB.EN.U4EEE21057","Rahul Nair","cb.en.u4eee21057@cb.students.amrita.edu","EEE","A","2025","9.41","2","Not Placed"
"CB.EN.U4EEE21058","Rahul Raman","cb.en.u4eee21058@cb.students.amrita.edu","EEE","A","2025","8.91","1","Not Placed"
"CB.EN.U4EEE21059","Aishwarya Kulkarni","cb.en.u4eee21059@cb.students.amrita.edu","EEE","A","2025","8.64","0","Placed"
"CB.EN.U4EEE21060","Sanjay Bose","cb.en.u4eee21060@cb.students.amrita.edu","EEE","A","2025","6.65","2","Not Placed"
"CB.EN.U4EEE21101","Tanvi Reddy","cb.en.u4eee21101@cb.students.amrita.edu","EEE","B","2025","8.32","0","Not Placed"
"CB.EN.U4EEE21102","Sneha Iyer","cb.en.u4eee21102@cb.students.amrita.edu","EEE","B","2025","8.05","2","Placed"
"CB.EN.U4EEE21103","Anirudh Krishnan","cb.en.u4eee21103@cb.students.amrita.edu","EEE","B","2025","6.6","2","Placed"
"CB.EN.U4EEE21104","Vikram Mishra","cb.en.u4eee21104@cb.students.amrita.edu","EEE","B","2025","7.54","1","Placed"
"CB.EN.U4EEE21105","Rahul Chatterjee","cb.en.u4eee21105@cb.students.amrita.edu","EEE","B","2025","7.81","2","Placed"
"CB.EN.U4EEE21106","Zara Gupta","cb.en.u4eee21106@cb.students.amrita.edu","EEE","B","2025","8.94","0","Not Placed"
"CB.EN.U4EEE21107","Pooja Sharma","cb.en.u4eee21107@cb.students.amrita.edu","EEE","B","2025","6.61","2","Not Placed"
"CB.EN.U4EEE21108","Yash Raman","cb.en.u4eee21108@cb.students.amrita.edu","EEE","B","2025","9.55","1","Not Placed"
"CB.EN.U4EEE21109","Bhavya Reddy","cb.en.u4eee21109@cb.students.amrita.edu","EEE","B","2025","9.42","2","Placed"
"CB.EN.U4EEE21110","Sanjay Das","cb.en.u4eee21110@cb.students.amrita.edu","EEE","B","2025","8.37","1","Not Placed"
"CB.EN.U4EEE21111","Rahul Raman","cb.en.u4eee21111@cb.students.amrita.edu","EEE","B","2025","9.77","0","Placed"
"CB.EN.U4EEE21112","Pooja Sharma","cb.en.u4eee21112@cb.students.amrita.edu","EEE","B","2025","7.63","1","Not Placed"
"CB.EN.U4EEE21113","Harish Kapoor","cb.en.u4eee21113@cb.students.amrita.edu","EEE","B","2025","9.88","0","Not Placed"
"CB.EN.U4EEE21114","Pooja Bose","cb.en.u4eee21114@cb.students.amrita.edu","EEE","B","2025","7.45","0","Placed"
"CB.EN.U4EEE21115","Yash Joshi","cb.en.u4eee21115@cb.students.amrita.edu","EEE","B","2025","9.81","2","Not Placed"
"CB.EN.U4EEE21116","Surya Sharma","cb.en.u4eee21116@cb.students.amrita.edu","EEE","B","2025","7.89","2","Not Placed"
"CB.EN.U4EEE21117","Surya Kulkarni","cb.en.u4eee21117@cb.students.amrita.edu","EEE","B","2025","6.43","2","Placed"
"CB.EN.U4EEE21118","Yash Mishra","cb.en.u4eee21118@cb.students.amrita.edu","EEE","B","2025","9.12","2","Placed"
"CB.EN.U4EEE21119","Akash Sharma","cb.en.u4eee21119@cb.students.amrita.edu","EEE","B","2025","8.94","2","Placed"
"CB.EN.U4EEE21120","Karthik Menon","cb.en.u4eee21120@cb.students.amrita.edu","EEE","B","2025","7.76","0","Placed"
"CB.EN.U4EEE21121","Akash Pillai","cb.en.u4eee21121@cb.students.amrita.edu","EEE","B","2025","9.66","1","Placed"
"CB.EN.U4EEE21122","Sneha Chatterjee","cb.en.u4eee21122@cb.students.amrita.edu","EEE","B","2025","7.03","1","Not Placed"
"CB.EN.U4EEE21123","Ishaan Iyer","cb.en.u4eee21123@cb.students.amrita.edu","EEE","B","2025","6.8","1","Placed"
"CB.EN.U4EEE21124","Diya Chatterjee","cb.en.u4eee21124@cb.students.amrita.edu","EEE","B","2025","7.19","2","Placed"
"CB.EN.U4EEE21125","Tanvi Nagarajan","cb.en.u4eee21125@cb.students.amrita.edu","EEE","B","2025","6.57","2","Placed"
"CB.EN.U4EEE21126","Riya Krishnan","cb.en.u4eee21126@cb.students.amrita.edu","EEE","B","2025","7.37","0","Placed"
"CB.EN.U4EEE21127","Varun Raman","cb.en.u4eee21127@cb.students.amrita.edu","EEE","B","2025","9.48","2","Placed"
"CB.EN.U4EEE21128","Diya Shetty","cb.en.u4eee21128@cb.students.amrita.edu","EEE","B","2025","6.86","2","Not Placed"
"CB.EN.U4EEE21129","Meera Iyer","cb.en.u4eee21129@cb.students.amrita.edu","EEE","B","2025","9.19","0","Placed"
"CB.EN.U4EEE21130","Aarav Nair","cb.en.u4eee21130@cb.students.amrita.edu","EEE","B","2025","7.14","2","Not Placed"
"CB.EN.U4EEE21131","Harish Pillai","cb.en.u4eee21131@cb.students.amrita.edu","EEE","B","2025","9.21","1","Not Placed"
"CB.EN.U4EEE21132","Janani Joshi","cb.en.u4eee21132@cb.students.amrita.edu","EEE","B","2025","6.89","1","Placed"
"CB.EN.U4EEE21133","Meera Shetty","cb.en.u4eee21133@cb.students.amrita.edu","EEE","B","2025","8.74","2","Placed"
"CB.EN.U4EEE21134","Arya Kulkarni","cb.en.u4eee21134@cb.students.amrita.edu","EEE","B","2025","6.6","2","Placed"
"CB.EN.U4EEE21135","Pooja Iyer","cb.en.u4eee21135@cb.students.amrita.edu","EEE","B","2025","6.52","0","Placed"
"CB.EN.U4EEE21136","Janani Iyer","cb.en.u4eee21136@cb.students.amrita.edu","EEE","B","2025","8.36","0","Placed"
"CB.EN.U4EEE21137","Tanvi Patel","cb.en.u4eee21137@cb.students.amrita.edu","EEE","B","2025","9.14","1","Not Placed"
"CB.EN.U4EEE21138","Yash Patel","cb.en.u4eee21138@cb.students.amrita.edu","EEE","B","2025","7.97","1","Placed"
"CB.EN.U4EEE21139","Janani Chatterjee","cb.en.u4eee21139@cb.students.amrita.edu","EEE","B","2025","7.92","0","Not Placed"
"CB.EN.U4EEE21140","Lakshmi Krishnan","cb.en.u4eee21140@cb.students.amrita.edu","EEE","B","2025","6.05","0","Placed"
"CB.EN.U4EEE21141","Charan Raman","cb.en.u4eee21141@cb.students.amrita.edu","EEE","B","2025","9.09","0","Not Placed"
"CB.EN.U4EEE21142","Arya Krishnan","cb.en.u4eee21142@cb.students.amrita.edu","EEE","B","2025","8.56","2","Not Placed"
"CB.EN.U4EEE21143","Diya Sharma","cb.en.u4eee21143@cb.students.amrita.edu","EEE","B","2025","6.48","2","Not Placed"
"CB.EN.U4EEE21144","Charan Bose","cb.en.u4eee21144@cb.students.amrita.edu","EEE","B","2025","8.28","0","Not Placed"
"CB.EN.U4EEE21145","Arya Patel","cb.en.u4eee21145@cb.students.amrita.edu","EEE","B","2025","7.98","1","Not Placed"
"CB.EN.U4EEE21146","Nikhil Joshi","cb.en.u4eee21146@cb.students.amrita.edu","EEE","B","2025","7.24","1","Not Placed"
"CB.EN.U4EEE21147","Keerthana Gupta","cb.en.u4eee21147@cb.students.amrita.edu","EEE","B","2025","7.82","0","Placed"
"CB.EN.U4EEE21148","Pooja Shetty","cb.en.u4eee21148@cb.students.amrita.edu","EEE","B","2025","8.1","1","Not Placed"
"CB.EN.U4EEE21149","Akash Menon","cb.en.u4eee21149@cb.students.amrita.edu","EEE","B","2025","9.21","2","Not Placed"
"CB.EN.U4EEE21150","Tanvi Nair","cb.en.u4eee21150@cb.students.amrita.edu","EEE","B","2025","7.22","2","Not Placed"
"CB.EN.U4EEE21151","Diya Raman","cb.en.u4eee21151@cb.students.amrita.edu","EEE","B","2025","7.71","1","Placed"
"CB.EN.U4EEE21152","Bhavya Patel","cb.en.u4eee21152@cb.students.amrita.edu","EEE","B","2025","8.99","0","Placed"
"CB.EN.U4EEE21153","Vikram Raman","cb.en.u4eee21153@cb.students.amrita.edu","EEE","B","2025","9.25","1","Placed"
"CB.EN.U4EEE21154","Meera Gupta","cb.en.u4eee21154@cb.students.amrita.edu","EEE","B","2025","9.61","2","Not Placed"
"CB.EN.U4EEE21155","Ishaan Kulkarni","cb.en.u4eee21155@cb.students.amrita.edu","EEE","B","2025","9.24","1","Placed"
"CB.EN.U4EEE21156","Surya Mishra","cb.en.u4eee21156@cb.students.amrita.edu","EEE","B","2025","8.53","1","Not Placed"
"CB.EN.U4EEE21157","Varun Raman","cb.en.u4eee21157@cb.students.amrita.edu","EEE","B","2025","6.08","2","Placed"
"CB.EN.U4EEE21158","Bhavya Pillai","cb.en.u4eee21158@cb.students.amrita.edu","EEE","B","2025","7.68","2","Not Placed"
"CB.EN.U4EEE21159","Meera Das","cb.en.u4eee21159@cb.students.amrita.edu","EEE","B","2025","6.02","1","Not Placed"
"CB.EN.U4EEE21160","Sneha Joshi","cb.en.u4eee21160@cb.students.amrita.edu","EEE","B","2025","6.06","1","Placed"
"CB.EN.U4EEE21201","Surya Reddy","cb.en.u4eee21201@cb.students.amrita.edu","EEE","C","2025","8.36","0","Placed"
"CB.EN.U4EEE21202","Pooja Pillai","cb.en.u4eee21202@cb.students.amrita.edu","EEE","C","2025","9.22","1","Placed"
"CB.EN.U4EEE21203","Pooja Nagarajan","cb.en.u4eee21203@cb.students.amrita.edu","EEE","C","2025","8.61","0","Placed"
"CB.EN.U4EEE21204","Riya Mishra","cb.en.u4eee21204@cb.students.amrita.edu","EEE","C","2025","9.25","1","Placed"
"CB.EN.U4EEE21205","Surya Nair","cb.en.u4eee21205@cb.students.amrita.edu","EEE","C","2025","6.72","1","Not Placed"
"CB.EN.U4EEE21206","Aditya Nagarajan","cb.en.u4eee21206@cb.students.amrita.edu","EEE","C","2025","7.74","0","Not Placed"
"CB.EN.U4EEE21207","Varun Patel","cb.en.u4eee21207@cb.students.amrita.edu","EEE","C","2025","6.93","2","Placed"
"CB.EN.U4EEE21208","Ananya Menon","cb.en.u4eee21208@cb.students.amrita.edu","EEE","C","2025","9.02","2","Placed"
"CB.EN.U4EEE21209","Bhavya Krishnan","cb.en.u4eee21209@cb.students.amrita.edu","EEE","C","2025","6.43","0","Placed"
"CB.EN.U4EEE21210","Meera Iyer","cb.en.u4eee21210@cb.students.amrita.edu","EEE","C","2025","6.89","2","Placed"
"CB.EN.U4EEE21211","Yash Iyer","cb.en.u4eee21211@cb.students.amrita.edu","EEE","C","2025","6.69","1","Placed"
"CB.EN.U4EEE21212","Surya Joshi","cb.en.u4eee21212@cb.students.amrita.edu","EEE","C","2025","9.73","0","Not Placed"
"CB.EN.U4EEE21213","Harish Sharma","cb.en.u4eee21213@cb.students.amrita.edu","EEE","C","2025","6.49","0","Placed"
"CB.EN.U4EEE21214","Ishaan Verma","cb.en.u4eee21214@cb.students.amrita.edu","EEE","C","2025","8.4","2","Placed"
"CB.EN.U4EEE21215","Aishwarya Bose","cb.en.u4eee21215@cb.students.amrita.edu","EEE","C","2025","6.54","0","Not Placed"
"CB.EN.U4EEE21216","Charan Raman","cb.en.u4eee21216@cb.students.amrita.edu","EEE","C","2025","6.65","1","Not Placed"
"CB.EN.U4EEE21217","Ishaan Joshi","cb.en.u4eee21217@cb.students.amrita.edu","EEE","C","2025","6.42","1","Not Placed"
"CB.EN.U4EEE21218","Karthik Pillai","cb.en.u4eee21218@cb.students.amrita.edu","EEE","C","2025","9.14","1","Not Placed"
"CB.EN.U4EEE21219","Keerthana Gupta","cb.en.u4eee21219@cb.students.amrita.edu","EEE","C","2025","8.75","1","Placed"
"CB.EN.U4EEE21220","Arya Joshi","cb.en.u4eee21220@cb.students.amrita.edu","EEE","C","2025","8.52","0","Placed"
"CB.EN.U4EEE21221","Ishaan Mishra","cb.en.u4eee21221@cb.students.amrita.edu","EEE","C","2025","8.83","0","Placed"
"CB.EN.U4EEE21222","Bhavya Mishra","cb.en.u4eee21222@cb.students.amrita.edu","EEE","C","2025","8.06","2","Not Placed"
"CB.EN.U4EEE21223","Riya Raman","cb.en.u4eee21223@cb.students.amrita.edu","EEE","C","2025","7.73","2","Not Placed"
"CB.EN.U4EEE21224","Arjun Menon","cb.en.u4eee21224@cb.students.amrita.edu","EEE","C","2025","8.38","2","Not Placed"
"CB.EN.U4EEE21225","Sneha Gupta","cb.en.u4eee21225@cb.students.amrita.edu","EEE","C","2025","6.21","1","Placed"
"CB.EN.U4EEE21226","Diya Iyer","cb.en.u4eee21226@cb.students.amrita.edu","EEE","C","2025","6.26","2","Placed"
"CB.EN.U4EEE21227","Keerthana Das","cb.en.u4eee21227@cb.students.amrita.edu","EEE","C","2025","9.18","1","Not Placed"
"CB.EN.U4EEE21228","Arya Verma","cb.en.u4eee21228@cb.students.amrita.edu","EEE","C","2025","7.6","0","Not Placed"
"CB.EN.U4EEE21229","Sanjay Raman","cb.en.u4eee21229@cb.students.amrita.edu","EEE","C","2025","6.63","0","Placed"
"CB.EN.U4EEE21230","Tanvi Nair","cb.en.u4eee21230@cb.students.amrita.edu","EEE","C","2025","7.79","0","Placed"
"CB.EN.U4EEE21231","Arjun Shetty","cb.en.u4eee21231@cb.students.amrita.edu","EEE","C","2025","6.25","1","Placed"
"CB.EN.U4EEE21232","Zara Mishra","cb.en.u4eee21232@cb.students.amrita.edu","EEE","C","2025","9.55","2","Not Placed"
"CB.EN.U4EEE21233","Ishaan Das","cb.en.u4eee21233@cb.students.amrita.edu","EEE","C","2025","9.14","2","Placed"
"CB.EN.U4EEE21234","Akash Sharma","cb.en.u4eee21234@cb.students.amrita.edu","EEE","C","2025","9.19","0","Not Placed"
"CB.EN.U4EEE21235","Sanjay Krishnan","cb.en.u4eee21235@cb.students.amrita.edu","EEE","C","2025","8.96","1","Not Placed"
"CB.EN.U4EEE21236","Arya Raman","cb.en.u4eee21236@cb.students.amrita.edu","EEE","C","2025","8.17","0","Placed"
"CB.EN.U4EEE21237","Harish Patel","cb.en.u4eee21237@cb.students.amrita.edu","EEE","C","2025","7.82","2","Placed"
"CB.EN.U4EEE21238","Bhavya Joshi","cb.en.u4eee21238@cb.students.amrita.edu","EEE","C","2025","7.55","1","Placed"
"CB.EN.U4EEE21239","Karthik Verma","cb.en.u4eee21239@cb.students.amrita.edu","EEE","C","2025","7.85","2","Placed"
"CB.EN.U4EEE21240","Akash Nair","cb.en.u4eee21240@cb.students.amrita.edu","EEE","C","2025","6.42","0","Placed"
"CB.EN.U4EEE21241","Aarav Menon","cb.en.u4eee21241@cb.students.amrita.edu","EEE","C","2025","6.87","1","Placed"
"CB.EN.U4EEE21242","Nikhil Das","cb.en.u4eee21242@cb.students.amrita.edu","EEE","C","2025","7.79","0","Not Placed"
"CB.EN.U4EEE21243","Arjun Iyer","cb.en.u4eee21243@cb.students.amrita.edu","EEE","C","2025","8.42","0","Not Placed"
"CB.EN.U4EEE21244","Karthik Sharma","cb.en.u4eee21244@cb.students.amrita.edu","EEE","C","2025","9.27","1","Placed"
"CB.EN.U4EEE21245","Lakshmi Sharma","cb.en.u4eee21245@cb.students.amrita.edu","EEE","C","2025","8.45","0","Not Placed"
"CB.EN.U4EEE21246","Akash Nair","cb.en.u4eee21246@cb.students.amrita.edu","EEE","C","2025","8.81","1","Not Placed"
"CB.EN.U4EEE21247","Lakshmi Pillai","cb.en.u4eee21247@cb.students.amrita.edu","EEE","C","2025","7.22","2","Not Placed"
"CB.EN.U4EEE21248","Zara Iyer","cb.en.u4eee21248@cb.students.amrita.edu","EEE","C","2025","7.93","1","Not Placed"
"CB.EN.U4EEE21249","Nikhil Nair","cb.en.u4eee21249@cb.students.amrita.edu","EEE","C","2025","6.74","1","Not Placed"
"CB.EN.U4EEE21250","Zara Joshi","cb.en.u4eee21250@cb.students.amrita.edu","EEE","C","2025","6.2","0","Not Placed"
"CB.EN.U4EEE21251","Nikhil Nair","cb.en.u4eee21251@cb.students.amrita.edu","EEE","C","2025","9.56","0","Placed"
"CB.EN.U4EEE21252","Sneha Reddy","cb.en.u4eee21252@cb.students.amrita.edu","EEE","C","2025","7.14","1","Not Placed"
"CB.EN.U4EEE21253","Zara Nair","cb.en.u4eee21253@cb.students.amrita.edu","EEE","C","2025","9.29","0","Not Placed"
"CB.EN.U4EEE21254","Harish Iyer","cb.en.u4eee21254@cb.students.amrita.edu","EEE","C","2025","7.03","1","Not Placed"
"CB.EN.U4EEE21255","Diya Nair","cb.en.u4eee21255@cb.students.amrita.edu","EEE","C","2025","6.09","1","Placed"
"CB.EN.U4EEE21256","Nikhil Verma","cb.en.u4eee21256@cb.students.amrita.edu","EEE","C","2025","8.83","0","Placed"
"CB.EN.U4EEE21257","Bhavya Gupta","cb.en.u4eee21257@cb.students.amrita.edu","EEE","C","2025","8.76","1","Not Placed"
"CB.EN.U4EEE21258","Ishaan Menon","cb.en.u4eee21258@cb.students.amrita.edu","EEE","C","2025","6.51","1","Not Placed"
"CB.EN.U4EEE21259","Nikhil Pillai","cb.en.u4eee21259@cb.students.amrita.edu","EEE","C","2025","6.32","1","Not Placed"
"CB.EN.U4EEE21260","Nikhil Das","cb.en.u4eee21260@cb.students.amrita.edu","EEE","C","2025","7.35","1","Not Placed"
"CB.EN.U4EEE21301","Sneha Menon","cb.en.u4eee21301@cb.students.amrita.edu","EEE","D","2025","9.65","2","Not Placed"
"CB.EN.U4EEE21302","Sanjay Pillai","cb.en.u4eee21302@cb.students.amrita.edu","EEE","D","2025","8","2","Not Placed"
"CB.EN.U4EEE21303","Surya Mishra","cb.en.u4eee21303@cb.students.amrita.edu","EEE","D","2025","6.97","0","Placed"
"CB.EN.U4EEE21304","Sanjay Reddy","cb.en.u4eee21304@cb.students.amrita.edu","EEE","D","2025","9.16","1","Not Placed"
"CB.EN.U4EEE21305","Sneha Joshi","cb.en.u4eee21305@cb.students.amrita.edu","EEE","D","2025","7.18","1","Not Placed"
"CB.EN.U4EEE21306","Charan Reddy","cb.en.u4eee21306@cb.students.amrita.edu","EEE","D","2025","6.45","0","Placed"
"CB.EN.U4EEE21307","Aarav Reddy","cb.en.u4eee21307@cb.students.amrita.edu","EEE","D","2025","9.86","1","Placed"
"CB.EN.U4EEE21308","Vikram Kapoor","cb.en.u4eee21308@cb.students.amrita.edu","EEE","D","2025","9.8","0","Placed"
"CB.EN.U4EEE21309","Karthik Bose","cb.en.u4eee21309@cb.students.amrita.edu","EEE","D","2025","7","2","Placed"
"CB.EN.U4EEE21310","Aditya Patel","cb.en.u4eee21310@cb.students.amrita.edu","EEE","D","2025","7.37","0","Placed"
"CB.EN.U4EEE21311","Diya Raman","cb.en.u4eee21311@cb.students.amrita.edu","EEE","D","2025","6.37","2","Placed"
"CB.EN.U4EEE21312","Diya Shetty","cb.en.u4eee21312@cb.students.amrita.edu","EEE","D","2025","7.62","1","Placed"
"CB.EN.U4EEE21313","Diya Pillai","cb.en.u4eee21313@cb.students.amrita.edu","EEE","D","2025","6.55","0","Not Placed"
"CB.EN.U4EEE21314","Anirudh Raman","cb.en.u4eee21314@cb.students.amrita.edu","EEE","D","2025","6.36","0","Placed"
"CB.EN.U4EEE21315","Charan Nair","cb.en.u4eee21315@cb.students.amrita.edu","EEE","D","2025","8.43","0","Placed"
"CB.EN.U4EEE21316","Varun Patel","cb.en.u4eee21316@cb.students.amrita.edu","EEE","D","2025","7.19","2","Placed"
"CB.EN.U4EEE21317","Nikhil Verma","cb.en.u4eee21317@cb.students.amrita.edu","EEE","D","2025","7.52","2","Not Placed"
"CB.EN.U4EEE21318","Rahul Kulkarni","cb.en.u4eee21318@cb.students.amrita.edu","EEE","D","2025","7.92","2","Not Placed"
"CB.EN.U4EEE21319","Aishwarya Reddy","cb.en.u4eee21319@cb.students.amrita.edu","EEE","D","2025","9.01","2","Not Placed"
"CB.EN.U4EEE21320","Diya Kulkarni","cb.en.u4eee21320@cb.students.amrita.edu","EEE","D","2025","6.24","1","Not Placed"
"CB.EN.U4EEE21321","Varun Iyer","cb.en.u4eee21321@cb.students.amrita.edu","EEE","D","2025","6.38","0","Placed"
"CB.EN.U4EEE21322","Sanjay Reddy","cb.en.u4eee21322@cb.students.amrita.edu","EEE","D","2025","9.14","0","Not Placed"
"CB.EN.U4EEE21323","Meera Patel","cb.en.u4eee21323@cb.students.amrita.edu","EEE","D","2025","9.59","0","Not Placed"
"CB.EN.U4EEE21324","Ananya Krishnan","cb.en.u4eee21324@cb.students.amrita.edu","EEE","D","2025","6.29","1","Not Placed"
"CB.EN.U4EEE21325","Meera Raman","cb.en.u4eee21325@cb.students.amrita.edu","EEE","D","2025","9.44","2","Not Placed"
"CB.EN.U4EEE21326","Riya Verma","cb.en.u4eee21326@cb.students.amrita.edu","EEE","D","2025","7.4","2","Placed"
"CB.EN.U4EEE21327","Riya Iyer","cb.en.u4eee21327@cb.students.amrita.edu","EEE","D","2025","8.81","2","Placed"
"CB.EN.U4EEE21328","Akash Gupta","cb.en.u4eee21328@cb.students.amrita.edu","EEE","D","2025","6.99","1","Placed"
"CB.EN.U4EEE21329","Karthik Chatterjee","cb.en.u4eee21329@cb.students.amrita.edu","EEE","D","2025","6.18","2","Not Placed"
"CB.EN.U4EEE21330","Meera Gupta","cb.en.u4eee21330@cb.students.amrita.edu","EEE","D","2025","7.61","1","Not Placed"
"CB.EN.U4EEE21331","Meera Sharma","cb.en.u4eee21331@cb.students.amrita.edu","EEE","D","2025","8.07","1","Not Placed"
"CB.EN.U4EEE21332","Lakshmi Kulkarni","cb.en.u4eee21332@cb.students.amrita.edu","EEE","D","2025","8.07","2","Placed"
"CB.EN.U4EEE21333","Ananya Mishra","cb.en.u4eee21333@cb.students.amrita.edu","EEE","D","2025","7.54","2","Not Placed"
"CB.EN.U4EEE21334","Janani Gupta","cb.en.u4eee21334@cb.students.amrita.edu","EEE","D","2025","6.05","2","Placed"
"CB.EN.U4EEE21335","Aishwarya Iyer","cb.en.u4eee21335@cb.students.amrita.edu","EEE","D","2025","7.24","0","Placed"
"CB.EN.U4EEE21336","Rahul Nair","cb.en.u4eee21336@cb.students.amrita.edu","EEE","D","2025","8.77","1","Not Placed"
"CB.EN.U4EEE21337","Lakshmi Gupta","cb.en.u4eee21337@cb.students.amrita.edu","EEE","D","2025","8.31","2","Placed"
"CB.EN.U4EEE21338","Sneha Verma","cb.en.u4eee21338@cb.students.amrita.edu","EEE","D","2025","9.61","1","Not Placed"
"CB.EN.U4EEE21339","Arjun Raman","cb.en.u4eee21339@cb.students.amrita.edu","EEE","D","2025","6.27","1","Not Placed"
"CB.EN.U4EEE21340","Harish Sharma","cb.en.u4eee21340@cb.students.amrita.edu","EEE","D","2025","8.46","0","Not Placed"
"CB.EN.U4EEE21341","Surya Chatterjee","cb.en.u4eee21341@cb.students.amrita.edu","EEE","D","2025","9.6","1","Placed"
"CB.EN.U4EEE21342","Karthik Kulkarni","cb.en.u4eee21342@cb.students.amrita.edu","EEE","D","2025","7.05","0","Placed"
"CB.EN.U4EEE21343","Anirudh Kulkarni","cb.en.u4eee21343@cb.students.amrita.edu","EEE","D","2025","9.1","2","Placed"
"CB.EN.U4EEE21344","Aditya Mishra","cb.en.u4eee21344@cb.students.amrita.edu","EEE","D","2025","7.81","1","Placed"
"CB.EN.U4EEE21345","Aishwarya Gupta","cb.en.u4eee21345@cb.students.amrita.edu","EEE","D","2025","6.79","1","Not Placed"
"CB.EN.U4EEE21346","Aishwarya Raman","cb.en.u4eee21346@cb.students.amrita.edu","EEE","D","2025","7.85","1","Not Placed"
"CB.EN.U4EEE21347","Bhavya Bose","cb.en.u4eee21347@cb.students.amrita.edu","EEE","D","2025","8.88","2","Placed"
"CB.EN.U4EEE21348","Riya Gupta","cb.en.u4eee21348@cb.students.amrita.edu","EEE","D","2025","7.84","1","Placed"
"CB.EN.U4EEE21349","Ishaan Shetty","cb.en.u4eee21349@cb.students.amrita.edu","EEE","D","2025","7","0","Placed"
"CB.EN.U4EEE21350","Arya Iyer","cb.en.u4eee21350@cb.students.amrita.edu","EEE","D","2025","8.46","0","Not Placed"
"CB.EN.U4EEE21351","Meera Bose","cb.en.u4eee21351@cb.students.amrita.edu","EEE","D","2025","8.93","0","Placed"
"CB.EN.U4EEE21352","Akash Kapoor","cb.en.u4eee21352@cb.students.amrita.edu","EEE","D","2025","8.98","1","Not Placed"
"CB.EN.U4EEE21353","Lakshmi Gupta","cb.en.u4eee21353@cb.students.amrita.edu","EEE","D","2025","8.81","0","Not Placed"
"CB.EN.U4EEE21354","Janani Iyer","cb.en.u4eee21354@cb.students.amrita.edu","EEE","D","2025","9.85","0","Placed"
"CB.EN.U4EEE21355","Zara Raman","cb.en.u4eee21355@cb.students.amrita.edu","EEE","D","2025","9.73","1","Placed"
"CB.EN.U4EEE21356","Vikram Bose","cb.en.u4eee21356@cb.students.amrita.edu","EEE","D","2025","9.61","1","Not Placed"
"CB.EN.U4EEE21357","Aishwarya Verma","cb.en.u4eee21357@cb.students.amrita.edu","EEE","D","2025","8.52","0","Not Placed"
"CB.EN.U4EEE21358","Rahul Chatterjee","cb.en.u4eee21358@cb.students.amrita.edu","EEE","D","2025","7.45","0","Not Placed"
"CB.EN.U4EEE21359","Riya Kapoor","cb.en.u4eee21359@cb.students.amrita.edu","EEE","D","2025","8.27","2","Not Placed"
"CB.EN.U4EEE21360","Arya Nagarajan","cb.en.u4eee21360@cb.students.amrita.edu","EEE","D","2025","6.58","1","Not Placed"
"CB.EN.U4EEE21401","Riya Joshi","cb.en.u4eee21401@cb.students.amrita.edu","EEE","E","2025","9.68","1","Placed"
"CB.EN.U4EEE21402","Harish Krishnan","cb.en.u4eee21402@cb.students.amrita.edu","EEE","E","2025","7.49","2","Placed"
"CB.EN.U4EEE21403","Karthik Raman","cb.en.u4eee21403@cb.students.amrita.edu","EEE","E","2025","7.15","1","Placed"
"CB.EN.U4EEE21404","Surya Joshi","cb.en.u4eee21404@cb.students.amrita.edu","EEE","E","2025","7.65","2","Placed"
"CB.EN.U4EEE21405","Ananya Shetty","cb.en.u4eee21405@cb.students.amrita.edu","EEE","E","2025","7.47","1","Not Placed"
"CB.EN.U4EEE21406","Pooja Verma","cb.en.u4eee21406@cb.students.amrita.edu","EEE","E","2025","7.55","0","Not Placed"
"CB.EN.U4EEE21407","Rahul Das","cb.en.u4eee21407@cb.students.amrita.edu","EEE","E","2025","6.67","1","Placed"
"CB.EN.U4EEE21408","Karthik Nagarajan","cb.en.u4eee21408@cb.students.amrita.edu","EEE","E","2025","9.31","2","Not Placed"
"CB.EN.U4EEE21409","Ishaan Chatterjee","cb.en.u4eee21409@cb.students.amrita.edu","EEE","E","2025","6.32","0","Placed"
"CB.EN.U4EEE21410","Meera Kapoor","cb.en.u4eee21410@cb.students.amrita.edu","EEE","E","2025","9.32","0","Placed"
"CB.EN.U4EEE21411","Lakshmi Menon","cb.en.u4eee21411@cb.students.amrita.edu","EEE","E","2025","7.7","0","Placed"
"CB.EN.U4EEE21412","Bhavya Patel","cb.en.u4eee21412@cb.students.amrita.edu","EEE","E","2025","6.8","2","Placed"
"CB.EN.U4EEE21413","Arya Nair","cb.en.u4eee21413@cb.students.amrita.edu","EEE","E","2025","6.46","1","Placed"
"CB.EN.U4EEE21414","Lakshmi Bose","cb.en.u4eee21414@cb.students.amrita.edu","EEE","E","2025","7.33","0","Not Placed"
"CB.EN.U4EEE21415","Harish Verma","cb.en.u4eee21415@cb.students.amrita.edu","EEE","E","2025","6.86","2","Not Placed"
"CB.EN.U4EEE21416","Charan Pillai","cb.en.u4eee21416@cb.students.amrita.edu","EEE","E","2025","8.14","0","Not Placed"
"CB.EN.U4EEE21417","Janani Kapoor","cb.en.u4eee21417@cb.students.amrita.edu","EEE","E","2025","8","2","Not Placed"
"CB.EN.U4EEE21418","Ananya Kapoor","cb.en.u4eee21418@cb.students.amrita.edu","EEE","E","2025","9.01","0","Placed"
"CB.EN.U4EEE21419","Surya Raman","cb.en.u4eee21419@cb.students.amrita.edu","EEE","E","2025","8.99","2","Not Placed"
"CB.EN.U4EEE21420","Aishwarya Menon","cb.en.u4eee21420@cb.students.amrita.edu","EEE","E","2025","6.14","0","Placed"
"CB.EN.U4EEE21421","Charan Joshi","cb.en.u4eee21421@cb.students.amrita.edu","EEE","E","2025","7.73","2","Not Placed"
"CB.EN.U4EEE21422","Arjun Das","cb.en.u4eee21422@cb.students.amrita.edu","EEE","E","2025","9.14","2","Placed"
"CB.EN.U4EEE21423","Bhavya Gupta","cb.en.u4eee21423@cb.students.amrita.edu","EEE","E","2025","7.14","1","Placed"
"CB.EN.U4EEE21424","Meera Mishra","cb.en.u4eee21424@cb.students.amrita.edu","EEE","E","2025","8.38","1","Placed"
"CB.EN.U4EEE21425","Surya Kapoor","cb.en.u4eee21425@cb.students.amrita.edu","EEE","E","2025","9.76","2","Not Placed"
"CB.EN.U4EEE21426","Nikhil Nair","cb.en.u4eee21426@cb.students.amrita.edu","EEE","E","2025","9.08","1","Not Placed"
"CB.EN.U4EEE21427","Yash Shetty","cb.en.u4eee21427@cb.students.amrita.edu","EEE","E","2025","7.85","0","Placed"
"CB.EN.U4EEE21428","Charan Raman","cb.en.u4eee21428@cb.students.amrita.edu","EEE","E","2025","8.36","2","Not Placed"
"CB.EN.U4EEE21429","Ishaan Menon","cb.en.u4eee21429@cb.students.amrita.edu","EEE","E","2025","9.34","1","Not Placed"
"CB.EN.U4EEE21430","Charan Reddy","cb.en.u4eee21430@cb.students.amrita.edu","EEE","E","2025","9.11","1","Placed"
"CB.EN.U4EEE21431","Sneha Mishra","cb.en.u4eee21431@cb.students.amrita.edu","EEE","E","2025","9.46","1","Placed"
"CB.EN.U4EEE21432","Tanvi Menon","cb.en.u4eee21432@cb.students.amrita.edu","EEE","E","2025","7.35","1","Placed"
"CB.EN.U4EEE21433","Rahul Menon","cb.en.u4eee21433@cb.students.amrita.edu","EEE","E","2025","8.46","2","Not Placed"
"CB.EN.U4EEE21434","Yash Menon","cb.en.u4eee21434@cb.students.amrita.edu","EEE","E","2025","7.85","0","Placed"
"CB.EN.U4EEE21435","Pooja Joshi","cb.en.u4eee21435@cb.students.amrita.edu","EEE","E","2025","7.04","2","Not Placed"
"CB.EN.U4EEE21436","Keerthana Reddy","cb.en.u4eee21436@cb.students.amrita.edu","EEE","E","2025","9.58","0","Not Placed"
"CB.EN.U4EEE21437","Janani Joshi","cb.en.u4eee21437@cb.students.amrita.edu","EEE","E","2025","8.81","0","Placed"
"CB.EN.U4EEE21438","Meera Patel","cb.en.u4eee21438@cb.students.amrita.edu","EEE","E","2025","6.15","0","Not Placed"
"CB.EN.U4EEE21439","Nikhil Das","cb.en.u4eee21439@cb.students.amrita.edu","EEE","E","2025","9.23","1","Not Placed"
"CB.EN.U4EEE21440","Arjun Menon","cb.en.u4eee21440@cb.students.amrita.edu","EEE","E","2025","7.37","0","Not Placed"
"CB.EN.U4EEE21441","Lakshmi Nair","cb.en.u4eee21441@cb.students.amrita.edu","EEE","E","2025","6.77","0","Placed"
"CB.EN.U4EEE21442","Sneha Pillai","cb.en.u4eee21442@cb.students.amrita.edu","EEE","E","2025","7.3","1","Not Placed"
"CB.EN.U4EEE21443","Lakshmi Mishra","cb.en.u4eee21443@cb.students.amrita.edu","EEE","E","2025","8.09","2","Not Placed"
"CB.EN.U4EEE21444","Arya Kapoor","cb.en.u4eee21444@cb.students.amrita.edu","EEE","E","2025","8.09","0","Placed"
"CB.EN.U4EEE21445","Varun Bose","cb.en.u4eee21445@cb.students.amrita.edu","EEE","E","2025","6.06","2","Not Placed"
"CB.EN.U4EEE21446","Bhavya Pillai","cb.en.u4eee21446@cb.students.amrita.edu","EEE","E","2025","6.8","0","Placed"
"CB.EN.U4EEE21447","Surya Shetty","cb.en.u4eee21447@cb.students.amrita.edu","EEE","E","2025","9.61","2","Not Placed"
"CB.EN.U4EEE21448","Riya Verma","cb.en.u4eee21448@cb.students.amrita.edu","EEE","E","2025","8.56","2","Not Placed"
"CB.EN.U4EEE21449","Arjun Verma","cb.en.u4eee21449@cb.students.amrita.edu","EEE","E","2025","9.56","0","Not Placed"
"CB.EN.U4EEE21450","Vikram Chatterjee","cb.en.u4eee21450@cb.students.amrita.edu","EEE","E","2025","9.86","0","Placed"
"CB.EN.U4EEE21451","Lakshmi Mishra","cb.en.u4eee21451@cb.students.amrita.edu","EEE","E","2025","8.69","0","Not Placed"
"CB.EN.U4EEE21452","Charan Iyer","cb.en.u4eee21452@cb.students.amrita.edu","EEE","E","2025","6.82","0","Placed"
"CB.EN.U4EEE21453","Anirudh Kapoor","cb.en.u4eee21453@cb.students.amrita.edu","EEE","E","2025","6.38","0","Not Placed"
"CB.EN.U4EEE21454","Keerthana Chatterjee","cb.en.u4eee21454@cb.students.amrita.edu","EEE","E","2025","6.03","1","Not Placed"
"CB.EN.U4EEE21455","Zara Mishra","cb.en.u4eee21455@cb.students.amrita.edu","EEE","E","2025","6.72","1","Not Placed"
"CB.EN.U4EEE21456","Tanvi Pillai","cb.en.u4eee21456@cb.students.amrita.edu","EEE","E","2025","6.1","0","Not Placed"
"CB.EN.U4EEE21457","Ananya Reddy","cb.en.u4eee21457@cb.students.amrita.edu","EEE","E","2025","8.51","1","Not Placed"
"CB.EN.U4EEE21458","Meera Bose","cb.en.u4eee21458@cb.students.amrita.edu","EEE","E","2025","6.85","2","Not Placed"
"CB.EN.U4EEE21459","Zara Pillai","cb.en.u4eee21459@cb.students.amrita.edu","EEE","E","2025","9.37","2","Not Placed"
"CB.EN.U4EEE21460","Janani Reddy","cb.en.u4eee21460@cb.students.amrita.edu","EEE","E","2025","7","0","Placed"
"CB.EN.U4ECE21001","Bhavya Sharma","cb.en.u4ece21001@cb.students.amrita.edu","ECE","A","2025","6.99","1","Not Placed"
"CB.EN.U4ECE21002","Charan Mishra","cb.en.u4ece21002@cb.students.amrita.edu","ECE","A","2025","7.31","0","Not Placed"
"CB.EN.U4ECE21003","Bhavya Nair","cb.en.u4ece21003@cb.students.amrita.edu","ECE","A","2025","6.95","2","Placed"
"CB.EN.U4ECE21004","Aditya Menon","cb.en.u4ece21004@cb.students.amrita.edu","ECE","A","2025","7.34","1","Not Placed"
"CB.EN.U4ECE21005","Bhavya Mishra","cb.en.u4ece21005@cb.students.amrita.edu","ECE","A","2025","8.37","2","Not Placed"
"CB.EN.U4ECE21006","Anirudh Nagarajan","cb.en.u4ece21006@cb.students.amrita.edu","ECE","A","2025","9.81","0","Not Placed"
"CB.EN.U4ECE21007","Varun Menon","cb.en.u4ece21007@cb.students.amrita.edu","ECE","A","2025","9.16","0","Not Placed"
"CB.EN.U4ECE21008","Karthik Krishnan","cb.en.u4ece21008@cb.students.amrita.edu","ECE","A","2025","7.93","1","Not Placed"
"CB.EN.U4ECE21009","Varun Gupta","cb.en.u4ece21009@cb.students.amrita.edu","ECE","A","2025","9.73","0","Not Placed"
"CB.EN.U4ECE21010","Nikhil Raman","cb.en.u4ece21010@cb.students.amrita.edu","ECE","A","2025","7.13","0","Not Placed"
"CB.EN.U4ECE21011","Janani Shetty","cb.en.u4ece21011@cb.students.amrita.edu","ECE","A","2025","6.41","2","Placed"
"CB.EN.U4ECE21012","Zara Kulkarni","cb.en.u4ece21012@cb.students.amrita.edu","ECE","A","2025","7.6","2","Placed"
"CB.EN.U4ECE21013","Ananya Krishnan","cb.en.u4ece21013@cb.students.amrita.edu","ECE","A","2025","8.23","1","Not Placed"
"CB.EN.U4ECE21014","Bhavya Joshi","cb.en.u4ece21014@cb.students.amrita.edu","ECE","A","2025","7.7","0","Placed"
"CB.EN.U4ECE21015","Nikhil Menon","cb.en.u4ece21015@cb.students.amrita.edu","ECE","A","2025","8.66","1","Not Placed"
"CB.EN.U4ECE21016","Arjun Reddy","cb.en.u4ece21016@cb.students.amrita.edu","ECE","A","2025","7.47","2","Placed"
"CB.EN.U4ECE21017","Sanjay Reddy","cb.en.u4ece21017@cb.students.amrita.edu","ECE","A","2025","9.07","1","Placed"
"CB.EN.U4ECE21018","Anirudh Verma","cb.en.u4ece21018@cb.students.amrita.edu","ECE","A","2025","9.63","1","Placed"
"CB.EN.U4ECE21019","Sneha Verma","cb.en.u4ece21019@cb.students.amrita.edu","ECE","A","2025","9.38","1","Not Placed"
"CB.EN.U4ECE21020","Harish Joshi","cb.en.u4ece21020@cb.students.amrita.edu","ECE","A","2025","7.14","1","Placed"
"CB.EN.U4ECE21021","Lakshmi Mishra","cb.en.u4ece21021@cb.students.amrita.edu","ECE","A","2025","6.85","0","Placed"
"CB.EN.U4ECE21022","Riya Sharma","cb.en.u4ece21022@cb.students.amrita.edu","ECE","A","2025","7.21","1","Placed"
"CB.EN.U4ECE21023","Karthik Kulkarni","cb.en.u4ece21023@cb.students.amrita.edu","ECE","A","2025","8.43","1","Placed"
"CB.EN.U4ECE21024","Aishwarya Verma","cb.en.u4ece21024@cb.students.amrita.edu","ECE","A","2025","7.88","2","Placed"
"CB.EN.U4ECE21025","Tanvi Joshi","cb.en.u4ece21025@cb.students.amrita.edu","ECE","A","2025","9.42","0","Placed"
"CB.EN.U4ECE21026","Sneha Mishra","cb.en.u4ece21026@cb.students.amrita.edu","ECE","A","2025","6.26","0","Not Placed"
"CB.EN.U4ECE21027","Tanvi Nair","cb.en.u4ece21027@cb.students.amrita.edu","ECE","A","2025","9.75","2","Not Placed"
"CB.EN.U4ECE21028","Diya Joshi","cb.en.u4ece21028@cb.students.amrita.edu","ECE","A","2025","9.55","1","Placed"
"CB.EN.U4ECE21029","Aarav Shetty","cb.en.u4ece21029@cb.students.amrita.edu","ECE","A","2025","8.15","1","Not Placed"
"CB.EN.U4ECE21030","Rahul Reddy","cb.en.u4ece21030@cb.students.amrita.edu","ECE","A","2025","6.25","2","Placed"
"CB.EN.U4ECE21031","Bhavya Sharma","cb.en.u4ece21031@cb.students.amrita.edu","ECE","A","2025","8.56","1","Placed"
"CB.EN.U4ECE21032","Sanjay Shetty","cb.en.u4ece21032@cb.students.amrita.edu","ECE","A","2025","6.3","0","Not Placed"
"CB.EN.U4ECE21033","Arya Chatterjee","cb.en.u4ece21033@cb.students.amrita.edu","ECE","A","2025","9.36","0","Placed"
"CB.EN.U4ECE21034","Lakshmi Nagarajan","cb.en.u4ece21034@cb.students.amrita.edu","ECE","A","2025","8.08","2","Placed"
"CB.EN.U4ECE21035","Ishaan Nagarajan","cb.en.u4ece21035@cb.students.amrita.edu","ECE","A","2025","9.38","0","Placed"
"CB.EN.U4ECE21036","Ananya Chatterjee","cb.en.u4ece21036@cb.students.amrita.edu","ECE","A","2025","6.85","0","Placed"
"CB.EN.U4ECE21037","Riya Krishnan","cb.en.u4ece21037@cb.students.amrita.edu","ECE","A","2025","7.46","2","Placed"
"CB.EN.U4ECE21038","Janani Bose","cb.en.u4ece21038@cb.students.amrita.edu","ECE","A","2025","8.48","1","Not Placed"
"CB.EN.U4ECE21039","Harish Kapoor","cb.en.u4ece21039@cb.students.amrita.edu","ECE","A","2025","8.79","0","Placed"
"CB.EN.U4ECE21040","Aarav Das","cb.en.u4ece21040@cb.students.amrita.edu","ECE","A","2025","9.37","0","Placed"
"CB.EN.U4ECE21041","Karthik Mishra","cb.en.u4ece21041@cb.students.amrita.edu","ECE","A","2025","9.74","0","Placed"
"CB.EN.U4ECE21042","Nikhil Patel","cb.en.u4ece21042@cb.students.amrita.edu","ECE","A","2025","7.59","1","Placed"
"CB.EN.U4ECE21043","Tanvi Joshi","cb.en.u4ece21043@cb.students.amrita.edu","ECE","A","2025","7.86","0","Placed"
"CB.EN.U4ECE21044","Ishaan Krishnan","cb.en.u4ece21044@cb.students.amrita.edu","ECE","A","2025","8.01","2","Placed"
"CB.EN.U4ECE21045","Ananya Krishnan","cb.en.u4ece21045@cb.students.amrita.edu","ECE","A","2025","9.76","0","Not Placed"
"CB.EN.U4ECE21046","Surya Pillai","cb.en.u4ece21046@cb.students.amrita.edu","ECE","A","2025","7.61","1","Placed"
"CB.EN.U4ECE21047","Ananya Bose","cb.en.u4ece21047@cb.students.amrita.edu","ECE","A","2025","7.06","0","Not Placed"
"CB.EN.U4ECE21048","Aishwarya Chatterjee","cb.en.u4ece21048@cb.students.amrita.edu","ECE","A","2025","7.59","1","Not Placed"
"CB.EN.U4ECE21049","Rahul Reddy","cb.en.u4ece21049@cb.students.amrita.edu","ECE","A","2025","6.35","0","Not Placed"
"CB.EN.U4ECE21050","Aishwarya Gupta","cb.en.u4ece21050@cb.students.amrita.edu","ECE","A","2025","9.59","1","Not Placed"
"CB.EN.U4ECE21051","Riya Krishnan","cb.en.u4ece21051@cb.students.amrita.edu","ECE","A","2025","9.55","2","Not Placed"
"CB.EN.U4ECE21052","Varun Krishnan","cb.en.u4ece21052@cb.students.amrita.edu","ECE","A","2025","6.16","0","Not Placed"
"CB.EN.U4ECE21053","Yash Iyer","cb.en.u4ece21053@cb.students.amrita.edu","ECE","A","2025","9.87","0","Not Placed"
"CB.EN.U4ECE21054","Riya Menon","cb.en.u4ece21054@cb.students.amrita.edu","ECE","A","2025","6.22","2","Not Placed"
"CB.EN.U4ECE21055","Ishaan Kapoor","cb.en.u4ece21055@cb.students.amrita.edu","ECE","A","2025","9.2","1","Placed"
"CB.EN.U4ECE21056","Zara Das","cb.en.u4ece21056@cb.students.amrita.edu","ECE","A","2025","6.29","0","Not Placed"
"CB.EN.U4ECE21057","Aarav Pillai","cb.en.u4ece21057@cb.students.amrita.edu","ECE","A","2025","7.48","1","Not Placed"
"CB.EN.U4ECE21058","Bhavya Mishra","cb.en.u4ece21058@cb.students.amrita.edu","ECE","A","2025","9.04","2","Not Placed"
"CB.EN.U4ECE21059","Sanjay Patel","cb.en.u4ece21059@cb.students.amrita.edu","ECE","A","2025","7.84","1","Not Placed"
"CB.EN.U4ECE21060","Karthik Patel","cb.en.u4ece21060@cb.students.amrita.edu","ECE","A","2025","7.88","1","Not Placed"
"CB.EN.U4ECE21101","Lakshmi Kulkarni","cb.en.u4ece21101@cb.students.amrita.edu","ECE","B","2025","8.61","1","Not Placed"
"CB.EN.U4ECE21102","Riya Menon","cb.en.u4ece21102@cb.students.amrita.edu","ECE","B","2025","9.66","1","Not Placed"
"CB.EN.U4ECE21103","Keerthana Chatterjee","cb.en.u4ece21103@cb.students.amrita.edu","ECE","B","2025","7.44","2","Placed"
"CB.EN.U4ECE21104","Aditya Nagarajan","cb.en.u4ece21104@cb.students.amrita.edu","ECE","B","2025","6.02","1","Not Placed"
"CB.EN.U4ECE21105","Aishwarya Raman","cb.en.u4ece21105@cb.students.amrita.edu","ECE","B","2025","6.71","0","Not Placed"
"CB.EN.U4ECE21106","Janani Chatterjee","cb.en.u4ece21106@cb.students.amrita.edu","ECE","B","2025","6.94","0","Placed"
"CB.EN.U4ECE21107","Aishwarya Das","cb.en.u4ece21107@cb.students.amrita.edu","ECE","B","2025","8.15","2","Placed"
"CB.EN.U4ECE21108","Zara Pillai","cb.en.u4ece21108@cb.students.amrita.edu","ECE","B","2025","9.81","1","Placed"
"CB.EN.U4ECE21109","Lakshmi Pillai","cb.en.u4ece21109@cb.students.amrita.edu","ECE","B","2025","6.06","2","Not Placed"
"CB.EN.U4ECE21110","Arjun Shetty","cb.en.u4ece21110@cb.students.amrita.edu","ECE","B","2025","6.7","2","Not Placed"
"CB.EN.U4ECE21111","Sneha Krishnan","cb.en.u4ece21111@cb.students.amrita.edu","ECE","B","2025","7.89","2","Placed"
"CB.EN.U4ECE21112","Rahul Mishra","cb.en.u4ece21112@cb.students.amrita.edu","ECE","B","2025","6.78","1","Not Placed"
"CB.EN.U4ECE21113","Charan Kapoor","cb.en.u4ece21113@cb.students.amrita.edu","ECE","B","2025","9.85","0","Placed"
"CB.EN.U4ECE21114","Arya Pillai","cb.en.u4ece21114@cb.students.amrita.edu","ECE","B","2025","8.8","1","Placed"
"CB.EN.U4ECE21115","Karthik Mishra","cb.en.u4ece21115@cb.students.amrita.edu","ECE","B","2025","9.43","1","Placed"
"CB.EN.U4ECE21116","Aditya Raman","cb.en.u4ece21116@cb.students.amrita.edu","ECE","B","2025","7.76","2","Placed"
"CB.EN.U4ECE21117","Vikram Joshi","cb.en.u4ece21117@cb.students.amrita.edu","ECE","B","2025","9.7","2","Placed"
"CB.EN.U4ECE21118","Zara Kulkarni","cb.en.u4ece21118@cb.students.amrita.edu","ECE","B","2025","6.35","0","Not Placed"
"CB.EN.U4ECE21119","Akash Chatterjee","cb.en.u4ece21119@cb.students.amrita.edu","ECE","B","2025","8.74","0","Not Placed"
"CB.EN.U4ECE21120","Varun Bose","cb.en.u4ece21120@cb.students.amrita.edu","ECE","B","2025","9.51","0","Not Placed"
"CB.EN.U4ECE21121","Aarav Krishnan","cb.en.u4ece21121@cb.students.amrita.edu","ECE","B","2025","8.23","1","Not Placed"
"CB.EN.U4ECE21122","Arya Sharma","cb.en.u4ece21122@cb.students.amrita.edu","ECE","B","2025","8.72","0","Placed"
"CB.EN.U4ECE21123","Varun Pillai","cb.en.u4ece21123@cb.students.amrita.edu","ECE","B","2025","9.75","0","Placed"
"CB.EN.U4ECE21124","Arjun Sharma","cb.en.u4ece21124@cb.students.amrita.edu","ECE","B","2025","8.73","0","Placed"
"CB.EN.U4ECE21125","Aarav Gupta","cb.en.u4ece21125@cb.students.amrita.edu","ECE","B","2025","9.01","0","Placed"
"CB.EN.U4ECE21126","Pooja Gupta","cb.en.u4ece21126@cb.students.amrita.edu","ECE","B","2025","7.9","1","Not Placed"
"CB.EN.U4ECE21127","Charan Gupta","cb.en.u4ece21127@cb.students.amrita.edu","ECE","B","2025","9","1","Placed"
"CB.EN.U4ECE21128","Karthik Krishnan","cb.en.u4ece21128@cb.students.amrita.edu","ECE","B","2025","9.26","2","Placed"
"CB.EN.U4ECE21129","Ishaan Mishra","cb.en.u4ece21129@cb.students.amrita.edu","ECE","B","2025","7.08","1","Placed"
"CB.EN.U4ECE21130","Bhavya Reddy","cb.en.u4ece21130@cb.students.amrita.edu","ECE","B","2025","9.09","2","Placed"
"CB.EN.U4ECE21131","Arya Patel","cb.en.u4ece21131@cb.students.amrita.edu","ECE","B","2025","6.54","2","Placed"
"CB.EN.U4ECE21132","Pooja Kulkarni","cb.en.u4ece21132@cb.students.amrita.edu","ECE","B","2025","7.22","2","Not Placed"
"CB.EN.U4ECE21133","Aishwarya Shetty","cb.en.u4ece21133@cb.students.amrita.edu","ECE","B","2025","7.13","1","Placed"
"CB.EN.U4ECE21134","Lakshmi Joshi","cb.en.u4ece21134@cb.students.amrita.edu","ECE","B","2025","8.55","1","Placed"
"CB.EN.U4ECE21135","Surya Pillai","cb.en.u4ece21135@cb.students.amrita.edu","ECE","B","2025","8.36","2","Not Placed"
"CB.EN.U4ECE21136","Arjun Iyer","cb.en.u4ece21136@cb.students.amrita.edu","ECE","B","2025","6.03","2","Placed"
"CB.EN.U4ECE21137","Lakshmi Pillai","cb.en.u4ece21137@cb.students.amrita.edu","ECE","B","2025","6.22","1","Placed"
"CB.EN.U4ECE21138","Keerthana Nair","cb.en.u4ece21138@cb.students.amrita.edu","ECE","B","2025","8.38","1","Not Placed"
"CB.EN.U4ECE21139","Ishaan Nagarajan","cb.en.u4ece21139@cb.students.amrita.edu","ECE","B","2025","6.6","0","Not Placed"
"CB.EN.U4ECE21140","Aarav Shetty","cb.en.u4ece21140@cb.students.amrita.edu","ECE","B","2025","7.04","0","Not Placed"
"CB.EN.U4ECE21141","Anirudh Pillai","cb.en.u4ece21141@cb.students.amrita.edu","ECE","B","2025","9.4","2","Not Placed"
"CB.EN.U4ECE21142","Ishaan Kapoor","cb.en.u4ece21142@cb.students.amrita.edu","ECE","B","2025","6.21","2","Placed"
"CB.EN.U4ECE21143","Nikhil Nagarajan","cb.en.u4ece21143@cb.students.amrita.edu","ECE","B","2025","6.43","0","Placed"
"CB.EN.U4ECE21144","Keerthana Raman","cb.en.u4ece21144@cb.students.amrita.edu","ECE","B","2025","6.35","1","Placed"
"CB.EN.U4ECE21145","Aditya Kulkarni","cb.en.u4ece21145@cb.students.amrita.edu","ECE","B","2025","6.36","0","Placed"
"CB.EN.U4ECE21146","Arya Reddy","cb.en.u4ece21146@cb.students.amrita.edu","ECE","B","2025","6.01","0","Not Placed"
"CB.EN.U4ECE21147","Harish Shetty","cb.en.u4ece21147@cb.students.amrita.edu","ECE","B","2025","8.24","1","Placed"
"CB.EN.U4ECE21148","Aishwarya Patel","cb.en.u4ece21148@cb.students.amrita.edu","ECE","B","2025","7.41","0","Placed"
"CB.EN.U4ECE21149","Arya Chatterjee","cb.en.u4ece21149@cb.students.amrita.edu","ECE","B","2025","9.72","0","Not Placed"
"CB.EN.U4ECE21150","Surya Nair","cb.en.u4ece21150@cb.students.amrita.edu","ECE","B","2025","6.82","1","Placed"
"CB.EN.U4ECE21151","Riya Menon","cb.en.u4ece21151@cb.students.amrita.edu","ECE","B","2025","9.87","2","Placed"
"CB.EN.U4ECE21152","Anirudh Chatterjee","cb.en.u4ece21152@cb.students.amrita.edu","ECE","B","2025","8.05","1","Not Placed"
"CB.EN.U4ECE21153","Arya Das","cb.en.u4ece21153@cb.students.amrita.edu","ECE","B","2025","7.96","1","Not Placed"
"CB.EN.U4ECE21154","Riya Verma","cb.en.u4ece21154@cb.students.amrita.edu","ECE","B","2025","7.84","0","Not Placed"
"CB.EN.U4ECE21155","Varun Joshi","cb.en.u4ece21155@cb.students.amrita.edu","ECE","B","2025","9.88","1","Placed"
"CB.EN.U4ECE21156","Keerthana Nair","cb.en.u4ece21156@cb.students.amrita.edu","ECE","B","2025","8.39","1","Placed"
"CB.EN.U4ECE21157","Rahul Sharma","cb.en.u4ece21157@cb.students.amrita.edu","ECE","B","2025","8.03","1","Placed"
"CB.EN.U4ECE21158","Harish Das","cb.en.u4ece21158@cb.students.amrita.edu","ECE","B","2025","6.69","1","Not Placed"
"CB.EN.U4ECE21159","Sanjay Nair","cb.en.u4ece21159@cb.students.amrita.edu","ECE","B","2025","8.11","0","Placed"
"CB.EN.U4ECE21160","Riya Menon","cb.en.u4ece21160@cb.students.amrita.edu","ECE","B","2025","9.24","1","Placed"
"CB.EN.U4ECE21201","Karthik Reddy","cb.en.u4ece21201@cb.students.amrita.edu","ECE","C","2025","7.96","0","Not Placed"
"CB.EN.U4ECE21202","Janani Nair","cb.en.u4ece21202@cb.students.amrita.edu","ECE","C","2025","7.21","0","Not Placed"
"CB.EN.U4ECE21203","Surya Krishnan","cb.en.u4ece21203@cb.students.amrita.edu","ECE","C","2025","7.27","1","Placed"
"CB.EN.U4ECE21204","Meera Krishnan","cb.en.u4ece21204@cb.students.amrita.edu","ECE","C","2025","9.07","1","Not Placed"
"CB.EN.U4ECE21205","Akash Iyer","cb.en.u4ece21205@cb.students.amrita.edu","ECE","C","2025","8.59","2","Placed"
"CB.EN.U4ECE21206","Lakshmi Sharma","cb.en.u4ece21206@cb.students.amrita.edu","ECE","C","2025","7.98","1","Not Placed"
"CB.EN.U4ECE21207","Zara Joshi","cb.en.u4ece21207@cb.students.amrita.edu","ECE","C","2025","7.31","1","Placed"
"CB.EN.U4ECE21208","Bhavya Nair","cb.en.u4ece21208@cb.students.amrita.edu","ECE","C","2025","9.11","0","Placed"
"CB.EN.U4ECE21209","Arjun Chatterjee","cb.en.u4ece21209@cb.students.amrita.edu","ECE","C","2025","6.75","0","Placed"
"CB.EN.U4ECE21210","Ishaan Nagarajan","cb.en.u4ece21210@cb.students.amrita.edu","ECE","C","2025","6.76","2","Placed"
"CB.EN.U4ECE21211","Yash Krishnan","cb.en.u4ece21211@cb.students.amrita.edu","ECE","C","2025","9.72","0","Not Placed"
"CB.EN.U4ECE21212","Meera Bose","cb.en.u4ece21212@cb.students.amrita.edu","ECE","C","2025","9.64","0","Placed"
"CB.EN.U4ECE21213","Nikhil Nair","cb.en.u4ece21213@cb.students.amrita.edu","ECE","C","2025","7.14","0","Not Placed"
"CB.EN.U4ECE21214","Lakshmi Pillai","cb.en.u4ece21214@cb.students.amrita.edu","ECE","C","2025","9.13","0","Not Placed"
"CB.EN.U4ECE21215","Harish Gupta","cb.en.u4ece21215@cb.students.amrita.edu","ECE","C","2025","9.61","2","Placed"
"CB.EN.U4ECE21216","Aishwarya Chatterjee","cb.en.u4ece21216@cb.students.amrita.edu","ECE","C","2025","8.65","1","Not Placed"
"CB.EN.U4ECE21217","Ishaan Krishnan","cb.en.u4ece21217@cb.students.amrita.edu","ECE","C","2025","6.73","2","Placed"
"CB.EN.U4ECE21218","Diya Nagarajan","cb.en.u4ece21218@cb.students.amrita.edu","ECE","C","2025","9.89","0","Not Placed"
"CB.EN.U4ECE21219","Anirudh Kulkarni","cb.en.u4ece21219@cb.students.amrita.edu","ECE","C","2025","6.25","0","Placed"
"CB.EN.U4ECE21220","Pooja Shetty","cb.en.u4ece21220@cb.students.amrita.edu","ECE","C","2025","6.52","1","Not Placed"
"CB.EN.U4ECE21221","Riya Das","cb.en.u4ece21221@cb.students.amrita.edu","ECE","C","2025","8.75","0","Placed"
"CB.EN.U4ECE21222","Janani Sharma","cb.en.u4ece21222@cb.students.amrita.edu","ECE","C","2025","8.97","2","Not Placed"
"CB.EN.U4ECE21223","Yash Iyer","cb.en.u4ece21223@cb.students.amrita.edu","ECE","C","2025","7.81","1","Placed"
"CB.EN.U4ECE21224","Charan Raman","cb.en.u4ece21224@cb.students.amrita.edu","ECE","C","2025","8.56","0","Not Placed"
"CB.EN.U4ECE21225","Surya Gupta","cb.en.u4ece21225@cb.students.amrita.edu","ECE","C","2025","9.28","1","Not Placed"
"CB.EN.U4ECE21226","Vikram Iyer","cb.en.u4ece21226@cb.students.amrita.edu","ECE","C","2025","8.13","0","Not Placed"
"CB.EN.U4ECE21227","Riya Kulkarni","cb.en.u4ece21227@cb.students.amrita.edu","ECE","C","2025","7.15","2","Placed"
"CB.EN.U4ECE21228","Janani Kulkarni","cb.en.u4ece21228@cb.students.amrita.edu","ECE","C","2025","9.47","0","Placed"
"CB.EN.U4ECE21229","Vikram Kulkarni","cb.en.u4ece21229@cb.students.amrita.edu","ECE","C","2025","6.79","2","Placed"
"CB.EN.U4ECE21230","Tanvi Patel","cb.en.u4ece21230@cb.students.amrita.edu","ECE","C","2025","8.83","0","Not Placed"
"CB.EN.U4ECE21231","Keerthana Menon","cb.en.u4ece21231@cb.students.amrita.edu","ECE","C","2025","8.51","1","Placed"
"CB.EN.U4ECE21232","Anirudh Kapoor","cb.en.u4ece21232@cb.students.amrita.edu","ECE","C","2025","7.81","1","Placed"
"CB.EN.U4ECE21233","Janani Verma","cb.en.u4ece21233@cb.students.amrita.edu","ECE","C","2025","9.51","0","Not Placed"
"CB.EN.U4ECE21234","Pooja Nagarajan","cb.en.u4ece21234@cb.students.amrita.edu","ECE","C","2025","6.13","0","Not Placed"
"CB.EN.U4ECE21235","Rahul Menon","cb.en.u4ece21235@cb.students.amrita.edu","ECE","C","2025","7.37","2","Placed"
"CB.EN.U4ECE21236","Sneha Patel","cb.en.u4ece21236@cb.students.amrita.edu","ECE","C","2025","6.5","1","Not Placed"
"CB.EN.U4ECE21237","Riya Patel","cb.en.u4ece21237@cb.students.amrita.edu","ECE","C","2025","8.13","2","Not Placed"
"CB.EN.U4ECE21238","Sanjay Kapoor","cb.en.u4ece21238@cb.students.amrita.edu","ECE","C","2025","9.16","1","Not Placed"
"CB.EN.U4ECE21239","Riya Patel","cb.en.u4ece21239@cb.students.amrita.edu","ECE","C","2025","9.11","1","Placed"
"CB.EN.U4ECE21240","Sneha Mishra","cb.en.u4ece21240@cb.students.amrita.edu","ECE","C","2025","9.16","1","Placed"
"CB.EN.U4ECE21241","Arya Chatterjee","cb.en.u4ece21241@cb.students.amrita.edu","ECE","C","2025","9.4","1","Not Placed"
"CB.EN.U4ECE21242","Ishaan Kulkarni","cb.en.u4ece21242@cb.students.amrita.edu","ECE","C","2025","8.94","1","Placed"
"CB.EN.U4ECE21243","Vikram Mishra","cb.en.u4ece21243@cb.students.amrita.edu","ECE","C","2025","9.28","1","Not Placed"
"CB.EN.U4ECE21244","Anirudh Kapoor","cb.en.u4ece21244@cb.students.amrita.edu","ECE","C","2025","7.17","2","Not Placed"
"CB.EN.U4ECE21245","Rahul Patel","cb.en.u4ece21245@cb.students.amrita.edu","ECE","C","2025","6.84","0","Not Placed"
"CB.EN.U4ECE21246","Surya Menon","cb.en.u4ece21246@cb.students.amrita.edu","ECE","C","2025","8.19","0","Not Placed"
"CB.EN.U4ECE21247","Harish Nagarajan","cb.en.u4ece21247@cb.students.amrita.edu","ECE","C","2025","8.64","0","Not Placed"
"CB.EN.U4ECE21248","Tanvi Gupta","cb.en.u4ece21248@cb.students.amrita.edu","ECE","C","2025","9.16","2","Placed"
"CB.EN.U4ECE21249","Diya Nagarajan","cb.en.u4ece21249@cb.students.amrita.edu","ECE","C","2025","9.8","2","Not Placed"
"CB.EN.U4ECE21250","Karthik Krishnan","cb.en.u4ece21250@cb.students.amrita.edu","ECE","C","2025","8.82","1","Placed"
"CB.EN.U4ECE21251","Arya Mishra","cb.en.u4ece21251@cb.students.amrita.edu","ECE","C","2025","6.75","2","Not Placed"
"CB.EN.U4ECE21252","Arya Iyer","cb.en.u4ece21252@cb.students.amrita.edu","ECE","C","2025","8.55","0","Not Placed"
"CB.EN.U4ECE21253","Zara Krishnan","cb.en.u4ece21253@cb.students.amrita.edu","ECE","C","2025","7.84","1","Placed"
"CB.EN.U4ECE21254","Sneha Pillai","cb.en.u4ece21254@cb.students.amrita.edu","ECE","C","2025","8.11","0","Not Placed"
"CB.EN.U4ECE21255","Arjun Menon","cb.en.u4ece21255@cb.students.amrita.edu","ECE","C","2025","8.51","2","Not Placed"
"CB.EN.U4ECE21256","Lakshmi Raman","cb.en.u4ece21256@cb.students.amrita.edu","ECE","C","2025","9.63","1","Placed"
"CB.EN.U4ECE21257","Keerthana Joshi","cb.en.u4ece21257@cb.students.amrita.edu","ECE","C","2025","9.11","1","Placed"
"CB.EN.U4ECE21258","Arya Menon","cb.en.u4ece21258@cb.students.amrita.edu","ECE","C","2025","6.34","0","Placed"
"CB.EN.U4ECE21259","Aishwarya Sharma","cb.en.u4ece21259@cb.students.amrita.edu","ECE","C","2025","8.31","1","Not Placed"
"CB.EN.U4ECE21260","Nikhil Patel","cb.en.u4ece21260@cb.students.amrita.edu","ECE","C","2025","6.31","0","Not Placed"
"CB.EN.U4ECE21301","Riya Nair","cb.en.u4ece21301@cb.students.amrita.edu","ECE","D","2025","8.02","1","Not Placed"
"CB.EN.U4ECE21302","Arjun Kulkarni","cb.en.u4ece21302@cb.students.amrita.edu","ECE","D","2025","7.94","2","Not Placed"
"CB.EN.U4ECE21303","Janani Sharma","cb.en.u4ece21303@cb.students.amrita.edu","ECE","D","2025","8.07","0","Not Placed"
"CB.EN.U4ECE21304","Sneha Pillai","cb.en.u4ece21304@cb.students.amrita.edu","ECE","D","2025","6.7","2","Not Placed"
"CB.EN.U4ECE21305","Akash Joshi","cb.en.u4ece21305@cb.students.amrita.edu","ECE","D","2025","7.04","2","Not Placed"
"CB.EN.U4ECE21306","Lakshmi Mishra","cb.en.u4ece21306@cb.students.amrita.edu","ECE","D","2025","7.41","1","Not Placed"
"CB.EN.U4ECE21307","Aarav Kulkarni","cb.en.u4ece21307@cb.students.amrita.edu","ECE","D","2025","6.57","0","Placed"
"CB.EN.U4ECE21308","Arjun Raman","cb.en.u4ece21308@cb.students.amrita.edu","ECE","D","2025","6.04","1","Not Placed"
"CB.EN.U4ECE21309","Pooja Gupta","cb.en.u4ece21309@cb.students.amrita.edu","ECE","D","2025","9.01","0","Not Placed"
"CB.EN.U4ECE21310","Charan Reddy","cb.en.u4ece21310@cb.students.amrita.edu","ECE","D","2025","6.53","2","Not Placed"
"CB.EN.U4ECE21311","Varun Das","cb.en.u4ece21311@cb.students.amrita.edu","ECE","D","2025","8.99","0","Placed"
"CB.EN.U4ECE21312","Aishwarya Reddy","cb.en.u4ece21312@cb.students.amrita.edu","ECE","D","2025","6.46","2","Not Placed"
"CB.EN.U4ECE21313","Meera Sharma","cb.en.u4ece21313@cb.students.amrita.edu","ECE","D","2025","8","1","Not Placed"
"CB.EN.U4ECE21314","Surya Joshi","cb.en.u4ece21314@cb.students.amrita.edu","ECE","D","2025","8.31","0","Placed"
"CB.EN.U4ECE21315","Aarav Joshi","cb.en.u4ece21315@cb.students.amrita.edu","ECE","D","2025","8.18","2","Not Placed"
"CB.EN.U4ECE21316","Harish Kapoor","cb.en.u4ece21316@cb.students.amrita.edu","ECE","D","2025","8.68","2","Not Placed"
"CB.EN.U4ECE21317","Rahul Verma","cb.en.u4ece21317@cb.students.amrita.edu","ECE","D","2025","6.48","1","Placed"
"CB.EN.U4ECE21318","Surya Raman","cb.en.u4ece21318@cb.students.amrita.edu","ECE","D","2025","8.19","1","Placed"
"CB.EN.U4ECE21319","Aarav Krishnan","cb.en.u4ece21319@cb.students.amrita.edu","ECE","D","2025","7.51","1","Not Placed"
"CB.EN.U4ECE21320","Anirudh Iyer","cb.en.u4ece21320@cb.students.amrita.edu","ECE","D","2025","8.62","0","Not Placed"
"CB.EN.U4ECE21321","Karthik Gupta","cb.en.u4ece21321@cb.students.amrita.edu","ECE","D","2025","6.52","1","Not Placed"
"CB.EN.U4ECE21322","Yash Mishra","cb.en.u4ece21322@cb.students.amrita.edu","ECE","D","2025","6.81","2","Placed"
"CB.EN.U4ECE21323","Tanvi Gupta","cb.en.u4ece21323@cb.students.amrita.edu","ECE","D","2025","8.89","1","Placed"
"CB.EN.U4ECE21324","Aarav Sharma","cb.en.u4ece21324@cb.students.amrita.edu","ECE","D","2025","6.46","0","Placed"
"CB.EN.U4ECE21325","Vikram Iyer","cb.en.u4ece21325@cb.students.amrita.edu","ECE","D","2025","8.12","1","Not Placed"
"CB.EN.U4ECE21326","Tanvi Joshi","cb.en.u4ece21326@cb.students.amrita.edu","ECE","D","2025","7.8","1","Placed"
"CB.EN.U4ECE21327","Akash Joshi","cb.en.u4ece21327@cb.students.amrita.edu","ECE","D","2025","6.76","1","Not Placed"
"CB.EN.U4ECE21328","Lakshmi Kulkarni","cb.en.u4ece21328@cb.students.amrita.edu","ECE","D","2025","8.19","1","Placed"
"CB.EN.U4ECE21329","Ishaan Iyer","cb.en.u4ece21329@cb.students.amrita.edu","ECE","D","2025","7.08","2","Placed"
"CB.EN.U4ECE21330","Sanjay Nagarajan","cb.en.u4ece21330@cb.students.amrita.edu","ECE","D","2025","6.89","2","Placed"
"CB.EN.U4ECE21331","Riya Patel","cb.en.u4ece21331@cb.students.amrita.edu","ECE","D","2025","9.38","2","Placed"
"CB.EN.U4ECE21332","Lakshmi Iyer","cb.en.u4ece21332@cb.students.amrita.edu","ECE","D","2025","8.87","2","Placed"
"CB.EN.U4ECE21333","Diya Raman","cb.en.u4ece21333@cb.students.amrita.edu","ECE","D","2025","8.48","1","Placed"
"CB.EN.U4ECE21334","Diya Verma","cb.en.u4ece21334@cb.students.amrita.edu","ECE","D","2025","9.18","2","Placed"
"CB.EN.U4ECE21335","Aditya Patel","cb.en.u4ece21335@cb.students.amrita.edu","ECE","D","2025","7.49","2","Not Placed"
"CB.EN.U4ECE21336","Meera Reddy","cb.en.u4ece21336@cb.students.amrita.edu","ECE","D","2025","8.67","2","Placed"
"CB.EN.U4ECE21337","Sanjay Das","cb.en.u4ece21337@cb.students.amrita.edu","ECE","D","2025","7.4","0","Placed"
"CB.EN.U4ECE21338","Aishwarya Das","cb.en.u4ece21338@cb.students.amrita.edu","ECE","D","2025","9.07","0","Not Placed"
"CB.EN.U4ECE21339","Meera Gupta","cb.en.u4ece21339@cb.students.amrita.edu","ECE","D","2025","6.92","2","Not Placed"
"CB.EN.U4ECE21340","Lakshmi Chatterjee","cb.en.u4ece21340@cb.students.amrita.edu","ECE","D","2025","8.07","1","Placed"
"CB.EN.U4ECE21341","Janani Pillai","cb.en.u4ece21341@cb.students.amrita.edu","ECE","D","2025","6.67","2","Not Placed"
"CB.EN.U4ECE21342","Aditya Menon","cb.en.u4ece21342@cb.students.amrita.edu","ECE","D","2025","8.49","1","Placed"
"CB.EN.U4ECE21343","Sneha Krishnan","cb.en.u4ece21343@cb.students.amrita.edu","ECE","D","2025","7.42","1","Not Placed"
"CB.EN.U4ECE21344","Pooja Pillai","cb.en.u4ece21344@cb.students.amrita.edu","ECE","D","2025","9.83","1","Placed"
"CB.EN.U4ECE21345","Zara Shetty","cb.en.u4ece21345@cb.students.amrita.edu","ECE","D","2025","9.19","0","Not Placed"
"CB.EN.U4ECE21346","Keerthana Verma","cb.en.u4ece21346@cb.students.amrita.edu","ECE","D","2025","7.66","0","Not Placed"
"CB.EN.U4ECE21347","Arjun Mishra","cb.en.u4ece21347@cb.students.amrita.edu","ECE","D","2025","8.24","0","Not Placed"
"CB.EN.U4ECE21348","Karthik Sharma","cb.en.u4ece21348@cb.students.amrita.edu","ECE","D","2025","9.13","0","Placed"
"CB.EN.U4ECE21349","Arya Kapoor","cb.en.u4ece21349@cb.students.amrita.edu","ECE","D","2025","7.33","1","Not Placed"
"CB.EN.U4ECE21350","Akash Raman","cb.en.u4ece21350@cb.students.amrita.edu","ECE","D","2025","9.16","0","Not Placed"
"CB.EN.U4ECE21351","Sanjay Krishnan","cb.en.u4ece21351@cb.students.amrita.edu","ECE","D","2025","8.12","0","Placed"
"CB.EN.U4ECE21352","Varun Kulkarni","cb.en.u4ece21352@cb.students.amrita.edu","ECE","D","2025","9.51","2","Placed"
"CB.EN.U4ECE21353","Lakshmi Sharma","cb.en.u4ece21353@cb.students.amrita.edu","ECE","D","2025","8.08","0","Placed"
"CB.EN.U4ECE21354","Riya Verma","cb.en.u4ece21354@cb.students.amrita.edu","ECE","D","2025","7.1","2","Not Placed"
"CB.EN.U4ECE21355","Pooja Sharma","cb.en.u4ece21355@cb.students.amrita.edu","ECE","D","2025","7.97","0","Not Placed"
"CB.EN.U4ECE21356","Meera Iyer","cb.en.u4ece21356@cb.students.amrita.edu","ECE","D","2025","6.83","0","Not Placed"
"CB.EN.U4ECE21357","Ishaan Nair","cb.en.u4ece21357@cb.students.amrita.edu","ECE","D","2025","7.55","2","Placed"
"CB.EN.U4ECE21358","Ishaan Bose","cb.en.u4ece21358@cb.students.amrita.edu","ECE","D","2025","8.88","2","Not Placed"
"CB.EN.U4ECE21359","Karthik Sharma","cb.en.u4ece21359@cb.students.amrita.edu","ECE","D","2025","8.45","1","Placed"
"CB.EN.U4ECE21360","Aditya Menon","cb.en.u4ece21360@cb.students.amrita.edu","ECE","D","2025","9.74","1","Not Placed"
"CB.EN.U4ECE21401","Janani Joshi","cb.en.u4ece21401@cb.students.amrita.edu","ECE","E","2025","8.29","0","Not Placed"
"CB.EN.U4ECE21402","Diya Sharma","cb.en.u4ece21402@cb.students.amrita.edu","ECE","E","2025","7.36","0","Placed"
"CB.EN.U4ECE21403","Surya Verma","cb.en.u4ece21403@cb.students.amrita.edu","ECE","E","2025","7.59","1","Not Placed"
"CB.EN.U4ECE21404","Aarav Iyer","cb.en.u4ece21404@cb.students.amrita.edu","ECE","E","2025","6.56","0","Placed"
"CB.EN.U4ECE21405","Riya Krishnan","cb.en.u4ece21405@cb.students.amrita.edu","ECE","E","2025","7.42","2","Placed"
"CB.EN.U4ECE21406","Aditya Joshi","cb.en.u4ece21406@cb.students.amrita.edu","ECE","E","2025","7.78","2","Not Placed"
"CB.EN.U4ECE21407","Lakshmi Das","cb.en.u4ece21407@cb.students.amrita.edu","ECE","E","2025","9.66","2","Not Placed"
"CB.EN.U4ECE21408","Varun Sharma","cb.en.u4ece21408@cb.students.amrita.edu","ECE","E","2025","6.39","2","Placed"
"CB.EN.U4ECE21409","Lakshmi Mishra","cb.en.u4ece21409@cb.students.amrita.edu","ECE","E","2025","8.37","2","Placed"
"CB.EN.U4ECE21410","Anirudh Kulkarni","cb.en.u4ece21410@cb.students.amrita.edu","ECE","E","2025","6.19","0","Not Placed"
"CB.EN.U4ECE21411","Diya Menon","cb.en.u4ece21411@cb.students.amrita.edu","ECE","E","2025","8.63","2","Not Placed"
"CB.EN.U4ECE21412","Arjun Chatterjee","cb.en.u4ece21412@cb.students.amrita.edu","ECE","E","2025","9.12","2","Placed"
"CB.EN.U4ECE21413","Sanjay Mishra","cb.en.u4ece21413@cb.students.amrita.edu","ECE","E","2025","8.89","2","Not Placed"
"CB.EN.U4ECE21414","Zara Joshi","cb.en.u4ece21414@cb.students.amrita.edu","ECE","E","2025","6.78","2","Placed"
"CB.EN.U4ECE21415","Varun Gupta","cb.en.u4ece21415@cb.students.amrita.edu","ECE","E","2025","7.01","2","Placed"
"CB.EN.U4ECE21416","Pooja Kapoor","cb.en.u4ece21416@cb.students.amrita.edu","ECE","E","2025","8.76","2","Placed"
"CB.EN.U4ECE21417","Tanvi Das","cb.en.u4ece21417@cb.students.amrita.edu","ECE","E","2025","6.58","0","Not Placed"
"CB.EN.U4ECE21418","Charan Mishra","cb.en.u4ece21418@cb.students.amrita.edu","ECE","E","2025","7.33","2","Placed"
"CB.EN.U4ECE21419","Charan Mishra","cb.en.u4ece21419@cb.students.amrita.edu","ECE","E","2025","9.31","0","Placed"
"CB.EN.U4ECE21420","Bhavya Kapoor","cb.en.u4ece21420@cb.students.amrita.edu","ECE","E","2025","6.05","1","Placed"
"CB.EN.U4ECE21421","Sneha Gupta","cb.en.u4ece21421@cb.students.amrita.edu","ECE","E","2025","8.12","0","Not Placed"
"CB.EN.U4ECE21422","Varun Chatterjee","cb.en.u4ece21422@cb.students.amrita.edu","ECE","E","2025","6.91","2","Not Placed"
"CB.EN.U4ECE21423","Arjun Nagarajan","cb.en.u4ece21423@cb.students.amrita.edu","ECE","E","2025","7.79","0","Placed"
"CB.EN.U4ECE21424","Arya Bose","cb.en.u4ece21424@cb.students.amrita.edu","ECE","E","2025","8.53","1","Not Placed"
"CB.EN.U4ECE21425","Aditya Kapoor","cb.en.u4ece21425@cb.students.amrita.edu","ECE","E","2025","7.69","2","Placed"
"CB.EN.U4ECE21426","Charan Sharma","cb.en.u4ece21426@cb.students.amrita.edu","ECE","E","2025","9.78","1","Not Placed"
"CB.EN.U4ECE21427","Anirudh Patel","cb.en.u4ece21427@cb.students.amrita.edu","ECE","E","2025","8.19","0","Placed"
"CB.EN.U4ECE21428","Meera Kapoor","cb.en.u4ece21428@cb.students.amrita.edu","ECE","E","2025","8.55","2","Not Placed"
"CB.EN.U4ECE21429","Aarav Joshi","cb.en.u4ece21429@cb.students.amrita.edu","ECE","E","2025","6.86","1","Placed"
"CB.EN.U4ECE21430","Akash Chatterjee","cb.en.u4ece21430@cb.students.amrita.edu","ECE","E","2025","7.4","2","Placed"
"CB.EN.U4ECE21431","Diya Pillai","cb.en.u4ece21431@cb.students.amrita.edu","ECE","E","2025","9.33","2","Placed"
"CB.EN.U4ECE21432","Meera Das","cb.en.u4ece21432@cb.students.amrita.edu","ECE","E","2025","9.76","0","Not Placed"
"CB.EN.U4ECE21433","Rahul Kapoor","cb.en.u4ece21433@cb.students.amrita.edu","ECE","E","2025","6.83","1","Not Placed"
"CB.EN.U4ECE21434","Diya Sharma","cb.en.u4ece21434@cb.students.amrita.edu","ECE","E","2025","6.07","0","Placed"
"CB.EN.U4ECE21435","Riya Chatterjee","cb.en.u4ece21435@cb.students.amrita.edu","ECE","E","2025","6.98","2","Placed"
"CB.EN.U4ECE21436","Lakshmi Verma","cb.en.u4ece21436@cb.students.amrita.edu","ECE","E","2025","7.79","1","Placed"
"CB.EN.U4ECE21437","Ishaan Pillai","cb.en.u4ece21437@cb.students.amrita.edu","ECE","E","2025","8.29","1","Placed"
"CB.EN.U4ECE21438","Bhavya Joshi","cb.en.u4ece21438@cb.students.amrita.edu","ECE","E","2025","6.86","2","Not Placed"
"CB.EN.U4ECE21439","Lakshmi Reddy","cb.en.u4ece21439@cb.students.amrita.edu","ECE","E","2025","7.59","1","Placed"
"CB.EN.U4ECE21440","Sneha Raman","cb.en.u4ece21440@cb.students.amrita.edu","ECE","E","2025","7.42","0","Not Placed"
"CB.EN.U4ECE21441","Akash Shetty","cb.en.u4ece21441@cb.students.amrita.edu","ECE","E","2025","9.26","2","Placed"
"CB.EN.U4ECE21442","Riya Krishnan","cb.en.u4ece21442@cb.students.amrita.edu","ECE","E","2025","9.1","1","Placed"
"CB.EN.U4ECE21443","Riya Chatterjee","cb.en.u4ece21443@cb.students.amrita.edu","ECE","E","2025","8.16","0","Placed"
"CB.EN.U4ECE21444","Surya Verma","cb.en.u4ece21444@cb.students.amrita.edu","ECE","E","2025","7.02","0","Not Placed"
"CB.EN.U4ECE21445","Lakshmi Joshi","cb.en.u4ece21445@cb.students.amrita.edu","ECE","E","2025","8.29","0","Not Placed"
"CB.EN.U4ECE21446","Meera Joshi","cb.en.u4ece21446@cb.students.amrita.edu","ECE","E","2025","6.79","0","Placed"
"CB.EN.U4ECE21447","Surya Joshi","cb.en.u4ece21447@cb.students.amrita.edu","ECE","E","2025","9.45","2","Not Placed"
"CB.EN.U4ECE21448","Meera Menon","cb.en.u4ece21448@cb.students.amrita.edu","ECE","E","2025","8.58","0","Placed"
"CB.EN.U4ECE21449","Tanvi Shetty","cb.en.u4ece21449@cb.students.amrita.edu","ECE","E","2025","9.11","0","Not Placed"
"CB.EN.U4ECE21450","Harish Verma","cb.en.u4ece21450@cb.students.amrita.edu","ECE","E","2025","7.78","1","Not Placed"
"CB.EN.U4ECE21451","Sneha Krishnan","cb.en.u4ece21451@cb.students.amrita.edu","ECE","E","2025","6.57","2","Placed"
"CB.EN.U4ECE21452","Sneha Joshi","cb.en.u4ece21452@cb.students.amrita.edu","ECE","E","2025","6.68","1","Not Placed"
"CB.EN.U4ECE21453","Karthik Pillai","cb.en.u4ece21453@cb.students.amrita.edu","ECE","E","2025","6.49","0","Not Placed"
"CB.EN.U4ECE21454","Sanjay Patel","cb.en.u4ece21454@cb.students.amrita.edu","ECE","E","2025","6.54","2","Placed"
"CB.EN.U4ECE21455","Charan Krishnan","cb.en.u4ece21455@cb.students.amrita.edu","ECE","E","2025","6.88","0","Placed"
"CB.EN.U4ECE21456","Vikram Reddy","cb.en.u4ece21456@cb.students.amrita.edu","ECE","E","2025","7.58","1","Not Placed"
"CB.EN.U4ECE21457","Tanvi Joshi","cb.en.u4ece21457@cb.students.amrita.edu","ECE","E","2025","7.53","1","Not Placed"
"CB.EN.U4ECE21458","Bhavya Nagarajan","cb.en.u4ece21458@cb.students.amrita.edu","ECE","E","2025","8.82","0","Not Placed"
"CB.EN.U4ECE21459","Sneha Shetty","cb.en.u4ece21459@cb.students.amrita.edu","ECE","E","2025","8.54","1","Not Placed"
"CB.EN.U4ECE21460","Ananya Krishnan","cb.en.u4ece21460@cb.students.amrita.edu","ECE","E","2025","9.81","1","Not Placed"
"CB.EN.U4MEE21001","Surya Verma","cb.en.u4mee21001@cb.students.amrita.edu","MEE","A","2025","6.83","0","Placed"
"CB.EN.U4MEE21002","Lakshmi Nair","cb.en.u4mee21002@cb.students.amrita.edu","MEE","A","2025","9.47","1","Not Placed"
"CB.EN.U4MEE21003","Varun Nagarajan","cb.en.u4mee21003@cb.students.amrita.edu","MEE","A","2025","6.28","0","Not Placed"
"CB.EN.U4MEE21004","Harish Kulkarni","cb.en.u4mee21004@cb.students.amrita.edu","MEE","A","2025","7.79","2","Not Placed"
"CB.EN.U4MEE21005","Varun Bose","cb.en.u4mee21005@cb.students.amrita.edu","MEE","A","2025","9.02","0","Not Placed"
"CB.EN.U4MEE21006","Arjun Patel","cb.en.u4mee21006@cb.students.amrita.edu","MEE","A","2025","8.67","2","Not Placed"
"CB.EN.U4MEE21007","Anirudh Nagarajan","cb.en.u4mee21007@cb.students.amrita.edu","MEE","A","2025","8.88","2","Not Placed"
"CB.EN.U4MEE21008","Anirudh Joshi","cb.en.u4mee21008@cb.students.amrita.edu","MEE","A","2025","8.58","1","Not Placed"
"CB.EN.U4MEE21009","Zara Krishnan","cb.en.u4mee21009@cb.students.amrita.edu","MEE","A","2025","8.77","0","Placed"
"CB.EN.U4MEE21010","Pooja Nair","cb.en.u4mee21010@cb.students.amrita.edu","MEE","A","2025","8.32","1","Not Placed"
"CB.EN.U4MEE21011","Zara Sharma","cb.en.u4mee21011@cb.students.amrita.edu","MEE","A","2025","6.29","2","Placed"
"CB.EN.U4MEE21012","Charan Pillai","cb.en.u4mee21012@cb.students.amrita.edu","MEE","A","2025","7.5","2","Not Placed"
"CB.EN.U4MEE21013","Akash Iyer","cb.en.u4mee21013@cb.students.amrita.edu","MEE","A","2025","7.47","1","Placed"
"CB.EN.U4MEE21014","Aarav Kulkarni","cb.en.u4mee21014@cb.students.amrita.edu","MEE","A","2025","6.38","0","Placed"
"CB.EN.U4MEE21015","Nikhil Nagarajan","cb.en.u4mee21015@cb.students.amrita.edu","MEE","A","2025","9.35","2","Placed"
"CB.EN.U4MEE21016","Yash Mishra","cb.en.u4mee21016@cb.students.amrita.edu","MEE","A","2025","6.39","0","Not Placed"
"CB.EN.U4MEE21017","Surya Nair","cb.en.u4mee21017@cb.students.amrita.edu","MEE","A","2025","6.83","1","Placed"
"CB.EN.U4MEE21018","Rahul Reddy","cb.en.u4mee21018@cb.students.amrita.edu","MEE","A","2025","9.8","0","Not Placed"
"CB.EN.U4MEE21019","Arjun Menon","cb.en.u4mee21019@cb.students.amrita.edu","MEE","A","2025","8.75","2","Placed"
"CB.EN.U4MEE21020","Pooja Das","cb.en.u4mee21020@cb.students.amrita.edu","MEE","A","2025","7.95","0","Placed"
"CB.EN.U4MEE21021","Sanjay Chatterjee","cb.en.u4mee21021@cb.students.amrita.edu","MEE","A","2025","8.96","0","Not Placed"
"CB.EN.U4MEE21022","Meera Chatterjee","cb.en.u4mee21022@cb.students.amrita.edu","MEE","A","2025","8.5","1","Not Placed"
"CB.EN.U4MEE21023","Ishaan Iyer","cb.en.u4mee21023@cb.students.amrita.edu","MEE","A","2025","7.74","2","Not Placed"
"CB.EN.U4MEE21024","Aditya Pillai","cb.en.u4mee21024@cb.students.amrita.edu","MEE","A","2025","8.64","2","Placed"
"CB.EN.U4MEE21025","Harish Shetty","cb.en.u4mee21025@cb.students.amrita.edu","MEE","A","2025","9.47","2","Placed"
"CB.EN.U4MEE21026","Arya Krishnan","cb.en.u4mee21026@cb.students.amrita.edu","MEE","A","2025","8.03","1","Placed"
"CB.EN.U4MEE21027","Meera Bose","cb.en.u4mee21027@cb.students.amrita.edu","MEE","A","2025","8.55","1","Not Placed"
"CB.EN.U4MEE21028","Varun Shetty","cb.en.u4mee21028@cb.students.amrita.edu","MEE","A","2025","9.54","2","Not Placed"
"CB.EN.U4MEE21029","Pooja Kapoor","cb.en.u4mee21029@cb.students.amrita.edu","MEE","A","2025","8.42","0","Not Placed"
"CB.EN.U4MEE21030","Ananya Nair","cb.en.u4mee21030@cb.students.amrita.edu","MEE","A","2025","8.23","2","Not Placed"
"CB.EN.U4MEE21031","Aishwarya Patel","cb.en.u4mee21031@cb.students.amrita.edu","MEE","A","2025","7.68","1","Placed"
"CB.EN.U4MEE21032","Karthik Das","cb.en.u4mee21032@cb.students.amrita.edu","MEE","A","2025","6.48","2","Placed"
"CB.EN.U4MEE21033","Rahul Shetty","cb.en.u4mee21033@cb.students.amrita.edu","MEE","A","2025","9.21","0","Not Placed"
"CB.EN.U4MEE21034","Sneha Chatterjee","cb.en.u4mee21034@cb.students.amrita.edu","MEE","A","2025","7.47","1","Placed"
"CB.EN.U4MEE21035","Aarav Kulkarni","cb.en.u4mee21035@cb.students.amrita.edu","MEE","A","2025","8.27","1","Not Placed"
"CB.EN.U4MEE21036","Vikram Patel","cb.en.u4mee21036@cb.students.amrita.edu","MEE","A","2025","9.15","0","Not Placed"
"CB.EN.U4MEE21037","Zara Das","cb.en.u4mee21037@cb.students.amrita.edu","MEE","A","2025","8.94","2","Not Placed"
"CB.EN.U4MEE21038","Tanvi Verma","cb.en.u4mee21038@cb.students.amrita.edu","MEE","A","2025","8.89","0","Not Placed"
"CB.EN.U4MEE21039","Arya Das","cb.en.u4mee21039@cb.students.amrita.edu","MEE","A","2025","6.41","1","Placed"
"CB.EN.U4MEE21040","Tanvi Patel","cb.en.u4mee21040@cb.students.amrita.edu","MEE","A","2025","6.37","2","Not Placed"
"CB.EN.U4MEE21041","Varun Nagarajan","cb.en.u4mee21041@cb.students.amrita.edu","MEE","A","2025","7.26","1","Not Placed"
"CB.EN.U4MEE21042","Vikram Pillai","cb.en.u4mee21042@cb.students.amrita.edu","MEE","A","2025","7.12","0","Not Placed"
"CB.EN.U4MEE21043","Meera Shetty","cb.en.u4mee21043@cb.students.amrita.edu","MEE","A","2025","7.84","2","Placed"
"CB.EN.U4MEE21044","Diya Bose","cb.en.u4mee21044@cb.students.amrita.edu","MEE","A","2025","9.61","1","Placed"
"CB.EN.U4MEE21045","Yash Nagarajan","cb.en.u4mee21045@cb.students.amrita.edu","MEE","A","2025","8.17","2","Not Placed"
"CB.EN.U4MEE21046","Zara Iyer","cb.en.u4mee21046@cb.students.amrita.edu","MEE","A","2025","6.29","2","Placed"
"CB.EN.U4MEE21047","Vikram Kulkarni","cb.en.u4mee21047@cb.students.amrita.edu","MEE","A","2025","7.8","1","Placed"
"CB.EN.U4MEE21048","Anirudh Shetty","cb.en.u4mee21048@cb.students.amrita.edu","MEE","A","2025","8.5","2","Not Placed"
"CB.EN.U4MEE21049","Varun Sharma","cb.en.u4mee21049@cb.students.amrita.edu","MEE","A","2025","6.95","0","Placed"
"CB.EN.U4MEE21050","Yash Iyer","cb.en.u4mee21050@cb.students.amrita.edu","MEE","A","2025","8.69","2","Placed"
"CB.EN.U4MEE21051","Akash Iyer","cb.en.u4mee21051@cb.students.amrita.edu","MEE","A","2025","8.81","0","Placed"
"CB.EN.U4MEE21052","Ananya Gupta","cb.en.u4mee21052@cb.students.amrita.edu","MEE","A","2025","9.72","2","Placed"
"CB.EN.U4MEE21053","Yash Sharma","cb.en.u4mee21053@cb.students.amrita.edu","MEE","A","2025","7.24","1","Not Placed"
"CB.EN.U4MEE21054","Aishwarya Shetty","cb.en.u4mee21054@cb.students.amrita.edu","MEE","A","2025","7.12","0","Not Placed"
"CB.EN.U4MEE21055","Meera Shetty","cb.en.u4mee21055@cb.students.amrita.edu","MEE","A","2025","6.63","2","Placed"
"CB.EN.U4MEE21056","Tanvi Verma","cb.en.u4mee21056@cb.students.amrita.edu","MEE","A","2025","8.12","1","Placed"
"CB.EN.U4MEE21057","Ananya Raman","cb.en.u4mee21057@cb.students.amrita.edu","MEE","A","2025","6.54","2","Placed"
"CB.EN.U4MEE21058","Rahul Kapoor","cb.en.u4mee21058@cb.students.amrita.edu","MEE","A","2025","7.35","2","Placed"
"CB.EN.U4MEE21059","Keerthana Chatterjee","cb.en.u4mee21059@cb.students.amrita.edu","MEE","A","2025","7.1","2","Placed"
"CB.EN.U4MEE21060","Harish Verma","cb.en.u4mee21060@cb.students.amrita.edu","MEE","A","2025","7.79","1","Placed"
"CB.EN.U4MEE21101","Pooja Raman","cb.en.u4mee21101@cb.students.amrita.edu","MEE","B","2025","9.11","2","Not Placed"
"CB.EN.U4MEE21102","Arjun Nair","cb.en.u4mee21102@cb.students.amrita.edu","MEE","B","2025","8.68","0","Not Placed"
"CB.EN.U4MEE21103","Ishaan Gupta","cb.en.u4mee21103@cb.students.amrita.edu","MEE","B","2025","7.69","1","Not Placed"
"CB.EN.U4MEE21104","Pooja Nagarajan","cb.en.u4mee21104@cb.students.amrita.edu","MEE","B","2025","6.34","1","Not Placed"
"CB.EN.U4MEE21105","Anirudh Chatterjee","cb.en.u4mee21105@cb.students.amrita.edu","MEE","B","2025","9.44","0","Placed"
"CB.EN.U4MEE21106","Harish Joshi","cb.en.u4mee21106@cb.students.amrita.edu","MEE","B","2025","8.37","2","Not Placed"
"CB.EN.U4MEE21107","Zara Reddy","cb.en.u4mee21107@cb.students.amrita.edu","MEE","B","2025","9.33","1","Placed"
"CB.EN.U4MEE21108","Sneha Mishra","cb.en.u4mee21108@cb.students.amrita.edu","MEE","B","2025","9.24","1","Placed"
"CB.EN.U4MEE21109","Charan Pillai","cb.en.u4mee21109@cb.students.amrita.edu","MEE","B","2025","7.86","1","Not Placed"
"CB.EN.U4MEE21110","Varun Menon","cb.en.u4mee21110@cb.students.amrita.edu","MEE","B","2025","7.74","2","Not Placed"
"CB.EN.U4MEE21111","Karthik Kapoor","cb.en.u4mee21111@cb.students.amrita.edu","MEE","B","2025","6.12","2","Placed"
"CB.EN.U4MEE21112","Vikram Verma","cb.en.u4mee21112@cb.students.amrita.edu","MEE","B","2025","8.12","0","Not Placed"
"CB.EN.U4MEE21113","Akash Bose","cb.en.u4mee21113@cb.students.amrita.edu","MEE","B","2025","7.74","1","Placed"
"CB.EN.U4MEE21114","Charan Raman","cb.en.u4mee21114@cb.students.amrita.edu","MEE","B","2025","7.02","2","Placed"
"CB.EN.U4MEE21115","Riya Mishra","cb.en.u4mee21115@cb.students.amrita.edu","MEE","B","2025","8.49","2","Placed"
"CB.EN.U4MEE21116","Ishaan Patel","cb.en.u4mee21116@cb.students.amrita.edu","MEE","B","2025","9.74","0","Placed"
"CB.EN.U4MEE21117","Harish Chatterjee","cb.en.u4mee21117@cb.students.amrita.edu","MEE","B","2025","8.3","0","Not Placed"
"CB.EN.U4MEE21118","Arjun Verma","cb.en.u4mee21118@cb.students.amrita.edu","MEE","B","2025","6.88","1","Not Placed"
"CB.EN.U4MEE21119","Rahul Joshi","cb.en.u4mee21119@cb.students.amrita.edu","MEE","B","2025","6.76","0","Not Placed"
"CB.EN.U4MEE21120","Arya Iyer","cb.en.u4mee21120@cb.students.amrita.edu","MEE","B","2025","7.85","1","Not Placed"
"CB.EN.U4MEE21121","Bhavya Chatterjee","cb.en.u4mee21121@cb.students.amrita.edu","MEE","B","2025","7.45","1","Not Placed"
"CB.EN.U4MEE21122","Nikhil Menon","cb.en.u4mee21122@cb.students.amrita.edu","MEE","B","2025","7.67","0","Placed"
"CB.EN.U4MEE21123","Sneha Chatterjee","cb.en.u4mee21123@cb.students.amrita.edu","MEE","B","2025","9","1","Not Placed"
"CB.EN.U4MEE21124","Charan Bose","cb.en.u4mee21124@cb.students.amrita.edu","MEE","B","2025","6.56","0","Not Placed"
"CB.EN.U4MEE21125","Pooja Pillai","cb.en.u4mee21125@cb.students.amrita.edu","MEE","B","2025","9.85","1","Not Placed"
"CB.EN.U4MEE21126","Ishaan Das","cb.en.u4mee21126@cb.students.amrita.edu","MEE","B","2025","7.83","2","Placed"
"CB.EN.U4MEE21127","Sneha Chatterjee","cb.en.u4mee21127@cb.students.amrita.edu","MEE","B","2025","9.57","1","Placed"
"CB.EN.U4MEE21128","Arjun Iyer","cb.en.u4mee21128@cb.students.amrita.edu","MEE","B","2025","6.1","2","Placed"
"CB.EN.U4MEE21129","Charan Joshi","cb.en.u4mee21129@cb.students.amrita.edu","MEE","B","2025","7.78","1","Placed"
"CB.EN.U4MEE21130","Zara Iyer","cb.en.u4mee21130@cb.students.amrita.edu","MEE","B","2025","8.26","2","Not Placed"
"CB.EN.U4MEE21131","Aishwarya Mishra","cb.en.u4mee21131@cb.students.amrita.edu","MEE","B","2025","7.74","0","Placed"
"CB.EN.U4MEE21132","Surya Nagarajan","cb.en.u4mee21132@cb.students.amrita.edu","MEE","B","2025","6.49","1","Placed"
"CB.EN.U4MEE21133","Tanvi Pillai","cb.en.u4mee21133@cb.students.amrita.edu","MEE","B","2025","6.72","2","Placed"
"CB.EN.U4MEE21134","Ananya Chatterjee","cb.en.u4mee21134@cb.students.amrita.edu","MEE","B","2025","8.57","2","Not Placed"
"CB.EN.U4MEE21135","Riya Menon","cb.en.u4mee21135@cb.students.amrita.edu","MEE","B","2025","8.85","2","Placed"
"CB.EN.U4MEE21136","Ishaan Menon","cb.en.u4mee21136@cb.students.amrita.edu","MEE","B","2025","7.85","1","Placed"
"CB.EN.U4MEE21137","Rahul Shetty","cb.en.u4mee21137@cb.students.amrita.edu","MEE","B","2025","8.31","0","Not Placed"
"CB.EN.U4MEE21138","Diya Verma","cb.en.u4mee21138@cb.students.amrita.edu","MEE","B","2025","7.86","1","Placed"
"CB.EN.U4MEE21139","Rahul Patel","cb.en.u4mee21139@cb.students.amrita.edu","MEE","B","2025","8.3","0","Placed"
"CB.EN.U4MEE21140","Arjun Nagarajan","cb.en.u4mee21140@cb.students.amrita.edu","MEE","B","2025","7.77","2","Not Placed"
"CB.EN.U4MEE21141","Akash Das","cb.en.u4mee21141@cb.students.amrita.edu","MEE","B","2025","8","0","Not Placed"
"CB.EN.U4MEE21142","Yash Reddy","cb.en.u4mee21142@cb.students.amrita.edu","MEE","B","2025","8.32","0","Placed"
"CB.EN.U4MEE21143","Surya Mishra","cb.en.u4mee21143@cb.students.amrita.edu","MEE","B","2025","6.38","2","Not Placed"
"CB.EN.U4MEE21144","Varun Nair","cb.en.u4mee21144@cb.students.amrita.edu","MEE","B","2025","6.96","0","Placed"
"CB.EN.U4MEE21145","Arjun Shetty","cb.en.u4mee21145@cb.students.amrita.edu","MEE","B","2025","7.11","1","Not Placed"
"CB.EN.U4MEE21146","Rahul Raman","cb.en.u4mee21146@cb.students.amrita.edu","MEE","B","2025","9.18","2","Placed"
"CB.EN.U4MEE21147","Tanvi Pillai","cb.en.u4mee21147@cb.students.amrita.edu","MEE","B","2025","9.86","2","Placed"
"CB.EN.U4MEE21148","Ananya Menon","cb.en.u4mee21148@cb.students.amrita.edu","MEE","B","2025","6.22","2","Not Placed"
"CB.EN.U4MEE21149","Zara Gupta","cb.en.u4mee21149@cb.students.amrita.edu","MEE","B","2025","7.19","2","Placed"
"CB.EN.U4MEE21150","Arjun Pillai","cb.en.u4mee21150@cb.students.amrita.edu","MEE","B","2025","8.73","0","Not Placed"
"CB.EN.U4MEE21151","Keerthana Patel","cb.en.u4mee21151@cb.students.amrita.edu","MEE","B","2025","8.09","1","Placed"
"CB.EN.U4MEE21152","Aditya Nagarajan","cb.en.u4mee21152@cb.students.amrita.edu","MEE","B","2025","8.59","2","Not Placed"
"CB.EN.U4MEE21153","Keerthana Kapoor","cb.en.u4mee21153@cb.students.amrita.edu","MEE","B","2025","7.82","2","Not Placed"
"CB.EN.U4MEE21154","Keerthana Iyer","cb.en.u4mee21154@cb.students.amrita.edu","MEE","B","2025","7.3","2","Placed"
"CB.EN.U4MEE21155","Sneha Das","cb.en.u4mee21155@cb.students.amrita.edu","MEE","B","2025","7.78","2","Placed"
"CB.EN.U4MEE21156","Janani Kapoor","cb.en.u4mee21156@cb.students.amrita.edu","MEE","B","2025","8.26","2","Placed"
"CB.EN.U4MEE21157","Tanvi Patel","cb.en.u4mee21157@cb.students.amrita.edu","MEE","B","2025","9.48","2","Placed"
"CB.EN.U4MEE21158","Ananya Kulkarni","cb.en.u4mee21158@cb.students.amrita.edu","MEE","B","2025","8.43","1","Placed"
"CB.EN.U4MEE21159","Rahul Menon","cb.en.u4mee21159@cb.students.amrita.edu","MEE","B","2025","6.42","1","Not Placed"
"CB.EN.U4MEE21160","Varun Patel","cb.en.u4mee21160@cb.students.amrita.edu","MEE","B","2025","7.86","0","Not Placed"
"CB.EN.U4MEE21201","Rahul Bose","cb.en.u4mee21201@cb.students.amrita.edu","MEE","C","2025","7.8","1","Not Placed"
"CB.EN.U4MEE21202","Diya Pillai","cb.en.u4mee21202@cb.students.amrita.edu","MEE","C","2025","8.75","2","Placed"
"CB.EN.U4MEE21203","Aishwarya Das","cb.en.u4mee21203@cb.students.amrita.edu","MEE","C","2025","7.38","2","Not Placed"
"CB.EN.U4MEE21204","Keerthana Gupta","cb.en.u4mee21204@cb.students.amrita.edu","MEE","C","2025","8.26","1","Placed"
"CB.EN.U4MEE21205","Surya Krishnan","cb.en.u4mee21205@cb.students.amrita.edu","MEE","C","2025","8.04","1","Not Placed"
"CB.EN.U4MEE21206","Charan Bose","cb.en.u4mee21206@cb.students.amrita.edu","MEE","C","2025","7.89","0","Not Placed"
"CB.EN.U4MEE21207","Nikhil Patel","cb.en.u4mee21207@cb.students.amrita.edu","MEE","C","2025","6.51","1","Not Placed"
"CB.EN.U4MEE21208","Ishaan Bose","cb.en.u4mee21208@cb.students.amrita.edu","MEE","C","2025","8.05","0","Placed"
"CB.EN.U4MEE21209","Aditya Menon","cb.en.u4mee21209@cb.students.amrita.edu","MEE","C","2025","6.44","0","Not Placed"
"CB.EN.U4MEE21210","Ishaan Raman","cb.en.u4mee21210@cb.students.amrita.edu","MEE","C","2025","9.72","1","Not Placed"
"CB.EN.U4MEE21211","Ishaan Gupta","cb.en.u4mee21211@cb.students.amrita.edu","MEE","C","2025","7","0","Not Placed"
"CB.EN.U4MEE21212","Ishaan Kulkarni","cb.en.u4mee21212@cb.students.amrita.edu","MEE","C","2025","8.01","2","Not Placed"
"CB.EN.U4MEE21213","Karthik Patel","cb.en.u4mee21213@cb.students.amrita.edu","MEE","C","2025","7.48","1","Placed"
"CB.EN.U4MEE21214","Tanvi Chatterjee","cb.en.u4mee21214@cb.students.amrita.edu","MEE","C","2025","9.25","0","Not Placed"
"CB.EN.U4MEE21215","Zara Das","cb.en.u4mee21215@cb.students.amrita.edu","MEE","C","2025","7.25","2","Not Placed"
"CB.EN.U4MEE21216","Ananya Reddy","cb.en.u4mee21216@cb.students.amrita.edu","MEE","C","2025","6.59","1","Not Placed"
"CB.EN.U4MEE21217","Meera Reddy","cb.en.u4mee21217@cb.students.amrita.edu","MEE","C","2025","6.85","1","Placed"
"CB.EN.U4MEE21218","Diya Shetty","cb.en.u4mee21218@cb.students.amrita.edu","MEE","C","2025","6.2","2","Placed"
"CB.EN.U4MEE21219","Pooja Gupta","cb.en.u4mee21219@cb.students.amrita.edu","MEE","C","2025","8.31","1","Not Placed"
"CB.EN.U4MEE21220","Ishaan Mishra","cb.en.u4mee21220@cb.students.amrita.edu","MEE","C","2025","9.14","1","Not Placed"
"CB.EN.U4MEE21221","Arjun Shetty","cb.en.u4mee21221@cb.students.amrita.edu","MEE","C","2025","7.28","0","Not Placed"
"CB.EN.U4MEE21222","Vikram Mishra","cb.en.u4mee21222@cb.students.amrita.edu","MEE","C","2025","8.57","2","Not Placed"
"CB.EN.U4MEE21223","Aarav Mishra","cb.en.u4mee21223@cb.students.amrita.edu","MEE","C","2025","8.14","0","Placed"
"CB.EN.U4MEE21224","Aishwarya Iyer","cb.en.u4mee21224@cb.students.amrita.edu","MEE","C","2025","6.07","0","Placed"
"CB.EN.U4MEE21225","Aditya Mishra","cb.en.u4mee21225@cb.students.amrita.edu","MEE","C","2025","9.7","2","Not Placed"
"CB.EN.U4MEE21226","Sanjay Gupta","cb.en.u4mee21226@cb.students.amrita.edu","MEE","C","2025","8.42","1","Placed"
"CB.EN.U4MEE21227","Harish Das","cb.en.u4mee21227@cb.students.amrita.edu","MEE","C","2025","6.36","1","Placed"
"CB.EN.U4MEE21228","Pooja Menon","cb.en.u4mee21228@cb.students.amrita.edu","MEE","C","2025","7.66","2","Placed"
"CB.EN.U4MEE21229","Arjun Mishra","cb.en.u4mee21229@cb.students.amrita.edu","MEE","C","2025","7.61","2","Placed"
"CB.EN.U4MEE21230","Zara Bose","cb.en.u4mee21230@cb.students.amrita.edu","MEE","C","2025","8.06","1","Placed"
"CB.EN.U4MEE21231","Akash Patel","cb.en.u4mee21231@cb.students.amrita.edu","MEE","C","2025","6.58","1","Placed"
"CB.EN.U4MEE21232","Karthik Das","cb.en.u4mee21232@cb.students.amrita.edu","MEE","C","2025","8.11","2","Placed"
"CB.EN.U4MEE21233","Akash Chatterjee","cb.en.u4mee21233@cb.students.amrita.edu","MEE","C","2025","9.07","1","Not Placed"
"CB.EN.U4MEE21234","Karthik Menon","cb.en.u4mee21234@cb.students.amrita.edu","MEE","C","2025","8.02","2","Not Placed"
"CB.EN.U4MEE21235","Lakshmi Shetty","cb.en.u4mee21235@cb.students.amrita.edu","MEE","C","2025","7.92","0","Placed"
"CB.EN.U4MEE21236","Aditya Menon","cb.en.u4mee21236@cb.students.amrita.edu","MEE","C","2025","9.84","1","Not Placed"
"CB.EN.U4MEE21237","Anirudh Nagarajan","cb.en.u4mee21237@cb.students.amrita.edu","MEE","C","2025","6.95","0","Not Placed"
"CB.EN.U4MEE21238","Keerthana Nair","cb.en.u4mee21238@cb.students.amrita.edu","MEE","C","2025","7.49","2","Not Placed"
"CB.EN.U4MEE21239","Sneha Pillai","cb.en.u4mee21239@cb.students.amrita.edu","MEE","C","2025","8.04","2","Not Placed"
"CB.EN.U4MEE21240","Nikhil Sharma","cb.en.u4mee21240@cb.students.amrita.edu","MEE","C","2025","8.16","2","Not Placed"
"CB.EN.U4MEE21241","Anirudh Kulkarni","cb.en.u4mee21241@cb.students.amrita.edu","MEE","C","2025","6.74","0","Placed"
"CB.EN.U4MEE21242","Sanjay Reddy","cb.en.u4mee21242@cb.students.amrita.edu","MEE","C","2025","6.61","0","Placed"
"CB.EN.U4MEE21243","Varun Gupta","cb.en.u4mee21243@cb.students.amrita.edu","MEE","C","2025","6.67","0","Placed"
"CB.EN.U4MEE21244","Arjun Menon","cb.en.u4mee21244@cb.students.amrita.edu","MEE","C","2025","6.69","1","Placed"
"CB.EN.U4MEE21245","Aishwarya Shetty","cb.en.u4mee21245@cb.students.amrita.edu","MEE","C","2025","9.87","0","Placed"
"CB.EN.U4MEE21246","Anirudh Gupta","cb.en.u4mee21246@cb.students.amrita.edu","MEE","C","2025","9.59","1","Placed"
"CB.EN.U4MEE21247","Tanvi Iyer","cb.en.u4mee21247@cb.students.amrita.edu","MEE","C","2025","9.85","0","Not Placed"
"CB.EN.U4MEE21248","Aarav Mishra","cb.en.u4mee21248@cb.students.amrita.edu","MEE","C","2025","9.02","0","Not Placed"
"CB.EN.U4MEE21249","Vikram Sharma","cb.en.u4mee21249@cb.students.amrita.edu","MEE","C","2025","9.62","0","Placed"
"CB.EN.U4MEE21250","Pooja Pillai","cb.en.u4mee21250@cb.students.amrita.edu","MEE","C","2025","9.08","2","Not Placed"
"CB.EN.U4MEE21251","Tanvi Nair","cb.en.u4mee21251@cb.students.amrita.edu","MEE","C","2025","6.69","2","Not Placed"
"CB.EN.U4MEE21252","Aditya Nagarajan","cb.en.u4mee21252@cb.students.amrita.edu","MEE","C","2025","9.42","1","Not Placed"
"CB.EN.U4MEE21253","Janani Iyer","cb.en.u4mee21253@cb.students.amrita.edu","MEE","C","2025","9.22","1","Not Placed"
"CB.EN.U4MEE21254","Vikram Nagarajan","cb.en.u4mee21254@cb.students.amrita.edu","MEE","C","2025","8.04","1","Placed"
"CB.EN.U4MEE21255","Lakshmi Nagarajan","cb.en.u4mee21255@cb.students.amrita.edu","MEE","C","2025","7","1","Placed"
"CB.EN.U4MEE21256","Sneha Gupta","cb.en.u4mee21256@cb.students.amrita.edu","MEE","C","2025","8.55","1","Not Placed"
"CB.EN.U4MEE21257","Janani Das","cb.en.u4mee21257@cb.students.amrita.edu","MEE","C","2025","6.45","2","Not Placed"
"CB.EN.U4MEE21258","Ishaan Patel","cb.en.u4mee21258@cb.students.amrita.edu","MEE","C","2025","9.53","0","Not Placed"
"CB.EN.U4MEE21259","Aarav Verma","cb.en.u4mee21259@cb.students.amrita.edu","MEE","C","2025","8.64","0","Placed"
"CB.EN.U4MEE21260","Karthik Kapoor","cb.en.u4mee21260@cb.students.amrita.edu","MEE","C","2025","6.61","1","Placed"
"CB.EN.U4MEE21301","Pooja Kapoor","cb.en.u4mee21301@cb.students.amrita.edu","MEE","D","2025","6.84","0","Not Placed"
"CB.EN.U4MEE21302","Pooja Menon","cb.en.u4mee21302@cb.students.amrita.edu","MEE","D","2025","8.55","0","Not Placed"
"CB.EN.U4MEE21303","Surya Kapoor","cb.en.u4mee21303@cb.students.amrita.edu","MEE","D","2025","9.19","0","Placed"
"CB.EN.U4MEE21304","Ananya Menon","cb.en.u4mee21304@cb.students.amrita.edu","MEE","D","2025","9.09","0","Not Placed"
"CB.EN.U4MEE21305","Yash Menon","cb.en.u4mee21305@cb.students.amrita.edu","MEE","D","2025","8.9","2","Not Placed"
"CB.EN.U4MEE21306","Zara Shetty","cb.en.u4mee21306@cb.students.amrita.edu","MEE","D","2025","8.2","1","Placed"
"CB.EN.U4MEE21307","Aishwarya Shetty","cb.en.u4mee21307@cb.students.amrita.edu","MEE","D","2025","9.36","1","Not Placed"
"CB.EN.U4MEE21308","Anirudh Kapoor","cb.en.u4mee21308@cb.students.amrita.edu","MEE","D","2025","8.69","2","Not Placed"
"CB.EN.U4MEE21309","Diya Raman","cb.en.u4mee21309@cb.students.amrita.edu","MEE","D","2025","8.47","2","Placed"
"CB.EN.U4MEE21310","Vikram Krishnan","cb.en.u4mee21310@cb.students.amrita.edu","MEE","D","2025","8.52","2","Not Placed"
"CB.EN.U4MEE21311","Anirudh Bose","cb.en.u4mee21311@cb.students.amrita.edu","MEE","D","2025","8.73","2","Not Placed"
"CB.EN.U4MEE21312","Arya Menon","cb.en.u4mee21312@cb.students.amrita.edu","MEE","D","2025","6.85","1","Not Placed"
"CB.EN.U4MEE21313","Bhavya Sharma","cb.en.u4mee21313@cb.students.amrita.edu","MEE","D","2025","9.75","2","Placed"
"CB.EN.U4MEE21314","Harish Das","cb.en.u4mee21314@cb.students.amrita.edu","MEE","D","2025","8.86","2","Not Placed"
"CB.EN.U4MEE21315","Arya Gupta","cb.en.u4mee21315@cb.students.amrita.edu","MEE","D","2025","6.98","2","Not Placed"
"CB.EN.U4MEE21316","Arjun Iyer","cb.en.u4mee21316@cb.students.amrita.edu","MEE","D","2025","8.06","1","Not Placed"
"CB.EN.U4MEE21317","Aishwarya Bose","cb.en.u4mee21317@cb.students.amrita.edu","MEE","D","2025","7.4","2","Placed"
"CB.EN.U4MEE21318","Keerthana Chatterjee","cb.en.u4mee21318@cb.students.amrita.edu","MEE","D","2025","6.04","0","Placed"
"CB.EN.U4MEE21319","Vikram Kulkarni","cb.en.u4mee21319@cb.students.amrita.edu","MEE","D","2025","7.81","0","Placed"
"CB.EN.U4MEE21320","Tanvi Joshi","cb.en.u4mee21320@cb.students.amrita.edu","MEE","D","2025","8.27","2","Placed"
"CB.EN.U4MEE21321","Arjun Kulkarni","cb.en.u4mee21321@cb.students.amrita.edu","MEE","D","2025","6.57","1","Not Placed"
"CB.EN.U4MEE21322","Meera Sharma","cb.en.u4mee21322@cb.students.amrita.edu","MEE","D","2025","6.82","0","Placed"
"CB.EN.U4MEE21323","Pooja Verma","cb.en.u4mee21323@cb.students.amrita.edu","MEE","D","2025","7.16","2","Placed"
"CB.EN.U4MEE21324","Meera Kulkarni","cb.en.u4mee21324@cb.students.amrita.edu","MEE","D","2025","8.29","0","Not Placed"
"CB.EN.U4MEE21325","Meera Iyer","cb.en.u4mee21325@cb.students.amrita.edu","MEE","D","2025","8.1","1","Placed"
"CB.EN.U4MEE21326","Charan Menon","cb.en.u4mee21326@cb.students.amrita.edu","MEE","D","2025","9.54","2","Not Placed"
"CB.EN.U4MEE21327","Lakshmi Das","cb.en.u4mee21327@cb.students.amrita.edu","MEE","D","2025","9.7","2","Placed"
"CB.EN.U4MEE21328","Sneha Kapoor","cb.en.u4mee21328@cb.students.amrita.edu","MEE","D","2025","6.05","2","Placed"
"CB.EN.U4MEE21329","Aarav Bose","cb.en.u4mee21329@cb.students.amrita.edu","MEE","D","2025","9.01","2","Placed"
"CB.EN.U4MEE21330","Riya Verma","cb.en.u4mee21330@cb.students.amrita.edu","MEE","D","2025","6.43","0","Placed"
"CB.EN.U4MEE21331","Charan Nair","cb.en.u4mee21331@cb.students.amrita.edu","MEE","D","2025","7.61","2","Not Placed"
"CB.EN.U4MEE21332","Pooja Iyer","cb.en.u4mee21332@cb.students.amrita.edu","MEE","D","2025","9.72","0","Placed"
"CB.EN.U4MEE21333","Pooja Verma","cb.en.u4mee21333@cb.students.amrita.edu","MEE","D","2025","8.32","0","Placed"
"CB.EN.U4MEE21334","Anirudh Das","cb.en.u4mee21334@cb.students.amrita.edu","MEE","D","2025","8.5","2","Placed"
"CB.EN.U4MEE21335","Ishaan Shetty","cb.en.u4mee21335@cb.students.amrita.edu","MEE","D","2025","6.11","1","Placed"
"CB.EN.U4MEE21336","Bhavya Das","cb.en.u4mee21336@cb.students.amrita.edu","MEE","D","2025","8.6","0","Placed"
"CB.EN.U4MEE21337","Meera Verma","cb.en.u4mee21337@cb.students.amrita.edu","MEE","D","2025","7.62","2","Placed"
"CB.EN.U4MEE21338","Vikram Joshi","cb.en.u4mee21338@cb.students.amrita.edu","MEE","D","2025","6.21","0","Not Placed"
"CB.EN.U4MEE21339","Varun Chatterjee","cb.en.u4mee21339@cb.students.amrita.edu","MEE","D","2025","7.21","0","Not Placed"
"CB.EN.U4MEE21340","Vikram Das","cb.en.u4mee21340@cb.students.amrita.edu","MEE","D","2025","9.48","1","Placed"
"CB.EN.U4MEE21341","Keerthana Das","cb.en.u4mee21341@cb.students.amrita.edu","MEE","D","2025","8.26","1","Not Placed"
"CB.EN.U4MEE21342","Arya Reddy","cb.en.u4mee21342@cb.students.amrita.edu","MEE","D","2025","9.84","2","Not Placed"
"CB.EN.U4MEE21343","Yash Verma","cb.en.u4mee21343@cb.students.amrita.edu","MEE","D","2025","8.92","1","Not Placed"
"CB.EN.U4MEE21344","Anirudh Kapoor","cb.en.u4mee21344@cb.students.amrita.edu","MEE","D","2025","8.17","2","Not Placed"
"CB.EN.U4MEE21345","Anirudh Kulkarni","cb.en.u4mee21345@cb.students.amrita.edu","MEE","D","2025","7.45","2","Not Placed"
"CB.EN.U4MEE21346","Harish Sharma","cb.en.u4mee21346@cb.students.amrita.edu","MEE","D","2025","6.07","2","Not Placed"
"CB.EN.U4MEE21347","Sanjay Pillai","cb.en.u4mee21347@cb.students.amrita.edu","MEE","D","2025","8.82","0","Placed"
"CB.EN.U4MEE21348","Arya Patel","cb.en.u4mee21348@cb.students.amrita.edu","MEE","D","2025","8.17","2","Not Placed"
"CB.EN.U4MEE21349","Vikram Shetty","cb.en.u4mee21349@cb.students.amrita.edu","MEE","D","2025","7.77","0","Not Placed"
"CB.EN.U4MEE21350","Harish Nair","cb.en.u4mee21350@cb.students.amrita.edu","MEE","D","2025","7.16","2","Placed"
"CB.EN.U4MEE21351","Meera Shetty","cb.en.u4mee21351@cb.students.amrita.edu","MEE","D","2025","6.43","2","Placed"
"CB.EN.U4MEE21352","Keerthana Verma","cb.en.u4mee21352@cb.students.amrita.edu","MEE","D","2025","9.06","1","Placed"
"CB.EN.U4MEE21353","Surya Das","cb.en.u4mee21353@cb.students.amrita.edu","MEE","D","2025","9.65","2","Placed"
"CB.EN.U4MEE21354","Janani Patel","cb.en.u4mee21354@cb.students.amrita.edu","MEE","D","2025","7.97","1","Not Placed"
"CB.EN.U4MEE21355","Riya Nagarajan","cb.en.u4mee21355@cb.students.amrita.edu","MEE","D","2025","7.47","2","Placed"
"CB.EN.U4MEE21356","Rahul Joshi","cb.en.u4mee21356@cb.students.amrita.edu","MEE","D","2025","8.97","2","Placed"
"CB.EN.U4MEE21357","Harish Pillai","cb.en.u4mee21357@cb.students.amrita.edu","MEE","D","2025","7.42","2","Not Placed"
"CB.EN.U4MEE21358","Vikram Patel","cb.en.u4mee21358@cb.students.amrita.edu","MEE","D","2025","7.72","1","Placed"
"CB.EN.U4MEE21359","Varun Mishra","cb.en.u4mee21359@cb.students.amrita.edu","MEE","D","2025","7.25","2","Not Placed"
"CB.EN.U4MEE21360","Diya Verma","cb.en.u4mee21360@cb.students.amrita.edu","MEE","D","2025","7.48","2","Placed"
"CB.EN.U4MEE21401","Varun Chatterjee","cb.en.u4mee21401@cb.students.amrita.edu","MEE","E","2025","8.85","0","Not Placed"
"CB.EN.U4MEE21402","Harish Gupta","cb.en.u4mee21402@cb.students.amrita.edu","MEE","E","2025","8.58","0","Placed"
"CB.EN.U4MEE21403","Meera Shetty","cb.en.u4mee21403@cb.students.amrita.edu","MEE","E","2025","8.53","2","Placed"
"CB.EN.U4MEE21404","Yash Bose","cb.en.u4mee21404@cb.students.amrita.edu","MEE","E","2025","7.51","2","Placed"
"CB.EN.U4MEE21405","Rahul Raman","cb.en.u4mee21405@cb.students.amrita.edu","MEE","E","2025","7.62","0","Not Placed"
"CB.EN.U4MEE21406","Sneha Joshi","cb.en.u4mee21406@cb.students.amrita.edu","MEE","E","2025","6.26","1","Not Placed"
"CB.EN.U4MEE21407","Varun Gupta","cb.en.u4mee21407@cb.students.amrita.edu","MEE","E","2025","8","1","Placed"
"CB.EN.U4MEE21408","Diya Nagarajan","cb.en.u4mee21408@cb.students.amrita.edu","MEE","E","2025","8.44","0","Placed"
"CB.EN.U4MEE21409","Varun Raman","cb.en.u4mee21409@cb.students.amrita.edu","MEE","E","2025","9.43","0","Placed"
"CB.EN.U4MEE21410","Zara Gupta","cb.en.u4mee21410@cb.students.amrita.edu","MEE","E","2025","8.76","1","Placed"
"CB.EN.U4MEE21411","Riya Sharma","cb.en.u4mee21411@cb.students.amrita.edu","MEE","E","2025","9.73","1","Placed"
"CB.EN.U4MEE21412","Zara Mishra","cb.en.u4mee21412@cb.students.amrita.edu","MEE","E","2025","6.65","2","Placed"
"CB.EN.U4MEE21413","Charan Bose","cb.en.u4mee21413@cb.students.amrita.edu","MEE","E","2025","7.01","2","Not Placed"
"CB.EN.U4MEE21414","Arjun Pillai","cb.en.u4mee21414@cb.students.amrita.edu","MEE","E","2025","9.15","2","Placed"
"CB.EN.U4MEE21415","Lakshmi Shetty","cb.en.u4mee21415@cb.students.amrita.edu","MEE","E","2025","9.78","2","Not Placed"
"CB.EN.U4MEE21416","Ishaan Patel","cb.en.u4mee21416@cb.students.amrita.edu","MEE","E","2025","9.09","2","Not Placed"
"CB.EN.U4MEE21417","Lakshmi Menon","cb.en.u4mee21417@cb.students.amrita.edu","MEE","E","2025","6.31","1","Placed"
"CB.EN.U4MEE21418","Ishaan Reddy","cb.en.u4mee21418@cb.students.amrita.edu","MEE","E","2025","6.13","1","Not Placed"
"CB.EN.U4MEE21419","Ananya Krishnan","cb.en.u4mee21419@cb.students.amrita.edu","MEE","E","2025","9.02","2","Not Placed"
"CB.EN.U4MEE21420","Surya Chatterjee","cb.en.u4mee21420@cb.students.amrita.edu","MEE","E","2025","7.85","2","Placed"
"CB.EN.U4MEE21421","Pooja Raman","cb.en.u4mee21421@cb.students.amrita.edu","MEE","E","2025","8.09","0","Placed"
"CB.EN.U4MEE21422","Aarav Shetty","cb.en.u4mee21422@cb.students.amrita.edu","MEE","E","2025","8.36","2","Placed"
"CB.EN.U4MEE21423","Ananya Krishnan","cb.en.u4mee21423@cb.students.amrita.edu","MEE","E","2025","7.61","0","Not Placed"
"CB.EN.U4MEE21424","Surya Iyer","cb.en.u4mee21424@cb.students.amrita.edu","MEE","E","2025","9.12","0","Not Placed"
"CB.EN.U4MEE21425","Riya Pillai","cb.en.u4mee21425@cb.students.amrita.edu","MEE","E","2025","9.72","1","Not Placed"
"CB.EN.U4MEE21426","Varun Kulkarni","cb.en.u4mee21426@cb.students.amrita.edu","MEE","E","2025","9.85","2","Not Placed"
"CB.EN.U4MEE21427","Ishaan Nagarajan","cb.en.u4mee21427@cb.students.amrita.edu","MEE","E","2025","6.08","2","Placed"
"CB.EN.U4MEE21428","Surya Iyer","cb.en.u4mee21428@cb.students.amrita.edu","MEE","E","2025","9.28","2","Placed"
"CB.EN.U4MEE21429","Sanjay Menon","cb.en.u4mee21429@cb.students.amrita.edu","MEE","E","2025","7.53","0","Placed"
"CB.EN.U4MEE21430","Rahul Mishra","cb.en.u4mee21430@cb.students.amrita.edu","MEE","E","2025","9.39","2","Placed"
"CB.EN.U4MEE21431","Akash Kulkarni","cb.en.u4mee21431@cb.students.amrita.edu","MEE","E","2025","9.3","0","Placed"
"CB.EN.U4MEE21432","Lakshmi Menon","cb.en.u4mee21432@cb.students.amrita.edu","MEE","E","2025","9.37","2","Not Placed"
"CB.EN.U4MEE21433","Karthik Shetty","cb.en.u4mee21433@cb.students.amrita.edu","MEE","E","2025","8.6","1","Placed"
"CB.EN.U4MEE21434","Arjun Shetty","cb.en.u4mee21434@cb.students.amrita.edu","MEE","E","2025","8.93","2","Not Placed"
"CB.EN.U4MEE21435","Tanvi Chatterjee","cb.en.u4mee21435@cb.students.amrita.edu","MEE","E","2025","8.57","2","Placed"
"CB.EN.U4MEE21436","Bhavya Reddy","cb.en.u4mee21436@cb.students.amrita.edu","MEE","E","2025","6.86","1","Not Placed"
"CB.EN.U4MEE21437","Bhavya Pillai","cb.en.u4mee21437@cb.students.amrita.edu","MEE","E","2025","7.56","0","Placed"
"CB.EN.U4MEE21438","Arjun Bose","cb.en.u4mee21438@cb.students.amrita.edu","MEE","E","2025","6.11","1","Placed"
"CB.EN.U4MEE21439","Charan Kulkarni","cb.en.u4mee21439@cb.students.amrita.edu","MEE","E","2025","8.83","0","Placed"
"CB.EN.U4MEE21440","Yash Nair","cb.en.u4mee21440@cb.students.amrita.edu","MEE","E","2025","8.41","1","Placed"
"CB.EN.U4MEE21441","Zara Chatterjee","cb.en.u4mee21441@cb.students.amrita.edu","MEE","E","2025","6.6","0","Placed"
"CB.EN.U4MEE21442","Zara Raman","cb.en.u4mee21442@cb.students.amrita.edu","MEE","E","2025","9.4","2","Placed"
"CB.EN.U4MEE21443","Varun Sharma","cb.en.u4mee21443@cb.students.amrita.edu","MEE","E","2025","8.42","1","Placed"
"CB.EN.U4MEE21444","Sanjay Das","cb.en.u4mee21444@cb.students.amrita.edu","MEE","E","2025","9.78","1","Placed"
"CB.EN.U4MEE21445","Vikram Sharma","cb.en.u4mee21445@cb.students.amrita.edu","MEE","E","2025","7.58","2","Placed"
"CB.EN.U4MEE21446","Keerthana Kapoor","cb.en.u4mee21446@cb.students.amrita.edu","MEE","E","2025","8.96","2","Not Placed"
"CB.EN.U4MEE21447","Meera Joshi","cb.en.u4mee21447@cb.students.amrita.edu","MEE","E","2025","6.51","2","Not Placed"
"CB.EN.U4MEE21448","Diya Raman","cb.en.u4mee21448@cb.students.amrita.edu","MEE","E","2025","7.7","0","Not Placed"
"CB.EN.U4MEE21449","Ishaan Kapoor","cb.en.u4mee21449@cb.students.amrita.edu","MEE","E","2025","8.17","0","Placed"
"CB.EN.U4MEE21450","Anirudh Pillai","cb.en.u4mee21450@cb.students.amrita.edu","MEE","E","2025","8.04","0","Placed"
"CB.EN.U4MEE21451","Ishaan Krishnan","cb.en.u4mee21451@cb.students.amrita.edu","MEE","E","2025","7.56","1","Not Placed"
"CB.EN.U4MEE21452","Keerthana Mishra","cb.en.u4mee21452@cb.students.amrita.edu","MEE","E","2025","7.08","1","Placed"
"CB.EN.U4MEE21453","Arjun Reddy","cb.en.u4mee21453@cb.students.amrita.edu","MEE","E","2025","6.32","1","Placed"
"CB.EN.U4MEE21454","Aishwarya Kulkarni","cb.en.u4mee21454@cb.students.amrita.edu","MEE","E","2025","9.34","1","Placed"
"CB.EN.U4MEE21455","Charan Patel","cb.en.u4mee21455@cb.students.amrita.edu","MEE","E","2025","9.33","0","Placed"
"CB.EN.U4MEE21456","Diya Gupta","cb.en.u4mee21456@cb.students.amrita.edu","MEE","E","2025","7.45","2","Placed"
"CB.EN.U4MEE21457","Aditya Nair","cb.en.u4mee21457@cb.students.amrita.edu","MEE","E","2025","8.11","1","Placed"
"CB.EN.U4MEE21458","Sanjay Menon","cb.en.u4mee21458@cb.students.amrita.edu","MEE","E","2025","7.84","1","Not Placed"
"CB.EN.U4MEE21459","Varun Menon","cb.en.u4mee21459@cb.students.amrita.edu","MEE","E","2025","8","1","Placed"
"CB.EN.U4MEE21460","Arya Das","cb.en.u4mee21460@cb.students.amrita.edu","MEE","E","2025","9.53","2","Not Placed"
"CB.SC.U4CSE22001","Ishaan Bose","cb.sc.u4cse22001@cb.students.amrita.edu","CSE","A","2026","7.56","0","Not Placed"
"CB.SC.U4CSE22002","Nikhil Iyer","cb.sc.u4cse22002@cb.students.amrita.edu","CSE","A","2026","7.41","0","Not Placed"
"CB.SC.U4CSE22003","Karthik Mishra","cb.sc.u4cse22003@cb.students.amrita.edu","CSE","A","2026","7.04","1","Placed"
"CB.SC.U4CSE22004","Sanjay Raman","cb.sc.u4cse22004@cb.students.amrita.edu","CSE","A","2026","7.52","1","Placed"
"CB.SC.U4CSE22005","Arjun Iyer","cb.sc.u4cse22005@cb.students.amrita.edu","CSE","A","2026","7.84","0","Placed"
"CB.SC.U4CSE22006","Sanjay Menon","cb.sc.u4cse22006@cb.students.amrita.edu","CSE","A","2026","9.57","2","Placed"
"CB.SC.U4CSE22007","Tanvi Krishnan","cb.sc.u4cse22007@cb.students.amrita.edu","CSE","A","2026","6.94","2","Not Placed"
"CB.SC.U4CSE22008","Ishaan Chatterjee","cb.sc.u4cse22008@cb.students.amrita.edu","CSE","A","2026","6.55","0","Not Placed"
"CB.SC.U4CSE22009","Pooja Joshi","cb.sc.u4cse22009@cb.students.amrita.edu","CSE","A","2026","6.04","2","Not Placed"
"CB.SC.U4CSE22010","Janani Iyer","cb.sc.u4cse22010@cb.students.amrita.edu","CSE","A","2026","7.3","2","Not Placed"
"CB.SC.U4CSE22011","Sneha Kapoor","cb.sc.u4cse22011@cb.students.amrita.edu","CSE","A","2026","8.56","0","Not Placed"
"CB.SC.U4CSE22012","Aarav Sharma","cb.sc.u4cse22012@cb.students.amrita.edu","CSE","A","2026","6.44","2","Placed"
"CB.SC.U4CSE22013","Keerthana Bose","cb.sc.u4cse22013@cb.students.amrita.edu","CSE","A","2026","6.4","0","Not Placed"
"CB.SC.U4CSE22014","Nikhil Patel","cb.sc.u4cse22014@cb.students.amrita.edu","CSE","A","2026","7.26","2","Placed"
"CB.SC.U4CSE22015","Yash Joshi","cb.sc.u4cse22015@cb.students.amrita.edu","CSE","A","2026","6.9","0","Not Placed"
"CB.SC.U4CSE22016","Aditya Menon","cb.sc.u4cse22016@cb.students.amrita.edu","CSE","A","2026","7.32","1","Not Placed"
"CB.SC.U4CSE22017","Janani Chatterjee","cb.sc.u4cse22017@cb.students.amrita.edu","CSE","A","2026","6.11","0","Not Placed"
"CB.SC.U4CSE22018","Riya Das","cb.sc.u4cse22018@cb.students.amrita.edu","CSE","A","2026","9.35","2","Not Placed"
"CB.SC.U4CSE22019","Karthik Raman","cb.sc.u4cse22019@cb.students.amrita.edu","CSE","A","2026","8.44","0","Not Placed"
"CB.SC.U4CSE22020","Pooja Kulkarni","cb.sc.u4cse22020@cb.students.amrita.edu","CSE","A","2026","9.56","0","Not Placed"
"CB.SC.U4CSE22021","Ananya Reddy","cb.sc.u4cse22021@cb.students.amrita.edu","CSE","A","2026","6.7","0","Not Placed"
"CB.SC.U4CSE22022","Varun Patel","cb.sc.u4cse22022@cb.students.amrita.edu","CSE","A","2026","6.44","0","Not Placed"
"CB.SC.U4CSE22023","Akash Nair","cb.sc.u4cse22023@cb.students.amrita.edu","CSE","A","2026","6.74","1","Not Placed"
"CB.SC.U4CSE22024","Karthik Raman","cb.sc.u4cse22024@cb.students.amrita.edu","CSE","A","2026","7.31","2","Not Placed"
"CB.SC.U4CSE22025","Janani Joshi","cb.sc.u4cse22025@cb.students.amrita.edu","CSE","A","2026","6.82","1","Placed"
"CB.SC.U4CSE22026","Aishwarya Pillai","cb.sc.u4cse22026@cb.students.amrita.edu","CSE","A","2026","6.51","0","Placed"
"CB.SC.U4CSE22027","Riya Kulkarni","cb.sc.u4cse22027@cb.students.amrita.edu","CSE","A","2026","8.3","1","Placed"
"CB.SC.U4CSE22028","Arya Gupta","cb.sc.u4cse22028@cb.students.amrita.edu","CSE","A","2026","7.69","1","Placed"
"CB.SC.U4CSE22029","Yash Verma","cb.sc.u4cse22029@cb.students.amrita.edu","CSE","A","2026","8.22","2","Not Placed"
"CB.SC.U4CSE22030","Keerthana Das","cb.sc.u4cse22030@cb.students.amrita.edu","CSE","A","2026","8.83","1","Not Placed"
"CB.SC.U4CSE22031","Charan Krishnan","cb.sc.u4cse22031@cb.students.amrita.edu","CSE","A","2026","6.06","0","Not Placed"
"CB.SC.U4CSE22032","Aditya Joshi","cb.sc.u4cse22032@cb.students.amrita.edu","CSE","A","2026","8.98","2","Not Placed"
"CB.SC.U4CSE22033","Akash Raman","cb.sc.u4cse22033@cb.students.amrita.edu","CSE","A","2026","7.87","1","Placed"
"CB.SC.U4CSE22034","Zara Mishra","cb.sc.u4cse22034@cb.students.amrita.edu","CSE","A","2026","8.32","2","Placed"
"CB.SC.U4CSE22035","Rahul Nair","cb.sc.u4cse22035@cb.students.amrita.edu","CSE","A","2026","7.66","0","Not Placed"
"CB.SC.U4CSE22036","Sneha Joshi","cb.sc.u4cse22036@cb.students.amrita.edu","CSE","A","2026","6.47","0","Placed"
"CB.SC.U4CSE22037","Diya Chatterjee","cb.sc.u4cse22037@cb.students.amrita.edu","CSE","A","2026","7.66","1","Not Placed"
"CB.SC.U4CSE22038","Ananya Nair","cb.sc.u4cse22038@cb.students.amrita.edu","CSE","A","2026","8.4","0","Not Placed"
"CB.SC.U4CSE22039","Yash Krishnan","cb.sc.u4cse22039@cb.students.amrita.edu","CSE","A","2026","6.64","1","Not Placed"
"CB.SC.U4CSE22040","Bhavya Pillai","cb.sc.u4cse22040@cb.students.amrita.edu","CSE","A","2026","9.74","0","Not Placed"
"CB.SC.U4CSE22041","Ananya Pillai","cb.sc.u4cse22041@cb.students.amrita.edu","CSE","A","2026","9.11","0","Placed"
"CB.SC.U4CSE22042","Sanjay Patel","cb.sc.u4cse22042@cb.students.amrita.edu","CSE","A","2026","9.69","2","Not Placed"
"CB.SC.U4CSE22043","Aditya Menon","cb.sc.u4cse22043@cb.students.amrita.edu","CSE","A","2026","8.02","0","Placed"
"CB.SC.U4CSE22044","Aarav Chatterjee","cb.sc.u4cse22044@cb.students.amrita.edu","CSE","A","2026","8.35","1","Not Placed"
"CB.SC.U4CSE22045","Anirudh Krishnan","cb.sc.u4cse22045@cb.students.amrita.edu","CSE","A","2026","9.1","2","Not Placed"
"CB.SC.U4CSE22046","Charan Verma","cb.sc.u4cse22046@cb.students.amrita.edu","CSE","A","2026","7.23","2","Not Placed"
"CB.SC.U4CSE22047","Janani Joshi","cb.sc.u4cse22047@cb.students.amrita.edu","CSE","A","2026","6.63","2","Not Placed"
"CB.SC.U4CSE22048","Arya Chatterjee","cb.sc.u4cse22048@cb.students.amrita.edu","CSE","A","2026","6.13","1","Not Placed"
"CB.SC.U4CSE22049","Varun Shetty","cb.sc.u4cse22049@cb.students.amrita.edu","CSE","A","2026","6.43","2","Not Placed"
"CB.SC.U4CSE22050","Aditya Krishnan","cb.sc.u4cse22050@cb.students.amrita.edu","CSE","A","2026","7.43","2","Placed"
"CB.SC.U4CSE22051","Aarav Patel","cb.sc.u4cse22051@cb.students.amrita.edu","CSE","A","2026","6.24","0","Placed"
"CB.SC.U4CSE22052","Vikram Gupta","cb.sc.u4cse22052@cb.students.amrita.edu","CSE","A","2026","9.66","2","Not Placed"
"CB.SC.U4CSE22053","Janani Mishra","cb.sc.u4cse22053@cb.students.amrita.edu","CSE","A","2026","6.39","2","Placed"
"CB.SC.U4CSE22054","Charan Krishnan","cb.sc.u4cse22054@cb.students.amrita.edu","CSE","A","2026","6.48","2","Not Placed"
"CB.SC.U4CSE22055","Lakshmi Gupta","cb.sc.u4cse22055@cb.students.amrita.edu","CSE","A","2026","6.53","0","Placed"
"CB.SC.U4CSE22056","Diya Gupta","cb.sc.u4cse22056@cb.students.amrita.edu","CSE","A","2026","8.97","0","Placed"
"CB.SC.U4CSE22057","Rahul Sharma","cb.sc.u4cse22057@cb.students.amrita.edu","CSE","A","2026","9.7","2","Placed"
"CB.SC.U4CSE22058","Aishwarya Raman","cb.sc.u4cse22058@cb.students.amrita.edu","CSE","A","2026","9.67","2","Placed"
"CB.SC.U4CSE22059","Lakshmi Pillai","cb.sc.u4cse22059@cb.students.amrita.edu","CSE","A","2026","8.36","2","Not Placed"
"CB.SC.U4CSE22060","Arjun Chatterjee","cb.sc.u4cse22060@cb.students.amrita.edu","CSE","A","2026","6.71","1","Placed"
"CB.SC.U4CSE22101","Lakshmi Pillai","cb.sc.u4cse22101@cb.students.amrita.edu","CSE","B","2026","6.72","1","Placed"
"CB.SC.U4CSE22102","Keerthana Nair","cb.sc.u4cse22102@cb.students.amrita.edu","CSE","B","2026","6.7","0","Not Placed"
"CB.SC.U4CSE22103","Arya Patel","cb.sc.u4cse22103@cb.students.amrita.edu","CSE","B","2026","8.03","0","Not Placed"
"CB.SC.U4CSE22104","Charan Reddy","cb.sc.u4cse22104@cb.students.amrita.edu","CSE","B","2026","7.22","0","Not Placed"
"CB.SC.U4CSE22105","Varun Bose","cb.sc.u4cse22105@cb.students.amrita.edu","CSE","B","2026","7.22","0","Not Placed"
"CB.SC.U4CSE22106","Arya Nagarajan","cb.sc.u4cse22106@cb.students.amrita.edu","CSE","B","2026","8.39","1","Not Placed"
"CB.SC.U4CSE22107","Anirudh Mishra","cb.sc.u4cse22107@cb.students.amrita.edu","CSE","B","2026","9.28","1","Not Placed"
"CB.SC.U4CSE22108","Varun Menon","cb.sc.u4cse22108@cb.students.amrita.edu","CSE","B","2026","6.1","1","Placed"
"CB.SC.U4CSE22109","Ishaan Nagarajan","cb.sc.u4cse22109@cb.students.amrita.edu","CSE","B","2026","6.63","2","Placed"
"CB.SC.U4CSE22110","Harish Mishra","cb.sc.u4cse22110@cb.students.amrita.edu","CSE","B","2026","9.64","1","Not Placed"
"CB.SC.U4CSE22111","Nikhil Kapoor","cb.sc.u4cse22111@cb.students.amrita.edu","CSE","B","2026","9.3","2","Placed"
"CB.SC.U4CSE22112","Aishwarya Kulkarni","cb.sc.u4cse22112@cb.students.amrita.edu","CSE","B","2026","6.03","0","Placed"
"CB.SC.U4CSE22113","Tanvi Kapoor","cb.sc.u4cse22113@cb.students.amrita.edu","CSE","B","2026","8.39","0","Placed"
"CB.SC.U4CSE22114","Aarav Reddy","cb.sc.u4cse22114@cb.students.amrita.edu","CSE","B","2026","6.78","0","Placed"
"CB.SC.U4CSE22115","Aishwarya Mishra","cb.sc.u4cse22115@cb.students.amrita.edu","CSE","B","2026","9.69","1","Not Placed"
"CB.SC.U4CSE22116","Ishaan Chatterjee","cb.sc.u4cse22116@cb.students.amrita.edu","CSE","B","2026","8.86","0","Placed"
"CB.SC.U4CSE22117","Bhavya Shetty","cb.sc.u4cse22117@cb.students.amrita.edu","CSE","B","2026","6.79","2","Not Placed"
"CB.SC.U4CSE22118","Keerthana Patel","cb.sc.u4cse22118@cb.students.amrita.edu","CSE","B","2026","8.08","2","Placed"
"CB.SC.U4CSE22119","Tanvi Mishra","cb.sc.u4cse22119@cb.students.amrita.edu","CSE","B","2026","6.89","1","Placed"
"CB.SC.U4CSE22120","Surya Shetty","cb.sc.u4cse22120@cb.students.amrita.edu","CSE","B","2026","8.21","0","Placed"
"CB.SC.U4CSE22121","Aditya Iyer","cb.sc.u4cse22121@cb.students.amrita.edu","CSE","B","2026","6.99","1","Placed"
"CB.SC.U4CSE22122","Lakshmi Mishra","cb.sc.u4cse22122@cb.students.amrita.edu","CSE","B","2026","6.48","1","Placed"
"CB.SC.U4CSE22123","Keerthana Krishnan","cb.sc.u4cse22123@cb.students.amrita.edu","CSE","B","2026","9.38","2","Not Placed"
"CB.SC.U4CSE22124","Tanvi Pillai","cb.sc.u4cse22124@cb.students.amrita.edu","CSE","B","2026","7.54","1","Placed"
"CB.SC.U4CSE22125","Vikram Menon","cb.sc.u4cse22125@cb.students.amrita.edu","CSE","B","2026","8.3","0","Placed"
"CB.SC.U4CSE22126","Keerthana Verma","cb.sc.u4cse22126@cb.students.amrita.edu","CSE","B","2026","9.63","2","Placed"
"CB.SC.U4CSE22127","Ishaan Shetty","cb.sc.u4cse22127@cb.students.amrita.edu","CSE","B","2026","8.44","1","Not Placed"
"CB.SC.U4CSE22128","Varun Menon","cb.sc.u4cse22128@cb.students.amrita.edu","CSE","B","2026","7.85","0","Not Placed"
"CB.SC.U4CSE22129","Aishwarya Pillai","cb.sc.u4cse22129@cb.students.amrita.edu","CSE","B","2026","9.15","1","Not Placed"
"CB.SC.U4CSE22130","Arjun Reddy","cb.sc.u4cse22130@cb.students.amrita.edu","CSE","B","2026","6.89","1","Not Placed"
"CB.SC.U4CSE22131","Anirudh Pillai","cb.sc.u4cse22131@cb.students.amrita.edu","CSE","B","2026","9.3","0","Placed"
"CB.SC.U4CSE22132","Meera Bose","cb.sc.u4cse22132@cb.students.amrita.edu","CSE","B","2026","7.86","0","Not Placed"
"CB.SC.U4CSE22133","Rahul Verma","cb.sc.u4cse22133@cb.students.amrita.edu","CSE","B","2026","8.47","1","Placed"
"CB.SC.U4CSE22134","Harish Shetty","cb.sc.u4cse22134@cb.students.amrita.edu","CSE","B","2026","6.32","2","Not Placed"
"CB.SC.U4CSE22135","Arya Joshi","cb.sc.u4cse22135@cb.students.amrita.edu","CSE","B","2026","6.68","1","Placed"
"CB.SC.U4CSE22136","Bhavya Raman","cb.sc.u4cse22136@cb.students.amrita.edu","CSE","B","2026","6.68","2","Placed"
"CB.SC.U4CSE22137","Anirudh Das","cb.sc.u4cse22137@cb.students.amrita.edu","CSE","B","2026","7.31","1","Placed"
"CB.SC.U4CSE22138","Nikhil Kapoor","cb.sc.u4cse22138@cb.students.amrita.edu","CSE","B","2026","7.7","1","Placed"
"CB.SC.U4CSE22139","Riya Menon","cb.sc.u4cse22139@cb.students.amrita.edu","CSE","B","2026","7.16","2","Not Placed"
"CB.SC.U4CSE22140","Ananya Reddy","cb.sc.u4cse22140@cb.students.amrita.edu","CSE","B","2026","6.3","0","Not Placed"
"CB.SC.U4CSE22141","Harish Shetty","cb.sc.u4cse22141@cb.students.amrita.edu","CSE","B","2026","7.03","2","Placed"
"CB.SC.U4CSE22142","Bhavya Verma","cb.sc.u4cse22142@cb.students.amrita.edu","CSE","B","2026","6.08","1","Not Placed"
"CB.SC.U4CSE22143","Anirudh Chatterjee","cb.sc.u4cse22143@cb.students.amrita.edu","CSE","B","2026","8.78","0","Placed"
"CB.SC.U4CSE22144","Ishaan Menon","cb.sc.u4cse22144@cb.students.amrita.edu","CSE","B","2026","6.87","1","Not Placed"
"CB.SC.U4CSE22145","Vikram Chatterjee","cb.sc.u4cse22145@cb.students.amrita.edu","CSE","B","2026","7.86","0","Not Placed"
"CB.SC.U4CSE22146","Rahul Gupta","cb.sc.u4cse22146@cb.students.amrita.edu","CSE","B","2026","8.76","1","Placed"
"CB.SC.U4CSE22147","Akash Krishnan","cb.sc.u4cse22147@cb.students.amrita.edu","CSE","B","2026","8.73","1","Not Placed"
"CB.SC.U4CSE22148","Surya Menon","cb.sc.u4cse22148@cb.students.amrita.edu","CSE","B","2026","6.35","0","Placed"
"CB.SC.U4CSE22149","Arjun Shetty","cb.sc.u4cse22149@cb.students.amrita.edu","CSE","B","2026","8.85","2","Placed"
"CB.SC.U4CSE22150","Lakshmi Menon","cb.sc.u4cse22150@cb.students.amrita.edu","CSE","B","2026","6.12","1","Placed"
"CB.SC.U4CSE22151","Ananya Mishra","cb.sc.u4cse22151@cb.students.amrita.edu","CSE","B","2026","8.98","1","Not Placed"
"CB.SC.U4CSE22152","Karthik Shetty","cb.sc.u4cse22152@cb.students.amrita.edu","CSE","B","2026","6","1","Placed"
"CB.SC.U4CSE22153","Janani Kulkarni","cb.sc.u4cse22153@cb.students.amrita.edu","CSE","B","2026","8.15","0","Placed"
"CB.SC.U4CSE22154","Vikram Iyer","cb.sc.u4cse22154@cb.students.amrita.edu","CSE","B","2026","6.86","1","Placed"
"CB.SC.U4CSE22155","Keerthana Kulkarni","cb.sc.u4cse22155@cb.students.amrita.edu","CSE","B","2026","9.77","2","Not Placed"
"CB.SC.U4CSE22156","Yash Krishnan","cb.sc.u4cse22156@cb.students.amrita.edu","CSE","B","2026","8.81","0","Not Placed"
"CB.SC.U4CSE22157","Arya Menon","cb.sc.u4cse22157@cb.students.amrita.edu","CSE","B","2026","7.97","2","Placed"
"CB.SC.U4CSE22158","Varun Verma","cb.sc.u4cse22158@cb.students.amrita.edu","CSE","B","2026","8.28","1","Not Placed"
"CB.SC.U4CSE22159","Nikhil Mishra","cb.sc.u4cse22159@cb.students.amrita.edu","CSE","B","2026","7.89","2","Placed"
"CB.SC.U4CSE22160","Arya Patel","cb.sc.u4cse22160@cb.students.amrita.edu","CSE","B","2026","9.74","1","Placed"
"CB.SC.U4CSE22201","Zara Das","cb.sc.u4cse22201@cb.students.amrita.edu","CSE","C","2026","9.66","2","Not Placed"
"CB.SC.U4CSE22202","Diya Verma","cb.sc.u4cse22202@cb.students.amrita.edu","CSE","C","2026","9.27","0","Not Placed"
"CB.SC.U4CSE22203","Aarav Chatterjee","cb.sc.u4cse22203@cb.students.amrita.edu","CSE","C","2026","7.56","0","Placed"
"CB.SC.U4CSE22204","Riya Iyer","cb.sc.u4cse22204@cb.students.amrita.edu","CSE","C","2026","6.72","2","Not Placed"
"CB.SC.U4CSE22205","Bhavya Pillai","cb.sc.u4cse22205@cb.students.amrita.edu","CSE","C","2026","7.42","2","Placed"
"CB.SC.U4CSE22206","Ananya Chatterjee","cb.sc.u4cse22206@cb.students.amrita.edu","CSE","C","2026","8.46","2","Placed"
"CB.SC.U4CSE22207","Lakshmi Mishra","cb.sc.u4cse22207@cb.students.amrita.edu","CSE","C","2026","8.64","2","Not Placed"
"CB.SC.U4CSE22208","Bhavya Shetty","cb.sc.u4cse22208@cb.students.amrita.edu","CSE","C","2026","8.04","0","Not Placed"
"CB.SC.U4CSE22209","Diya Das","cb.sc.u4cse22209@cb.students.amrita.edu","CSE","C","2026","8.66","0","Not Placed"
"CB.SC.U4CSE22210","Rahul Joshi","cb.sc.u4cse22210@cb.students.amrita.edu","CSE","C","2026","8.45","2","Placed"
"CB.SC.U4CSE22211","Diya Verma","cb.sc.u4cse22211@cb.students.amrita.edu","CSE","C","2026","7.98","2","Placed"
"CB.SC.U4CSE22212","Charan Patel","cb.sc.u4cse22212@cb.students.amrita.edu","CSE","C","2026","6.08","0","Placed"
"CB.SC.U4CSE22213","Nikhil Raman","cb.sc.u4cse22213@cb.students.amrita.edu","CSE","C","2026","8.2","0","Not Placed"
"CB.SC.U4CSE22214","Arjun Kulkarni","cb.sc.u4cse22214@cb.students.amrita.edu","CSE","C","2026","7.77","2","Not Placed"
"CB.SC.U4CSE22215","Yash Patel","cb.sc.u4cse22215@cb.students.amrita.edu","CSE","C","2026","7.34","0","Placed"
"CB.SC.U4CSE22216","Bhavya Kapoor","cb.sc.u4cse22216@cb.students.amrita.edu","CSE","C","2026","9.32","0","Placed"
"CB.SC.U4CSE22217","Karthik Reddy","cb.sc.u4cse22217@cb.students.amrita.edu","CSE","C","2026","8.25","2","Not Placed"
"CB.SC.U4CSE22218","Surya Das","cb.sc.u4cse22218@cb.students.amrita.edu","CSE","C","2026","8.74","1","Placed"
"CB.SC.U4CSE22219","Sanjay Verma","cb.sc.u4cse22219@cb.students.amrita.edu","CSE","C","2026","7.29","0","Not Placed"
"CB.SC.U4CSE22220","Keerthana Menon","cb.sc.u4cse22220@cb.students.amrita.edu","CSE","C","2026","6.24","2","Placed"
"CB.SC.U4CSE22221","Charan Bose","cb.sc.u4cse22221@cb.students.amrita.edu","CSE","C","2026","6.31","1","Not Placed"
"CB.SC.U4CSE22222","Arjun Nair","cb.sc.u4cse22222@cb.students.amrita.edu","CSE","C","2026","6.27","1","Not Placed"
"CB.SC.U4CSE22223","Nikhil Raman","cb.sc.u4cse22223@cb.students.amrita.edu","CSE","C","2026","7.59","1","Not Placed"
"CB.SC.U4CSE22224","Sanjay Bose","cb.sc.u4cse22224@cb.students.amrita.edu","CSE","C","2026","6.48","2","Not Placed"
"CB.SC.U4CSE22225","Zara Nair","cb.sc.u4cse22225@cb.students.amrita.edu","CSE","C","2026","9.04","2","Not Placed"
"CB.SC.U4CSE22226","Karthik Gupta","cb.sc.u4cse22226@cb.students.amrita.edu","CSE","C","2026","6.82","1","Placed"
"CB.SC.U4CSE22227","Arya Chatterjee","cb.sc.u4cse22227@cb.students.amrita.edu","CSE","C","2026","6.07","0","Not Placed"
"CB.SC.U4CSE22228","Keerthana Sharma","cb.sc.u4cse22228@cb.students.amrita.edu","CSE","C","2026","9.32","1","Not Placed"
"CB.SC.U4CSE22229","Sneha Raman","cb.sc.u4cse22229@cb.students.amrita.edu","CSE","C","2026","7.75","2","Placed"
"CB.SC.U4CSE22230","Varun Mishra","cb.sc.u4cse22230@cb.students.amrita.edu","CSE","C","2026","9.37","1","Placed"
"CB.SC.U4CSE22231","Harish Chatterjee","cb.sc.u4cse22231@cb.students.amrita.edu","CSE","C","2026","7.71","2","Placed"
"CB.SC.U4CSE22232","Harish Reddy","cb.sc.u4cse22232@cb.students.amrita.edu","CSE","C","2026","6.38","2","Not Placed"
"CB.SC.U4CSE22233","Harish Iyer","cb.sc.u4cse22233@cb.students.amrita.edu","CSE","C","2026","7.65","2","Not Placed"
"CB.SC.U4CSE22234","Riya Patel","cb.sc.u4cse22234@cb.students.amrita.edu","CSE","C","2026","7.57","0","Placed"
"CB.SC.U4CSE22235","Karthik Pillai","cb.sc.u4cse22235@cb.students.amrita.edu","CSE","C","2026","7.58","0","Not Placed"
"CB.SC.U4CSE22236","Yash Nagarajan","cb.sc.u4cse22236@cb.students.amrita.edu","CSE","C","2026","7.19","1","Not Placed"
"CB.SC.U4CSE22237","Diya Bose","cb.sc.u4cse22237@cb.students.amrita.edu","CSE","C","2026","7.16","1","Not Placed"
"CB.SC.U4CSE22238","Tanvi Sharma","cb.sc.u4cse22238@cb.students.amrita.edu","CSE","C","2026","7.41","2","Not Placed"
"CB.SC.U4CSE22239","Charan Mishra","cb.sc.u4cse22239@cb.students.amrita.edu","CSE","C","2026","8.7","1","Not Placed"
"CB.SC.U4CSE22240","Rahul Raman","cb.sc.u4cse22240@cb.students.amrita.edu","CSE","C","2026","8.22","1","Placed"
"CB.SC.U4CSE22241","Charan Chatterjee","cb.sc.u4cse22241@cb.students.amrita.edu","CSE","C","2026","8.99","0","Placed"
"CB.SC.U4CSE22242","Nikhil Das","cb.sc.u4cse22242@cb.students.amrita.edu","CSE","C","2026","7.47","0","Placed"
"CB.SC.U4CSE22243","Sneha Shetty","cb.sc.u4cse22243@cb.students.amrita.edu","CSE","C","2026","6.75","2","Not Placed"
"CB.SC.U4CSE22244","Anirudh Sharma","cb.sc.u4cse22244@cb.students.amrita.edu","CSE","C","2026","8.55","2","Not Placed"
"CB.SC.U4CSE22245","Bhavya Reddy","cb.sc.u4cse22245@cb.students.amrita.edu","CSE","C","2026","8.17","0","Not Placed"
"CB.SC.U4CSE22246","Harish Iyer","cb.sc.u4cse22246@cb.students.amrita.edu","CSE","C","2026","6.25","0","Not Placed"
"CB.SC.U4CSE22247","Ananya Patel","cb.sc.u4cse22247@cb.students.amrita.edu","CSE","C","2026","7.59","0","Not Placed"
"CB.SC.U4CSE22248","Vikram Iyer","cb.sc.u4cse22248@cb.students.amrita.edu","CSE","C","2026","6.45","0","Placed"
"CB.SC.U4CSE22249","Anirudh Joshi","cb.sc.u4cse22249@cb.students.amrita.edu","CSE","C","2026","9.08","0","Not Placed"
"CB.SC.U4CSE22250","Janani Krishnan","cb.sc.u4cse22250@cb.students.amrita.edu","CSE","C","2026","9.25","0","Placed"
"CB.SC.U4CSE22251","Yash Gupta","cb.sc.u4cse22251@cb.students.amrita.edu","CSE","C","2026","9.84","2","Not Placed"
"CB.SC.U4CSE22252","Surya Bose","cb.sc.u4cse22252@cb.students.amrita.edu","CSE","C","2026","7","0","Placed"
"CB.SC.U4CSE22253","Charan Mishra","cb.sc.u4cse22253@cb.students.amrita.edu","CSE","C","2026","7.46","1","Not Placed"
"CB.SC.U4CSE22254","Riya Iyer","cb.sc.u4cse22254@cb.students.amrita.edu","CSE","C","2026","6.12","1","Not Placed"
"CB.SC.U4CSE22255","Aishwarya Raman","cb.sc.u4cse22255@cb.students.amrita.edu","CSE","C","2026","8.26","1","Placed"
"CB.SC.U4CSE22256","Nikhil Gupta","cb.sc.u4cse22256@cb.students.amrita.edu","CSE","C","2026","6.93","1","Not Placed"
"CB.SC.U4CSE22257","Lakshmi Nair","cb.sc.u4cse22257@cb.students.amrita.edu","CSE","C","2026","9.26","0","Placed"
"CB.SC.U4CSE22258","Tanvi Mishra","cb.sc.u4cse22258@cb.students.amrita.edu","CSE","C","2026","8.02","1","Not Placed"
"CB.SC.U4CSE22259","Karthik Verma","cb.sc.u4cse22259@cb.students.amrita.edu","CSE","C","2026","9.81","1","Placed"
"CB.SC.U4CSE22260","Aishwarya Chatterjee","cb.sc.u4cse22260@cb.students.amrita.edu","CSE","C","2026","9.43","1","Placed"
"CB.SC.U4CSE22301","Janani Mishra","cb.sc.u4cse22301@cb.students.amrita.edu","CSE","D","2026","7.39","2","Not Placed"
"CB.SC.U4CSE22302","Janani Krishnan","cb.sc.u4cse22302@cb.students.amrita.edu","CSE","D","2026","9.22","1","Placed"
"CB.SC.U4CSE22303","Lakshmi Sharma","cb.sc.u4cse22303@cb.students.amrita.edu","CSE","D","2026","9.26","1","Not Placed"
"CB.SC.U4CSE22304","Keerthana Shetty","cb.sc.u4cse22304@cb.students.amrita.edu","CSE","D","2026","7.71","2","Placed"
"CB.SC.U4CSE22305","Riya Iyer","cb.sc.u4cse22305@cb.students.amrita.edu","CSE","D","2026","7.72","0","Not Placed"
"CB.SC.U4CSE22306","Aditya Nagarajan","cb.sc.u4cse22306@cb.students.amrita.edu","CSE","D","2026","7.65","1","Placed"
"CB.SC.U4CSE22307","Tanvi Bose","cb.sc.u4cse22307@cb.students.amrita.edu","CSE","D","2026","9.51","1","Placed"
"CB.SC.U4CSE22308","Aarav Das","cb.sc.u4cse22308@cb.students.amrita.edu","CSE","D","2026","8.42","0","Placed"
"CB.SC.U4CSE22309","Varun Iyer","cb.sc.u4cse22309@cb.students.amrita.edu","CSE","D","2026","8.33","0","Not Placed"
"CB.SC.U4CSE22310","Charan Kulkarni","cb.sc.u4cse22310@cb.students.amrita.edu","CSE","D","2026","9.79","2","Not Placed"
"CB.SC.U4CSE22311","Ishaan Gupta","cb.sc.u4cse22311@cb.students.amrita.edu","CSE","D","2026","9.02","2","Placed"
"CB.SC.U4CSE22312","Pooja Pillai","cb.sc.u4cse22312@cb.students.amrita.edu","CSE","D","2026","6.43","1","Not Placed"
"CB.SC.U4CSE22313","Charan Joshi","cb.sc.u4cse22313@cb.students.amrita.edu","CSE","D","2026","6.57","2","Not Placed"
"CB.SC.U4CSE22314","Yash Mishra","cb.sc.u4cse22314@cb.students.amrita.edu","CSE","D","2026","8.64","2","Not Placed"
"CB.SC.U4CSE22315","Zara Raman","cb.sc.u4cse22315@cb.students.amrita.edu","CSE","D","2026","9.27","2","Not Placed"
"CB.SC.U4CSE22316","Keerthana Kapoor","cb.sc.u4cse22316@cb.students.amrita.edu","CSE","D","2026","9.61","1","Placed"
"CB.SC.U4CSE22317","Arya Raman","cb.sc.u4cse22317@cb.students.amrita.edu","CSE","D","2026","7.88","2","Not Placed"
"CB.SC.U4CSE22318","Tanvi Menon","cb.sc.u4cse22318@cb.students.amrita.edu","CSE","D","2026","6.56","0","Placed"
"CB.SC.U4CSE22319","Vikram Chatterjee","cb.sc.u4cse22319@cb.students.amrita.edu","CSE","D","2026","9.29","0","Not Placed"
"CB.SC.U4CSE22320","Diya Shetty","cb.sc.u4cse22320@cb.students.amrita.edu","CSE","D","2026","6.14","1","Not Placed"
"CB.SC.U4CSE22321","Varun Iyer","cb.sc.u4cse22321@cb.students.amrita.edu","CSE","D","2026","6.89","1","Placed"
"CB.SC.U4CSE22322","Rahul Gupta","cb.sc.u4cse22322@cb.students.amrita.edu","CSE","D","2026","8.69","0","Not Placed"
"CB.SC.U4CSE22323","Aarav Chatterjee","cb.sc.u4cse22323@cb.students.amrita.edu","CSE","D","2026","7.12","1","Not Placed"
"CB.SC.U4CSE22324","Aditya Chatterjee","cb.sc.u4cse22324@cb.students.amrita.edu","CSE","D","2026","7.25","0","Placed"
"CB.SC.U4CSE22325","Lakshmi Kapoor","cb.sc.u4cse22325@cb.students.amrita.edu","CSE","D","2026","6.28","0","Not Placed"
"CB.SC.U4CSE22326","Sneha Krishnan","cb.sc.u4cse22326@cb.students.amrita.edu","CSE","D","2026","8.88","1","Placed"
"CB.SC.U4CSE22327","Arya Shetty","cb.sc.u4cse22327@cb.students.amrita.edu","CSE","D","2026","6.05","2","Not Placed"
"CB.SC.U4CSE22328","Meera Patel","cb.sc.u4cse22328@cb.students.amrita.edu","CSE","D","2026","7.25","1","Placed"
"CB.SC.U4CSE22329","Ishaan Bose","cb.sc.u4cse22329@cb.students.amrita.edu","CSE","D","2026","8.15","2","Placed"
"CB.SC.U4CSE22330","Harish Patel","cb.sc.u4cse22330@cb.students.amrita.edu","CSE","D","2026","6.41","0","Not Placed"
"CB.SC.U4CSE22331","Sneha Chatterjee","cb.sc.u4cse22331@cb.students.amrita.edu","CSE","D","2026","8.49","2","Not Placed"
"CB.SC.U4CSE22332","Sneha Menon","cb.sc.u4cse22332@cb.students.amrita.edu","CSE","D","2026","6.51","0","Not Placed"
"CB.SC.U4CSE22333","Varun Menon","cb.sc.u4cse22333@cb.students.amrita.edu","CSE","D","2026","7.25","1","Not Placed"
"CB.SC.U4CSE22334","Rahul Kulkarni","cb.sc.u4cse22334@cb.students.amrita.edu","CSE","D","2026","9.63","0","Not Placed"
"CB.SC.U4CSE22335","Karthik Joshi","cb.sc.u4cse22335@cb.students.amrita.edu","CSE","D","2026","8.66","1","Not Placed"
"CB.SC.U4CSE22336","Sneha Gupta","cb.sc.u4cse22336@cb.students.amrita.edu","CSE","D","2026","7.37","2","Placed"
"CB.SC.U4CSE22337","Surya Raman","cb.sc.u4cse22337@cb.students.amrita.edu","CSE","D","2026","7.79","2","Not Placed"
"CB.SC.U4CSE22338","Pooja Sharma","cb.sc.u4cse22338@cb.students.amrita.edu","CSE","D","2026","7.76","0","Placed"
"CB.SC.U4CSE22339","Nikhil Verma","cb.sc.u4cse22339@cb.students.amrita.edu","CSE","D","2026","8.42","1","Not Placed"
"CB.SC.U4CSE22340","Tanvi Krishnan","cb.sc.u4cse22340@cb.students.amrita.edu","CSE","D","2026","6.26","2","Placed"
"CB.SC.U4CSE22341","Janani Kulkarni","cb.sc.u4cse22341@cb.students.amrita.edu","CSE","D","2026","7.89","0","Not Placed"
"CB.SC.U4CSE22342","Nikhil Krishnan","cb.sc.u4cse22342@cb.students.amrita.edu","CSE","D","2026","7.12","0","Placed"
"CB.SC.U4CSE22343","Ananya Sharma","cb.sc.u4cse22343@cb.students.amrita.edu","CSE","D","2026","8.8","2","Placed"
"CB.SC.U4CSE22344","Diya Mishra","cb.sc.u4cse22344@cb.students.amrita.edu","CSE","D","2026","9.45","2","Not Placed"
"CB.SC.U4CSE22345","Zara Iyer","cb.sc.u4cse22345@cb.students.amrita.edu","CSE","D","2026","7.25","0","Not Placed"
"CB.SC.U4CSE22346","Bhavya Joshi","cb.sc.u4cse22346@cb.students.amrita.edu","CSE","D","2026","7.98","2","Not Placed"
"CB.SC.U4CSE22347","Rahul Kulkarni","cb.sc.u4cse22347@cb.students.amrita.edu","CSE","D","2026","8.74","1","Not Placed"
"CB.SC.U4CSE22348","Riya Mishra","cb.sc.u4cse22348@cb.students.amrita.edu","CSE","D","2026","7.61","2","Placed"
"CB.SC.U4CSE22349","Riya Pillai","cb.sc.u4cse22349@cb.students.amrita.edu","CSE","D","2026","8.18","2","Not Placed"
"CB.SC.U4CSE22350","Bhavya Menon","cb.sc.u4cse22350@cb.students.amrita.edu","CSE","D","2026","9.73","2","Placed"
"CB.SC.U4CSE22351","Charan Patel","cb.sc.u4cse22351@cb.students.amrita.edu","CSE","D","2026","7.35","1","Not Placed"
"CB.SC.U4CSE22352","Pooja Das","cb.sc.u4cse22352@cb.students.amrita.edu","CSE","D","2026","8.7","1","Placed"
"CB.SC.U4CSE22353","Charan Pillai","cb.sc.u4cse22353@cb.students.amrita.edu","CSE","D","2026","8.24","0","Placed"
"CB.SC.U4CSE22354","Charan Joshi","cb.sc.u4cse22354@cb.students.amrita.edu","CSE","D","2026","8.13","2","Not Placed"
"CB.SC.U4CSE22355","Nikhil Joshi","cb.sc.u4cse22355@cb.students.amrita.edu","CSE","D","2026","6.24","2","Placed"
"CB.SC.U4CSE22356","Diya Pillai","cb.sc.u4cse22356@cb.students.amrita.edu","CSE","D","2026","9.4","1","Placed"
"CB.SC.U4CSE22357","Karthik Patel","cb.sc.u4cse22357@cb.students.amrita.edu","CSE","D","2026","8.92","1","Not Placed"
"CB.SC.U4CSE22358","Ananya Sharma","cb.sc.u4cse22358@cb.students.amrita.edu","CSE","D","2026","9.1","2","Placed"
"CB.SC.U4CSE22359","Ishaan Sharma","cb.sc.u4cse22359@cb.students.amrita.edu","CSE","D","2026","8.59","1","Not Placed"
"CB.SC.U4CSE22360","Bhavya Verma","cb.sc.u4cse22360@cb.students.amrita.edu","CSE","D","2026","7.15","0","Not Placed"
"CB.SC.U4CSE22401","Harish Nair","cb.sc.u4cse22401@cb.students.amrita.edu","CSE","E","2026","7.37","1","Not Placed"
"CB.SC.U4CSE22402","Bhavya Reddy","cb.sc.u4cse22402@cb.students.amrita.edu","CSE","E","2026","7.28","0","Not Placed"
"CB.SC.U4CSE22403","Sanjay Mishra","cb.sc.u4cse22403@cb.students.amrita.edu","CSE","E","2026","6.03","0","Placed"
"CB.SC.U4CSE22404","Meera Joshi","cb.sc.u4cse22404@cb.students.amrita.edu","CSE","E","2026","8.14","1","Placed"
"CB.SC.U4CSE22405","Ananya Bose","cb.sc.u4cse22405@cb.students.amrita.edu","CSE","E","2026","9.28","2","Not Placed"
"CB.SC.U4CSE22406","Arya Iyer","cb.sc.u4cse22406@cb.students.amrita.edu","CSE","E","2026","7.02","2","Not Placed"
"CB.SC.U4CSE22407","Vikram Patel","cb.sc.u4cse22407@cb.students.amrita.edu","CSE","E","2026","6.8","2","Placed"
"CB.SC.U4CSE22408","Varun Joshi","cb.sc.u4cse22408@cb.students.amrita.edu","CSE","E","2026","6.99","2","Not Placed"
"CB.SC.U4CSE22409","Akash Joshi","cb.sc.u4cse22409@cb.students.amrita.edu","CSE","E","2026","6.8","0","Not Placed"
"CB.SC.U4CSE22410","Aarav Patel","cb.sc.u4cse22410@cb.students.amrita.edu","CSE","E","2026","7.15","2","Placed"
"CB.SC.U4CSE22411","Charan Reddy","cb.sc.u4cse22411@cb.students.amrita.edu","CSE","E","2026","9.59","2","Not Placed"
"CB.SC.U4CSE22412","Yash Menon","cb.sc.u4cse22412@cb.students.amrita.edu","CSE","E","2026","7.26","2","Placed"
"CB.SC.U4CSE22413","Keerthana Nair","cb.sc.u4cse22413@cb.students.amrita.edu","CSE","E","2026","8.41","1","Not Placed"
"CB.SC.U4CSE22414","Varun Shetty","cb.sc.u4cse22414@cb.students.amrita.edu","CSE","E","2026","7.26","2","Not Placed"
"CB.SC.U4CSE22415","Sneha Krishnan","cb.sc.u4cse22415@cb.students.amrita.edu","CSE","E","2026","8.12","2","Placed"
"CB.SC.U4CSE22416","Riya Nair","cb.sc.u4cse22416@cb.students.amrita.edu","CSE","E","2026","9.07","0","Not Placed"
"CB.SC.U4CSE22417","Zara Das","cb.sc.u4cse22417@cb.students.amrita.edu","CSE","E","2026","9.09","1","Placed"
"CB.SC.U4CSE22418","Surya Shetty","cb.sc.u4cse22418@cb.students.amrita.edu","CSE","E","2026","7.41","2","Not Placed"
"CB.SC.U4CSE22419","Pooja Chatterjee","cb.sc.u4cse22419@cb.students.amrita.edu","CSE","E","2026","7.15","1","Placed"
"CB.SC.U4CSE22420","Sneha Patel","cb.sc.u4cse22420@cb.students.amrita.edu","CSE","E","2026","7.08","2","Not Placed"
"CB.SC.U4CSE22421","Arya Kapoor","cb.sc.u4cse22421@cb.students.amrita.edu","CSE","E","2026","6.9","2","Placed"
"CB.SC.U4CSE22422","Ishaan Raman","cb.sc.u4cse22422@cb.students.amrita.edu","CSE","E","2026","8.24","1","Not Placed"
"CB.SC.U4CSE22423","Ananya Sharma","cb.sc.u4cse22423@cb.students.amrita.edu","CSE","E","2026","9.34","2","Not Placed"
"CB.SC.U4CSE22424","Charan Raman","cb.sc.u4cse22424@cb.students.amrita.edu","CSE","E","2026","9.24","1","Not Placed"
"CB.SC.U4CSE22425","Vikram Reddy","cb.sc.u4cse22425@cb.students.amrita.edu","CSE","E","2026","9.11","0","Not Placed"
"CB.SC.U4CSE22426","Aditya Verma","cb.sc.u4cse22426@cb.students.amrita.edu","CSE","E","2026","7.17","2","Not Placed"
"CB.SC.U4CSE22427","Harish Das","cb.sc.u4cse22427@cb.students.amrita.edu","CSE","E","2026","8.92","1","Not Placed"
"CB.SC.U4CSE22428","Varun Shetty","cb.sc.u4cse22428@cb.students.amrita.edu","CSE","E","2026","7.89","0","Not Placed"
"CB.SC.U4CSE22429","Janani Patel","cb.sc.u4cse22429@cb.students.amrita.edu","CSE","E","2026","8.67","0","Placed"
"CB.SC.U4CSE22430","Aarav Pillai","cb.sc.u4cse22430@cb.students.amrita.edu","CSE","E","2026","7.58","1","Placed"
"CB.SC.U4CSE22431","Varun Bose","cb.sc.u4cse22431@cb.students.amrita.edu","CSE","E","2026","8.43","1","Placed"
"CB.SC.U4CSE22432","Diya Das","cb.sc.u4cse22432@cb.students.amrita.edu","CSE","E","2026","8.92","2","Not Placed"
"CB.SC.U4CSE22433","Yash Mishra","cb.sc.u4cse22433@cb.students.amrita.edu","CSE","E","2026","7.29","0","Placed"
"CB.SC.U4CSE22434","Riya Raman","cb.sc.u4cse22434@cb.students.amrita.edu","CSE","E","2026","9.18","2","Not Placed"
"CB.SC.U4CSE22435","Janani Raman","cb.sc.u4cse22435@cb.students.amrita.edu","CSE","E","2026","9.47","1","Not Placed"
"CB.SC.U4CSE22436","Karthik Pillai","cb.sc.u4cse22436@cb.students.amrita.edu","CSE","E","2026","8.49","1","Placed"
"CB.SC.U4CSE22437","Harish Krishnan","cb.sc.u4cse22437@cb.students.amrita.edu","CSE","E","2026","8.22","2","Placed"
"CB.SC.U4CSE22438","Arya Pillai","cb.sc.u4cse22438@cb.students.amrita.edu","CSE","E","2026","8.12","1","Placed"
"CB.SC.U4CSE22439","Bhavya Gupta","cb.sc.u4cse22439@cb.students.amrita.edu","CSE","E","2026","6.83","2","Placed"
"CB.SC.U4CSE22440","Vikram Das","cb.sc.u4cse22440@cb.students.amrita.edu","CSE","E","2026","7.29","1","Not Placed"
"CB.SC.U4CSE22441","Lakshmi Pillai","cb.sc.u4cse22441@cb.students.amrita.edu","CSE","E","2026","7.73","1","Not Placed"
"CB.SC.U4CSE22442","Lakshmi Patel","cb.sc.u4cse22442@cb.students.amrita.edu","CSE","E","2026","9.24","0","Placed"
"CB.SC.U4CSE22443","Meera Verma","cb.sc.u4cse22443@cb.students.amrita.edu","CSE","E","2026","7.81","1","Placed"
"CB.SC.U4CSE22444","Janani Patel","cb.sc.u4cse22444@cb.students.amrita.edu","CSE","E","2026","8.76","2","Placed"
"CB.SC.U4CSE22445","Harish Iyer","cb.sc.u4cse22445@cb.students.amrita.edu","CSE","E","2026","8.28","1","Not Placed"
"CB.SC.U4CSE22446","Zara Krishnan","cb.sc.u4cse22446@cb.students.amrita.edu","CSE","E","2026","8.71","2","Placed"
"CB.SC.U4CSE22447","Tanvi Reddy","cb.sc.u4cse22447@cb.students.amrita.edu","CSE","E","2026","8.76","0","Placed"
"CB.SC.U4CSE22448","Nikhil Bose","cb.sc.u4cse22448@cb.students.amrita.edu","CSE","E","2026","7.88","1","Placed"
"CB.SC.U4CSE22449","Arya Kapoor","cb.sc.u4cse22449@cb.students.amrita.edu","CSE","E","2026","6.66","1","Placed"
"CB.SC.U4CSE22450","Zara Mishra","cb.sc.u4cse22450@cb.students.amrita.edu","CSE","E","2026","6.05","0","Placed"
"CB.SC.U4CSE22451","Diya Das","cb.sc.u4cse22451@cb.students.amrita.edu","CSE","E","2026","6.49","1","Not Placed"
"CB.SC.U4CSE22452","Zara Mishra","cb.sc.u4cse22452@cb.students.amrita.edu","CSE","E","2026","9.87","2","Not Placed"
"CB.SC.U4CSE22453","Anirudh Iyer","cb.sc.u4cse22453@cb.students.amrita.edu","CSE","E","2026","6.01","2","Placed"
"CB.SC.U4CSE22454","Bhavya Nair","cb.sc.u4cse22454@cb.students.amrita.edu","CSE","E","2026","7.37","0","Not Placed"
"CB.SC.U4CSE22455","Ishaan Bose","cb.sc.u4cse22455@cb.students.amrita.edu","CSE","E","2026","7.49","2","Placed"
"CB.SC.U4CSE22456","Nikhil Nagarajan","cb.sc.u4cse22456@cb.students.amrita.edu","CSE","E","2026","8.13","2","Not Placed"
"CB.SC.U4CSE22457","Zara Patel","cb.sc.u4cse22457@cb.students.amrita.edu","CSE","E","2026","9.85","2","Not Placed"
"CB.SC.U4CSE22458","Karthik Nair","cb.sc.u4cse22458@cb.students.amrita.edu","CSE","E","2026","7.7","1","Placed"
"CB.SC.U4CSE22459","Karthik Shetty","cb.sc.u4cse22459@cb.students.amrita.edu","CSE","E","2026","7.43","0","Placed"
"CB.SC.U4CSE22460","Meera Gupta","cb.sc.u4cse22460@cb.students.amrita.edu","CSE","E","2026","6.02","0","Placed"
"CB.SC.U4AI22001","Janani Gupta","cb.sc.u4ai22001@cb.students.amrita.edu","AI","A","2026","9.11","1","Not Placed"
"CB.SC.U4AI22002","Yash Pillai","cb.sc.u4ai22002@cb.students.amrita.edu","AI","A","2026","8.33","1","Not Placed"
"CB.SC.U4AI22003","Zara Mishra","cb.sc.u4ai22003@cb.students.amrita.edu","AI","A","2026","8.15","2","Placed"
"CB.SC.U4AI22004","Sneha Reddy","cb.sc.u4ai22004@cb.students.amrita.edu","AI","A","2026","9.64","1","Placed"
"CB.SC.U4AI22005","Ishaan Mishra","cb.sc.u4ai22005@cb.students.amrita.edu","AI","A","2026","9.7","2","Placed"
"CB.SC.U4AI22006","Charan Nagarajan","cb.sc.u4ai22006@cb.students.amrita.edu","AI","A","2026","9.25","1","Not Placed"
"CB.SC.U4AI22007","Sanjay Verma","cb.sc.u4ai22007@cb.students.amrita.edu","AI","A","2026","7.39","2","Placed"
"CB.SC.U4AI22008","Sneha Iyer","cb.sc.u4ai22008@cb.students.amrita.edu","AI","A","2026","9.21","2","Not Placed"
"CB.SC.U4AI22009","Arya Kapoor","cb.sc.u4ai22009@cb.students.amrita.edu","AI","A","2026","8.07","2","Placed"
"CB.SC.U4AI22010","Riya Reddy","cb.sc.u4ai22010@cb.students.amrita.edu","AI","A","2026","6.37","0","Placed"
"CB.SC.U4AI22011","Arjun Pillai","cb.sc.u4ai22011@cb.students.amrita.edu","AI","A","2026","6.74","1","Placed"
"CB.SC.U4AI22012","Charan Nair","cb.sc.u4ai22012@cb.students.amrita.edu","AI","A","2026","6.05","2","Placed"
"CB.SC.U4AI22013","Anirudh Joshi","cb.sc.u4ai22013@cb.students.amrita.edu","AI","A","2026","6.47","1","Placed"
"CB.SC.U4AI22014","Janani Pillai","cb.sc.u4ai22014@cb.students.amrita.edu","AI","A","2026","9.44","2","Placed"
"CB.SC.U4AI22015","Ananya Menon","cb.sc.u4ai22015@cb.students.amrita.edu","AI","A","2026","9.26","2","Not Placed"
"CB.SC.U4AI22016","Aditya Shetty","cb.sc.u4ai22016@cb.students.amrita.edu","AI","A","2026","6.55","0","Not Placed"
"CB.SC.U4AI22017","Bhavya Mishra","cb.sc.u4ai22017@cb.students.amrita.edu","AI","A","2026","7.06","0","Not Placed"
"CB.SC.U4AI22018","Arjun Patel","cb.sc.u4ai22018@cb.students.amrita.edu","AI","A","2026","6.9","1","Not Placed"
"CB.SC.U4AI22019","Diya Kapoor","cb.sc.u4ai22019@cb.students.amrita.edu","AI","A","2026","7.62","1","Not Placed"
"CB.SC.U4AI22020","Aishwarya Iyer","cb.sc.u4ai22020@cb.students.amrita.edu","AI","A","2026","9.35","2","Not Placed"
"CB.SC.U4AI22021","Diya Raman","cb.sc.u4ai22021@cb.students.amrita.edu","AI","A","2026","8.46","2","Not Placed"
"CB.SC.U4AI22022","Nikhil Krishnan","cb.sc.u4ai22022@cb.students.amrita.edu","AI","A","2026","8.27","1","Placed"
"CB.SC.U4AI22023","Arya Joshi","cb.sc.u4ai22023@cb.students.amrita.edu","AI","A","2026","8.65","1","Not Placed"
"CB.SC.U4AI22024","Varun Kapoor","cb.sc.u4ai22024@cb.students.amrita.edu","AI","A","2026","7.2","0","Placed"
"CB.SC.U4AI22025","Sneha Kapoor","cb.sc.u4ai22025@cb.students.amrita.edu","AI","A","2026","7.16","1","Placed"
"CB.SC.U4AI22026","Surya Nagarajan","cb.sc.u4ai22026@cb.students.amrita.edu","AI","A","2026","7.07","1","Placed"
"CB.SC.U4AI22027","Surya Kulkarni","cb.sc.u4ai22027@cb.students.amrita.edu","AI","A","2026","7.82","0","Placed"
"CB.SC.U4AI22028","Aditya Iyer","cb.sc.u4ai22028@cb.students.amrita.edu","AI","A","2026","6.15","0","Placed"
"CB.SC.U4AI22029","Ishaan Nair","cb.sc.u4ai22029@cb.students.amrita.edu","AI","A","2026","7.64","2","Placed"
"CB.SC.U4AI22030","Yash Verma","cb.sc.u4ai22030@cb.students.amrita.edu","AI","A","2026","8.24","2","Not Placed"
"CB.SC.U4AI22031","Nikhil Kulkarni","cb.sc.u4ai22031@cb.students.amrita.edu","AI","A","2026","7.43","1","Placed"
"CB.SC.U4AI22032","Arjun Das","cb.sc.u4ai22032@cb.students.amrita.edu","AI","A","2026","8.41","0","Placed"
"CB.SC.U4AI22033","Vikram Patel","cb.sc.u4ai22033@cb.students.amrita.edu","AI","A","2026","8.98","1","Placed"
"CB.SC.U4AI22034","Arya Shetty","cb.sc.u4ai22034@cb.students.amrita.edu","AI","A","2026","6.02","0","Placed"
"CB.SC.U4AI22035","Aishwarya Iyer","cb.sc.u4ai22035@cb.students.amrita.edu","AI","A","2026","8.54","0","Not Placed"
"CB.SC.U4AI22036","Tanvi Joshi","cb.sc.u4ai22036@cb.students.amrita.edu","AI","A","2026","7.34","2","Not Placed"
"CB.SC.U4AI22037","Aishwarya Kapoor","cb.sc.u4ai22037@cb.students.amrita.edu","AI","A","2026","9.31","2","Not Placed"
"CB.SC.U4AI22038","Aishwarya Shetty","cb.sc.u4ai22038@cb.students.amrita.edu","AI","A","2026","9.02","2","Placed"
"CB.SC.U4AI22039","Charan Das","cb.sc.u4ai22039@cb.students.amrita.edu","AI","A","2026","8.22","2","Placed"
"CB.SC.U4AI22040","Charan Nagarajan","cb.sc.u4ai22040@cb.students.amrita.edu","AI","A","2026","9.62","2","Placed"
"CB.SC.U4AI22041","Diya Kapoor","cb.sc.u4ai22041@cb.students.amrita.edu","AI","A","2026","6.83","0","Not Placed"
"CB.SC.U4AI22042","Yash Sharma","cb.sc.u4ai22042@cb.students.amrita.edu","AI","A","2026","6.38","1","Not Placed"
"CB.SC.U4AI22043","Aditya Verma","cb.sc.u4ai22043@cb.students.amrita.edu","AI","A","2026","8.96","0","Placed"
"CB.SC.U4AI22044","Meera Nagarajan","cb.sc.u4ai22044@cb.students.amrita.edu","AI","A","2026","7.64","0","Not Placed"
"CB.SC.U4AI22045","Arya Patel","cb.sc.u4ai22045@cb.students.amrita.edu","AI","A","2026","6.01","0","Not Placed"
"CB.SC.U4AI22046","Keerthana Mishra","cb.sc.u4ai22046@cb.students.amrita.edu","AI","A","2026","8.65","0","Not Placed"
"CB.SC.U4AI22047","Ishaan Joshi","cb.sc.u4ai22047@cb.students.amrita.edu","AI","A","2026","6.56","0","Placed"
"CB.SC.U4AI22048","Charan Raman","cb.sc.u4ai22048@cb.students.amrita.edu","AI","A","2026","8.55","2","Not Placed"
"CB.SC.U4AI22049","Surya Iyer","cb.sc.u4ai22049@cb.students.amrita.edu","AI","A","2026","7.98","1","Not Placed"
"CB.SC.U4AI22050","Riya Das","cb.sc.u4ai22050@cb.students.amrita.edu","AI","A","2026","7","0","Placed"
"CB.SC.U4AI22051","Akash Nair","cb.sc.u4ai22051@cb.students.amrita.edu","AI","A","2026","7.57","2","Placed"
"CB.SC.U4AI22052","Charan Pillai","cb.sc.u4ai22052@cb.students.amrita.edu","AI","A","2026","7.52","0","Not Placed"
"CB.SC.U4AI22053","Ananya Kapoor","cb.sc.u4ai22053@cb.students.amrita.edu","AI","A","2026","9.62","1","Not Placed"
"CB.SC.U4AI22054","Meera Gupta","cb.sc.u4ai22054@cb.students.amrita.edu","AI","A","2026","9.78","1","Placed"
"CB.SC.U4AI22055","Aarav Pillai","cb.sc.u4ai22055@cb.students.amrita.edu","AI","A","2026","7.38","1","Not Placed"
"CB.SC.U4AI22056","Bhavya Reddy","cb.sc.u4ai22056@cb.students.amrita.edu","AI","A","2026","9.85","1","Not Placed"
"CB.SC.U4AI22057","Varun Patel","cb.sc.u4ai22057@cb.students.amrita.edu","AI","A","2026","7.62","2","Not Placed"
"CB.SC.U4AI22058","Varun Sharma","cb.sc.u4ai22058@cb.students.amrita.edu","AI","A","2026","6.41","1","Not Placed"
"CB.SC.U4AI22059","Harish Reddy","cb.sc.u4ai22059@cb.students.amrita.edu","AI","A","2026","9.86","1","Not Placed"
"CB.SC.U4AI22060","Pooja Gupta","cb.sc.u4ai22060@cb.students.amrita.edu","AI","A","2026","9.3","0","Not Placed"
"CB.SC.U4AI22101","Aishwarya Pillai","cb.sc.u4ai22101@cb.students.amrita.edu","AI","B","2026","7.24","2","Not Placed"
"CB.SC.U4AI22102","Yash Iyer","cb.sc.u4ai22102@cb.students.amrita.edu","AI","B","2026","6.38","1","Not Placed"
"CB.SC.U4AI22103","Aditya Nair","cb.sc.u4ai22103@cb.students.amrita.edu","AI","B","2026","9.34","0","Not Placed"
"CB.SC.U4AI22104","Anirudh Krishnan","cb.sc.u4ai22104@cb.students.amrita.edu","AI","B","2026","7.91","1","Placed"
"CB.SC.U4AI22105","Aishwarya Pillai","cb.sc.u4ai22105@cb.students.amrita.edu","AI","B","2026","8.26","1","Not Placed"
"CB.SC.U4AI22106","Ananya Reddy","cb.sc.u4ai22106@cb.students.amrita.edu","AI","B","2026","7.78","2","Placed"
"CB.SC.U4AI22107","Pooja Kulkarni","cb.sc.u4ai22107@cb.students.amrita.edu","AI","B","2026","6.62","2","Placed"
"CB.SC.U4AI22108","Sanjay Nagarajan","cb.sc.u4ai22108@cb.students.amrita.edu","AI","B","2026","6.42","0","Placed"
"CB.SC.U4AI22109","Zara Mishra","cb.sc.u4ai22109@cb.students.amrita.edu","AI","B","2026","6.83","2","Not Placed"
"CB.SC.U4AI22110","Tanvi Gupta","cb.sc.u4ai22110@cb.students.amrita.edu","AI","B","2026","7.37","1","Placed"
"CB.SC.U4AI22111","Rahul Pillai","cb.sc.u4ai22111@cb.students.amrita.edu","AI","B","2026","9.26","0","Not Placed"
"CB.SC.U4AI22112","Karthik Kapoor","cb.sc.u4ai22112@cb.students.amrita.edu","AI","B","2026","8.87","2","Not Placed"
"CB.SC.U4AI22113","Vikram Kapoor","cb.sc.u4ai22113@cb.students.amrita.edu","AI","B","2026","9.22","1","Not Placed"
"CB.SC.U4AI22114","Riya Menon","cb.sc.u4ai22114@cb.students.amrita.edu","AI","B","2026","9.63","2","Placed"
"CB.SC.U4AI22115","Aishwarya Verma","cb.sc.u4ai22115@cb.students.amrita.edu","AI","B","2026","6.85","1","Placed"
"CB.SC.U4AI22116","Vikram Joshi","cb.sc.u4ai22116@cb.students.amrita.edu","AI","B","2026","7.91","0","Not Placed"
"CB.SC.U4AI22117","Surya Verma","cb.sc.u4ai22117@cb.students.amrita.edu","AI","B","2026","8.68","0","Not Placed"
"CB.SC.U4AI22118","Pooja Krishnan","cb.sc.u4ai22118@cb.students.amrita.edu","AI","B","2026","7.08","1","Not Placed"
"CB.SC.U4AI22119","Varun Patel","cb.sc.u4ai22119@cb.students.amrita.edu","AI","B","2026","8.82","0","Placed"
"CB.SC.U4AI22120","Akash Sharma","cb.sc.u4ai22120@cb.students.amrita.edu","AI","B","2026","7.36","0","Placed"
"CB.SC.U4AI22121","Aditya Iyer","cb.sc.u4ai22121@cb.students.amrita.edu","AI","B","2026","9.04","0","Placed"
"CB.SC.U4AI22122","Varun Krishnan","cb.sc.u4ai22122@cb.students.amrita.edu","AI","B","2026","9.62","1","Placed"
"CB.SC.U4AI22123","Pooja Pillai","cb.sc.u4ai22123@cb.students.amrita.edu","AI","B","2026","9.82","2","Placed"
"CB.SC.U4AI22124","Akash Mishra","cb.sc.u4ai22124@cb.students.amrita.edu","AI","B","2026","9.54","2","Not Placed"
"CB.SC.U4AI22125","Nikhil Reddy","cb.sc.u4ai22125@cb.students.amrita.edu","AI","B","2026","6.92","0","Not Placed"
"CB.SC.U4AI22126","Rahul Sharma","cb.sc.u4ai22126@cb.students.amrita.edu","AI","B","2026","9.83","0","Not Placed"
"CB.SC.U4AI22127","Rahul Joshi","cb.sc.u4ai22127@cb.students.amrita.edu","AI","B","2026","9.37","0","Placed"
"CB.SC.U4AI22128","Diya Raman","cb.sc.u4ai22128@cb.students.amrita.edu","AI","B","2026","8.43","2","Not Placed"
"CB.SC.U4AI22129","Keerthana Patel","cb.sc.u4ai22129@cb.students.amrita.edu","AI","B","2026","9.79","2","Not Placed"
"CB.SC.U4AI22130","Tanvi Patel","cb.sc.u4ai22130@cb.students.amrita.edu","AI","B","2026","7.61","1","Not Placed"
"CB.SC.U4AI22131","Janani Menon","cb.sc.u4ai22131@cb.students.amrita.edu","AI","B","2026","6.39","2","Not Placed"
"CB.SC.U4AI22132","Yash Patel","cb.sc.u4ai22132@cb.students.amrita.edu","AI","B","2026","7.69","0","Placed"
"CB.SC.U4AI22133","Akash Kapoor","cb.sc.u4ai22133@cb.students.amrita.edu","AI","B","2026","8.55","0","Placed"
"CB.SC.U4AI22134","Diya Nair","cb.sc.u4ai22134@cb.students.amrita.edu","AI","B","2026","6.15","0","Not Placed"
"CB.SC.U4AI22135","Vikram Reddy","cb.sc.u4ai22135@cb.students.amrita.edu","AI","B","2026","6.57","0","Placed"
"CB.SC.U4AI22136","Vikram Reddy","cb.sc.u4ai22136@cb.students.amrita.edu","AI","B","2026","6.77","1","Not Placed"
"CB.SC.U4AI22137","Karthik Kapoor","cb.sc.u4ai22137@cb.students.amrita.edu","AI","B","2026","6.82","1","Placed"
"CB.SC.U4AI22138","Yash Iyer","cb.sc.u4ai22138@cb.students.amrita.edu","AI","B","2026","6.4","2","Not Placed"
"CB.SC.U4AI22139","Akash Verma","cb.sc.u4ai22139@cb.students.amrita.edu","AI","B","2026","6.88","1","Placed"
"CB.SC.U4AI22140","Surya Gupta","cb.sc.u4ai22140@cb.students.amrita.edu","AI","B","2026","9.03","2","Not Placed"
"CB.SC.U4AI22141","Arjun Das","cb.sc.u4ai22141@cb.students.amrita.edu","AI","B","2026","9.3","2","Placed"
"CB.SC.U4AI22142","Janani Pillai","cb.sc.u4ai22142@cb.students.amrita.edu","AI","B","2026","8.12","1","Not Placed"
"CB.SC.U4AI22143","Rahul Nair","cb.sc.u4ai22143@cb.students.amrita.edu","AI","B","2026","6.7","2","Not Placed"
"CB.SC.U4AI22144","Anirudh Menon","cb.sc.u4ai22144@cb.students.amrita.edu","AI","B","2026","6.82","0","Not Placed"
"CB.SC.U4AI22145","Janani Menon","cb.sc.u4ai22145@cb.students.amrita.edu","AI","B","2026","9.73","2","Placed"
"CB.SC.U4AI22146","Keerthana Mishra","cb.sc.u4ai22146@cb.students.amrita.edu","AI","B","2026","8.3","2","Placed"
"CB.SC.U4AI22147","Yash Kapoor","cb.sc.u4ai22147@cb.students.amrita.edu","AI","B","2026","7.41","0","Placed"
"CB.SC.U4AI22148","Yash Nair","cb.sc.u4ai22148@cb.students.amrita.edu","AI","B","2026","6.72","1","Not Placed"
"CB.SC.U4AI22149","Lakshmi Reddy","cb.sc.u4ai22149@cb.students.amrita.edu","AI","B","2026","8.05","0","Not Placed"
"CB.SC.U4AI22150","Pooja Pillai","cb.sc.u4ai22150@cb.students.amrita.edu","AI","B","2026","7.41","0","Placed"
"CB.SC.U4AI22151","Charan Patel","cb.sc.u4ai22151@cb.students.amrita.edu","AI","B","2026","7.06","2","Not Placed"
"CB.SC.U4AI22152","Janani Nair","cb.sc.u4ai22152@cb.students.amrita.edu","AI","B","2026","9.12","0","Placed"
"CB.SC.U4AI22153","Varun Nagarajan","cb.sc.u4ai22153@cb.students.amrita.edu","AI","B","2026","6.03","0","Not Placed"
"CB.SC.U4AI22154","Janani Raman","cb.sc.u4ai22154@cb.students.amrita.edu","AI","B","2026","6.86","2","Not Placed"
"CB.SC.U4AI22155","Vikram Kapoor","cb.sc.u4ai22155@cb.students.amrita.edu","AI","B","2026","7.43","0","Not Placed"
"CB.SC.U4AI22156","Aishwarya Joshi","cb.sc.u4ai22156@cb.students.amrita.edu","AI","B","2026","6.66","1","Placed"
"CB.SC.U4AI22157","Varun Sharma","cb.sc.u4ai22157@cb.students.amrita.edu","AI","B","2026","9.03","1","Placed"
"CB.SC.U4AI22158","Zara Nair","cb.sc.u4ai22158@cb.students.amrita.edu","AI","B","2026","7.69","0","Placed"
"CB.SC.U4AI22159","Sneha Verma","cb.sc.u4ai22159@cb.students.amrita.edu","AI","B","2026","6.53","0","Not Placed"
"CB.SC.U4AI22160","Pooja Reddy","cb.sc.u4ai22160@cb.students.amrita.edu","AI","B","2026","8.54","0","Not Placed"
"CB.SC.U4AI22201","Sneha Iyer","cb.sc.u4ai22201@cb.students.amrita.edu","AI","C","2026","7.68","2","Placed"
"CB.SC.U4AI22202","Sneha Chatterjee","cb.sc.u4ai22202@cb.students.amrita.edu","AI","C","2026","8.8","1","Placed"
"CB.SC.U4AI22203","Riya Menon","cb.sc.u4ai22203@cb.students.amrita.edu","AI","C","2026","7.98","0","Not Placed"
"CB.SC.U4AI22204","Bhavya Das","cb.sc.u4ai22204@cb.students.amrita.edu","AI","C","2026","6.8","0","Placed"
"CB.SC.U4AI22205","Riya Nair","cb.sc.u4ai22205@cb.students.amrita.edu","AI","C","2026","9.15","2","Not Placed"
"CB.SC.U4AI22206","Janani Kapoor","cb.sc.u4ai22206@cb.students.amrita.edu","AI","C","2026","9.1","0","Not Placed"
"CB.SC.U4AI22207","Pooja Joshi","cb.sc.u4ai22207@cb.students.amrita.edu","AI","C","2026","7.71","2","Not Placed"
"CB.SC.U4AI22208","Anirudh Kapoor","cb.sc.u4ai22208@cb.students.amrita.edu","AI","C","2026","8.64","1","Not Placed"
"CB.SC.U4AI22209","Aishwarya Pillai","cb.sc.u4ai22209@cb.students.amrita.edu","AI","C","2026","9.59","2","Placed"
"CB.SC.U4AI22210","Arya Chatterjee","cb.sc.u4ai22210@cb.students.amrita.edu","AI","C","2026","8.23","2","Not Placed"
"CB.SC.U4AI22211","Aditya Iyer","cb.sc.u4ai22211@cb.students.amrita.edu","AI","C","2026","8.12","1","Not Placed"
"CB.SC.U4AI22212","Meera Menon","cb.sc.u4ai22212@cb.students.amrita.edu","AI","C","2026","6.25","0","Not Placed"
"CB.SC.U4AI22213","Janani Das","cb.sc.u4ai22213@cb.students.amrita.edu","AI","C","2026","6.87","2","Not Placed"
"CB.SC.U4AI22214","Diya Raman","cb.sc.u4ai22214@cb.students.amrita.edu","AI","C","2026","9.9","0","Placed"
"CB.SC.U4AI22215","Keerthana Joshi","cb.sc.u4ai22215@cb.students.amrita.edu","AI","C","2026","6.73","1","Not Placed"
"CB.SC.U4AI22216","Arjun Reddy","cb.sc.u4ai22216@cb.students.amrita.edu","AI","C","2026","6.26","1","Not Placed"
"CB.SC.U4AI22217","Keerthana Mishra","cb.sc.u4ai22217@cb.students.amrita.edu","AI","C","2026","8","1","Not Placed"
"CB.SC.U4AI22218","Charan Menon","cb.sc.u4ai22218@cb.students.amrita.edu","AI","C","2026","7.73","1","Placed"
"CB.SC.U4AI22219","Aishwarya Pillai","cb.sc.u4ai22219@cb.students.amrita.edu","AI","C","2026","6.94","2","Not Placed"
"CB.SC.U4AI22220","Riya Mishra","cb.sc.u4ai22220@cb.students.amrita.edu","AI","C","2026","6.49","0","Placed"
"CB.SC.U4AI22221","Riya Gupta","cb.sc.u4ai22221@cb.students.amrita.edu","AI","C","2026","8.71","2","Placed"
"CB.SC.U4AI22222","Ananya Reddy","cb.sc.u4ai22222@cb.students.amrita.edu","AI","C","2026","8.1","2","Placed"
"CB.SC.U4AI22223","Meera Mishra","cb.sc.u4ai22223@cb.students.amrita.edu","AI","C","2026","6.81","0","Placed"
"CB.SC.U4AI22224","Arjun Das","cb.sc.u4ai22224@cb.students.amrita.edu","AI","C","2026","9.06","0","Placed"
"CB.SC.U4AI22225","Charan Raman","cb.sc.u4ai22225@cb.students.amrita.edu","AI","C","2026","7.6","0","Placed"
"CB.SC.U4AI22226","Diya Kapoor","cb.sc.u4ai22226@cb.students.amrita.edu","AI","C","2026","7.7","2","Placed"
"CB.SC.U4AI22227","Aditya Chatterjee","cb.sc.u4ai22227@cb.students.amrita.edu","AI","C","2026","7.82","2","Placed"
"CB.SC.U4AI22228","Diya Kulkarni","cb.sc.u4ai22228@cb.students.amrita.edu","AI","C","2026","8.87","2","Placed"
"CB.SC.U4AI22229","Ananya Raman","cb.sc.u4ai22229@cb.students.amrita.edu","AI","C","2026","6.49","2","Placed"
"CB.SC.U4AI22230","Bhavya Mishra","cb.sc.u4ai22230@cb.students.amrita.edu","AI","C","2026","8.04","2","Placed"
"CB.SC.U4AI22231","Diya Menon","cb.sc.u4ai22231@cb.students.amrita.edu","AI","C","2026","6.25","2","Not Placed"
"CB.SC.U4AI22232","Tanvi Pillai","cb.sc.u4ai22232@cb.students.amrita.edu","AI","C","2026","7.27","1","Placed"
"CB.SC.U4AI22233","Akash Sharma","cb.sc.u4ai22233@cb.students.amrita.edu","AI","C","2026","7.54","0","Not Placed"
"CB.SC.U4AI22234","Sanjay Bose","cb.sc.u4ai22234@cb.students.amrita.edu","AI","C","2026","6.8","0","Not Placed"
"CB.SC.U4AI22235","Nikhil Pillai","cb.sc.u4ai22235@cb.students.amrita.edu","AI","C","2026","9.79","0","Not Placed"
"CB.SC.U4AI22236","Rahul Nair","cb.sc.u4ai22236@cb.students.amrita.edu","AI","C","2026","6.35","1","Not Placed"
"CB.SC.U4AI22237","Sneha Krishnan","cb.sc.u4ai22237@cb.students.amrita.edu","AI","C","2026","9.32","1","Not Placed"
"CB.SC.U4AI22238","Arya Menon","cb.sc.u4ai22238@cb.students.amrita.edu","AI","C","2026","7.39","0","Placed"
"CB.SC.U4AI22239","Surya Kulkarni","cb.sc.u4ai22239@cb.students.amrita.edu","AI","C","2026","7.33","1","Placed"
"CB.SC.U4AI22240","Lakshmi Raman","cb.sc.u4ai22240@cb.students.amrita.edu","AI","C","2026","9.07","0","Not Placed"
"CB.SC.U4AI22241","Harish Nagarajan","cb.sc.u4ai22241@cb.students.amrita.edu","AI","C","2026","6.41","0","Not Placed"
"CB.SC.U4AI22242","Vikram Nair","cb.sc.u4ai22242@cb.students.amrita.edu","AI","C","2026","9.61","2","Not Placed"
"CB.SC.U4AI22243","Keerthana Patel","cb.sc.u4ai22243@cb.students.amrita.edu","AI","C","2026","9.52","1","Placed"
"CB.SC.U4AI22244","Ananya Nagarajan","cb.sc.u4ai22244@cb.students.amrita.edu","AI","C","2026","6.06","1","Not Placed"
"CB.SC.U4AI22245","Lakshmi Iyer","cb.sc.u4ai22245@cb.students.amrita.edu","AI","C","2026","7.61","0","Placed"
"CB.SC.U4AI22246","Zara Sharma","cb.sc.u4ai22246@cb.students.amrita.edu","AI","C","2026","7.61","2","Placed"
"CB.SC.U4AI22247","Aishwarya Bose","cb.sc.u4ai22247@cb.students.amrita.edu","AI","C","2026","8.23","1","Placed"
"CB.SC.U4AI22248","Surya Patel","cb.sc.u4ai22248@cb.students.amrita.edu","AI","C","2026","9.51","2","Not Placed"
"CB.SC.U4AI22249","Zara Patel","cb.sc.u4ai22249@cb.students.amrita.edu","AI","C","2026","8","2","Placed"
"CB.SC.U4AI22250","Akash Nair","cb.sc.u4ai22250@cb.students.amrita.edu","AI","C","2026","7.87","1","Placed"
"CB.SC.U4AI22251","Sneha Sharma","cb.sc.u4ai22251@cb.students.amrita.edu","AI","C","2026","6.92","0","Placed"
"CB.SC.U4AI22252","Karthik Raman","cb.sc.u4ai22252@cb.students.amrita.edu","AI","C","2026","9.77","2","Not Placed"
"CB.SC.U4AI22253","Akash Gupta","cb.sc.u4ai22253@cb.students.amrita.edu","AI","C","2026","8.58","2","Placed"
"CB.SC.U4AI22254","Yash Reddy","cb.sc.u4ai22254@cb.students.amrita.edu","AI","C","2026","8.87","0","Placed"
"CB.SC.U4AI22255","Rahul Kulkarni","cb.sc.u4ai22255@cb.students.amrita.edu","AI","C","2026","6.93","0","Not Placed"
"CB.SC.U4AI22256","Charan Iyer","cb.sc.u4ai22256@cb.students.amrita.edu","AI","C","2026","9.85","1","Not Placed"
"CB.SC.U4AI22257","Tanvi Shetty","cb.sc.u4ai22257@cb.students.amrita.edu","AI","C","2026","8.79","0","Placed"
"CB.SC.U4AI22258","Aishwarya Sharma","cb.sc.u4ai22258@cb.students.amrita.edu","AI","C","2026","9.6","1","Not Placed"
"CB.SC.U4AI22259","Harish Raman","cb.sc.u4ai22259@cb.students.amrita.edu","AI","C","2026","6.5","2","Not Placed"
"CB.SC.U4AI22260","Ishaan Krishnan","cb.sc.u4ai22260@cb.students.amrita.edu","AI","C","2026","6.26","1","Placed"
"CB.SC.U4AI22301","Varun Raman","cb.sc.u4ai22301@cb.students.amrita.edu","AI","D","2026","9.77","0","Not Placed"
"CB.SC.U4AI22302","Nikhil Krishnan","cb.sc.u4ai22302@cb.students.amrita.edu","AI","D","2026","7.08","0","Not Placed"
"CB.SC.U4AI22303","Karthik Menon","cb.sc.u4ai22303@cb.students.amrita.edu","AI","D","2026","7.63","2","Not Placed"
"CB.SC.U4AI22304","Anirudh Shetty","cb.sc.u4ai22304@cb.students.amrita.edu","AI","D","2026","8.16","0","Placed"
"CB.SC.U4AI22305","Yash Chatterjee","cb.sc.u4ai22305@cb.students.amrita.edu","AI","D","2026","8.52","1","Not Placed"
"CB.SC.U4AI22306","Arjun Verma","cb.sc.u4ai22306@cb.students.amrita.edu","AI","D","2026","7.47","2","Not Placed"
"CB.SC.U4AI22307","Tanvi Sharma","cb.sc.u4ai22307@cb.students.amrita.edu","AI","D","2026","6.2","1","Placed"
"CB.SC.U4AI22308","Janani Shetty","cb.sc.u4ai22308@cb.students.amrita.edu","AI","D","2026","9.45","0","Placed"
"CB.SC.U4AI22309","Akash Raman","cb.sc.u4ai22309@cb.students.amrita.edu","AI","D","2026","7.98","2","Not Placed"
"CB.SC.U4AI22310","Harish Nair","cb.sc.u4ai22310@cb.students.amrita.edu","AI","D","2026","6.11","1","Placed"
"CB.SC.U4AI22311","Nikhil Kulkarni","cb.sc.u4ai22311@cb.students.amrita.edu","AI","D","2026","7.26","2","Placed"
"CB.SC.U4AI22312","Surya Kapoor","cb.sc.u4ai22312@cb.students.amrita.edu","AI","D","2026","7.58","1","Placed"
"CB.SC.U4AI22313","Aishwarya Patel","cb.sc.u4ai22313@cb.students.amrita.edu","AI","D","2026","9.06","2","Placed"
"CB.SC.U4AI22314","Arya Pillai","cb.sc.u4ai22314@cb.students.amrita.edu","AI","D","2026","9.88","1","Placed"
"CB.SC.U4AI22315","Ananya Menon","cb.sc.u4ai22315@cb.students.amrita.edu","AI","D","2026","9.11","1","Not Placed"
"CB.SC.U4AI22316","Lakshmi Menon","cb.sc.u4ai22316@cb.students.amrita.edu","AI","D","2026","9.5","2","Not Placed"
"CB.SC.U4AI22317","Ananya Sharma","cb.sc.u4ai22317@cb.students.amrita.edu","AI","D","2026","6.98","2","Placed"
"CB.SC.U4AI22318","Zara Chatterjee","cb.sc.u4ai22318@cb.students.amrita.edu","AI","D","2026","9.64","1","Not Placed"
"CB.SC.U4AI22319","Charan Nagarajan","cb.sc.u4ai22319@cb.students.amrita.edu","AI","D","2026","6.37","1","Not Placed"
"CB.SC.U4AI22320","Ishaan Krishnan","cb.sc.u4ai22320@cb.students.amrita.edu","AI","D","2026","9.5","0","Placed"
"CB.SC.U4AI22321","Tanvi Menon","cb.sc.u4ai22321@cb.students.amrita.edu","AI","D","2026","7.53","2","Placed"
"CB.SC.U4AI22322","Janani Patel","cb.sc.u4ai22322@cb.students.amrita.edu","AI","D","2026","7.93","2","Placed"
"CB.SC.U4AI22323","Charan Das","cb.sc.u4ai22323@cb.students.amrita.edu","AI","D","2026","9.04","2","Not Placed"
"CB.SC.U4AI22324","Varun Raman","cb.sc.u4ai22324@cb.students.amrita.edu","AI","D","2026","7.2","2","Placed"
"CB.SC.U4AI22325","Keerthana Kapoor","cb.sc.u4ai22325@cb.students.amrita.edu","AI","D","2026","9.48","0","Placed"
"CB.SC.U4AI22326","Aditya Shetty","cb.sc.u4ai22326@cb.students.amrita.edu","AI","D","2026","6.61","0","Placed"
"CB.SC.U4AI22327","Riya Kapoor","cb.sc.u4ai22327@cb.students.amrita.edu","AI","D","2026","9.06","1","Placed"
"CB.SC.U4AI22328","Aditya Das","cb.sc.u4ai22328@cb.students.amrita.edu","AI","D","2026","6.06","0","Not Placed"
"CB.SC.U4AI22329","Ananya Shetty","cb.sc.u4ai22329@cb.students.amrita.edu","AI","D","2026","7.85","2","Placed"
"CB.SC.U4AI22330","Surya Sharma","cb.sc.u4ai22330@cb.students.amrita.edu","AI","D","2026","7.64","2","Not Placed"
"CB.SC.U4AI22331","Keerthana Das","cb.sc.u4ai22331@cb.students.amrita.edu","AI","D","2026","7.16","1","Not Placed"
"CB.SC.U4AI22332","Nikhil Shetty","cb.sc.u4ai22332@cb.students.amrita.edu","AI","D","2026","8.9","1","Not Placed"
"CB.SC.U4AI22333","Tanvi Verma","cb.sc.u4ai22333@cb.students.amrita.edu","AI","D","2026","9","0","Placed"
"CB.SC.U4AI22334","Aishwarya Nagarajan","cb.sc.u4ai22334@cb.students.amrita.edu","AI","D","2026","9.03","1","Placed"
"CB.SC.U4AI22335","Charan Patel","cb.sc.u4ai22335@cb.students.amrita.edu","AI","D","2026","9.08","2","Not Placed"
"CB.SC.U4AI22336","Karthik Kulkarni","cb.sc.u4ai22336@cb.students.amrita.edu","AI","D","2026","7.02","0","Placed"
"CB.SC.U4AI22337","Sneha Joshi","cb.sc.u4ai22337@cb.students.amrita.edu","AI","D","2026","6.05","1","Not Placed"
"CB.SC.U4AI22338","Sanjay Kapoor","cb.sc.u4ai22338@cb.students.amrita.edu","AI","D","2026","9.71","0","Placed"
"CB.SC.U4AI22339","Rahul Raman","cb.sc.u4ai22339@cb.students.amrita.edu","AI","D","2026","8.21","0","Not Placed"
"CB.SC.U4AI22340","Anirudh Menon","cb.sc.u4ai22340@cb.students.amrita.edu","AI","D","2026","8.06","0","Not Placed"
"CB.SC.U4AI22341","Aarav Mishra","cb.sc.u4ai22341@cb.students.amrita.edu","AI","D","2026","8.19","0","Not Placed"
"CB.SC.U4AI22342","Bhavya Joshi","cb.sc.u4ai22342@cb.students.amrita.edu","AI","D","2026","7.14","0","Placed"
"CB.SC.U4AI22343","Aarav Sharma","cb.sc.u4ai22343@cb.students.amrita.edu","AI","D","2026","8.02","1","Placed"
"CB.SC.U4AI22344","Varun Gupta","cb.sc.u4ai22344@cb.students.amrita.edu","AI","D","2026","9.8","1","Not Placed"
"CB.SC.U4AI22345","Aarav Verma","cb.sc.u4ai22345@cb.students.amrita.edu","AI","D","2026","7.17","2","Not Placed"
"CB.SC.U4AI22346","Varun Kapoor","cb.sc.u4ai22346@cb.students.amrita.edu","AI","D","2026","8.02","2","Not Placed"
"CB.SC.U4AI22347","Varun Raman","cb.sc.u4ai22347@cb.students.amrita.edu","AI","D","2026","8.24","1","Not Placed"
"CB.SC.U4AI22348","Arya Shetty","cb.sc.u4ai22348@cb.students.amrita.edu","AI","D","2026","9.25","0","Not Placed"
"CB.SC.U4AI22349","Varun Joshi","cb.sc.u4ai22349@cb.students.amrita.edu","AI","D","2026","9.48","2","Not Placed"
"CB.SC.U4AI22350","Ishaan Patel","cb.sc.u4ai22350@cb.students.amrita.edu","AI","D","2026","8.25","2","Placed"
"CB.SC.U4AI22351","Tanvi Iyer","cb.sc.u4ai22351@cb.students.amrita.edu","AI","D","2026","7.82","0","Not Placed"
"CB.SC.U4AI22352","Pooja Menon","cb.sc.u4ai22352@cb.students.amrita.edu","AI","D","2026","8.85","1","Placed"
"CB.SC.U4AI22353","Arya Patel","cb.sc.u4ai22353@cb.students.amrita.edu","AI","D","2026","6.46","2","Not Placed"
"CB.SC.U4AI22354","Harish Gupta","cb.sc.u4ai22354@cb.students.amrita.edu","AI","D","2026","8.66","1","Placed"
"CB.SC.U4AI22355","Bhavya Kapoor","cb.sc.u4ai22355@cb.students.amrita.edu","AI","D","2026","6.57","2","Placed"
"CB.SC.U4AI22356","Varun Kulkarni","cb.sc.u4ai22356@cb.students.amrita.edu","AI","D","2026","6.1","0","Placed"
"CB.SC.U4AI22357","Varun Joshi","cb.sc.u4ai22357@cb.students.amrita.edu","AI","D","2026","6.4","1","Not Placed"
"CB.SC.U4AI22358","Aishwarya Nagarajan","cb.sc.u4ai22358@cb.students.amrita.edu","AI","D","2026","7.06","1","Placed"
"CB.SC.U4AI22359","Sanjay Gupta","cb.sc.u4ai22359@cb.students.amrita.edu","AI","D","2026","7.55","1","Placed"
"CB.SC.U4AI22360","Charan Pillai","cb.sc.u4ai22360@cb.students.amrita.edu","AI","D","2026","9.78","1","Placed"
"CB.SC.U4AI22401","Vikram Krishnan","cb.sc.u4ai22401@cb.students.amrita.edu","AI","E","2026","9.33","0","Placed"
"CB.SC.U4AI22402","Ishaan Pillai","cb.sc.u4ai22402@cb.students.amrita.edu","AI","E","2026","8.85","2","Not Placed"
"CB.SC.U4AI22403","Karthik Menon","cb.sc.u4ai22403@cb.students.amrita.edu","AI","E","2026","8.24","2","Not Placed"
"CB.SC.U4AI22404","Lakshmi Iyer","cb.sc.u4ai22404@cb.students.amrita.edu","AI","E","2026","6","1","Placed"
"CB.SC.U4AI22405","Sneha Shetty","cb.sc.u4ai22405@cb.students.amrita.edu","AI","E","2026","7.87","2","Placed"
"CB.SC.U4AI22406","Harish Patel","cb.sc.u4ai22406@cb.students.amrita.edu","AI","E","2026","8.93","1","Not Placed"
"CB.SC.U4AI22407","Aarav Shetty","cb.sc.u4ai22407@cb.students.amrita.edu","AI","E","2026","7.85","2","Not Placed"
"CB.SC.U4AI22408","Varun Krishnan","cb.sc.u4ai22408@cb.students.amrita.edu","AI","E","2026","9.61","2","Not Placed"
"CB.SC.U4AI22409","Pooja Patel","cb.sc.u4ai22409@cb.students.amrita.edu","AI","E","2026","8.13","1","Placed"
"CB.SC.U4AI22410","Arya Pillai","cb.sc.u4ai22410@cb.students.amrita.edu","AI","E","2026","6.67","2","Not Placed"
"CB.SC.U4AI22411","Diya Nagarajan","cb.sc.u4ai22411@cb.students.amrita.edu","AI","E","2026","6.01","1","Placed"
"CB.SC.U4AI22412","Charan Joshi","cb.sc.u4ai22412@cb.students.amrita.edu","AI","E","2026","7.98","0","Not Placed"
"CB.SC.U4AI22413","Lakshmi Kulkarni","cb.sc.u4ai22413@cb.students.amrita.edu","AI","E","2026","9.21","1","Not Placed"
"CB.SC.U4AI22414","Bhavya Iyer","cb.sc.u4ai22414@cb.students.amrita.edu","AI","E","2026","6.92","1","Placed"
"CB.SC.U4AI22415","Karthik Pillai","cb.sc.u4ai22415@cb.students.amrita.edu","AI","E","2026","7.92","0","Not Placed"
"CB.SC.U4AI22416","Aarav Pillai","cb.sc.u4ai22416@cb.students.amrita.edu","AI","E","2026","9.64","2","Placed"
"CB.SC.U4AI22417","Pooja Reddy","cb.sc.u4ai22417@cb.students.amrita.edu","AI","E","2026","9.3","1","Placed"
"CB.SC.U4AI22418","Keerthana Nagarajan","cb.sc.u4ai22418@cb.students.amrita.edu","AI","E","2026","8.17","1","Placed"
"CB.SC.U4AI22419","Tanvi Kulkarni","cb.sc.u4ai22419@cb.students.amrita.edu","AI","E","2026","6.87","0","Not Placed"
"CB.SC.U4AI22420","Sneha Iyer","cb.sc.u4ai22420@cb.students.amrita.edu","AI","E","2026","8.75","1","Placed"
"CB.SC.U4AI22421","Keerthana Sharma","cb.sc.u4ai22421@cb.students.amrita.edu","AI","E","2026","7.36","1","Not Placed"
"CB.SC.U4AI22422","Arya Patel","cb.sc.u4ai22422@cb.students.amrita.edu","AI","E","2026","9.26","0","Not Placed"
"CB.SC.U4AI22423","Lakshmi Raman","cb.sc.u4ai22423@cb.students.amrita.edu","AI","E","2026","6.76","1","Placed"
"CB.SC.U4AI22424","Charan Pillai","cb.sc.u4ai22424@cb.students.amrita.edu","AI","E","2026","6.07","2","Placed"
"CB.SC.U4AI22425","Charan Krishnan","cb.sc.u4ai22425@cb.students.amrita.edu","AI","E","2026","6.52","1","Not Placed"
"CB.SC.U4AI22426","Charan Gupta","cb.sc.u4ai22426@cb.students.amrita.edu","AI","E","2026","9.59","2","Placed"
"CB.SC.U4AI22427","Aarav Patel","cb.sc.u4ai22427@cb.students.amrita.edu","AI","E","2026","9.06","2","Not Placed"
"CB.SC.U4AI22428","Charan Pillai","cb.sc.u4ai22428@cb.students.amrita.edu","AI","E","2026","9.67","2","Placed"
"CB.SC.U4AI22429","Nikhil Raman","cb.sc.u4ai22429@cb.students.amrita.edu","AI","E","2026","7.3","1","Placed"
"CB.SC.U4AI22430","Pooja Sharma","cb.sc.u4ai22430@cb.students.amrita.edu","AI","E","2026","9.23","2","Not Placed"
"CB.SC.U4AI22431","Aishwarya Iyer","cb.sc.u4ai22431@cb.students.amrita.edu","AI","E","2026","8.53","2","Placed"
"CB.SC.U4AI22432","Tanvi Menon","cb.sc.u4ai22432@cb.students.amrita.edu","AI","E","2026","8.18","2","Placed"
"CB.SC.U4AI22433","Sneha Kapoor","cb.sc.u4ai22433@cb.students.amrita.edu","AI","E","2026","7.91","1","Not Placed"
"CB.SC.U4AI22434","Pooja Sharma","cb.sc.u4ai22434@cb.students.amrita.edu","AI","E","2026","9.48","1","Placed"
"CB.SC.U4AI22435","Charan Joshi","cb.sc.u4ai22435@cb.students.amrita.edu","AI","E","2026","8.64","1","Not Placed"
"CB.SC.U4AI22436","Keerthana Raman","cb.sc.u4ai22436@cb.students.amrita.edu","AI","E","2026","6.99","1","Placed"
"CB.SC.U4AI22437","Vikram Das","cb.sc.u4ai22437@cb.students.amrita.edu","AI","E","2026","7.89","1","Not Placed"
"CB.SC.U4AI22438","Charan Reddy","cb.sc.u4ai22438@cb.students.amrita.edu","AI","E","2026","7.81","1","Not Placed"
"CB.SC.U4AI22439","Bhavya Patel","cb.sc.u4ai22439@cb.students.amrita.edu","AI","E","2026","7.2","2","Not Placed"
"CB.SC.U4AI22440","Surya Shetty","cb.sc.u4ai22440@cb.students.amrita.edu","AI","E","2026","7.36","1","Placed"
"CB.SC.U4AI22441","Varun Nagarajan","cb.sc.u4ai22441@cb.students.amrita.edu","AI","E","2026","6.98","1","Not Placed"
"CB.SC.U4AI22442","Janani Reddy","cb.sc.u4ai22442@cb.students.amrita.edu","AI","E","2026","7.51","0","Not Placed"
"CB.SC.U4AI22443","Janani Nagarajan","cb.sc.u4ai22443@cb.students.amrita.edu","AI","E","2026","8.92","1","Placed"
"CB.SC.U4AI22444","Rahul Shetty","cb.sc.u4ai22444@cb.students.amrita.edu","AI","E","2026","6.44","1","Placed"
"CB.SC.U4AI22445","Aditya Verma","cb.sc.u4ai22445@cb.students.amrita.edu","AI","E","2026","6.27","1","Placed"
"CB.SC.U4AI22446","Zara Kapoor","cb.sc.u4ai22446@cb.students.amrita.edu","AI","E","2026","7.2","1","Not Placed"
"CB.SC.U4AI22447","Harish Mishra","cb.sc.u4ai22447@cb.students.amrita.edu","AI","E","2026","8.21","2","Not Placed"
"CB.SC.U4AI22448","Riya Iyer","cb.sc.u4ai22448@cb.students.amrita.edu","AI","E","2026","9.32","1","Placed"
"CB.SC.U4AI22449","Harish Kulkarni","cb.sc.u4ai22449@cb.students.amrita.edu","AI","E","2026","6.84","0","Placed"
"CB.SC.U4AI22450","Bhavya Reddy","cb.sc.u4ai22450@cb.students.amrita.edu","AI","E","2026","8.93","1","Placed"
"CB.SC.U4AI22451","Riya Pillai","cb.sc.u4ai22451@cb.students.amrita.edu","AI","E","2026","6.36","0","Placed"
"CB.SC.U4AI22452","Akash Pillai","cb.sc.u4ai22452@cb.students.amrita.edu","AI","E","2026","6.04","0","Placed"
"CB.SC.U4AI22453","Zara Gupta","cb.sc.u4ai22453@cb.students.amrita.edu","AI","E","2026","6.4","2","Placed"
"CB.SC.U4AI22454","Akash Reddy","cb.sc.u4ai22454@cb.students.amrita.edu","AI","E","2026","9.55","2","Not Placed"
"CB.SC.U4AI22455","Vikram Kulkarni","cb.sc.u4ai22455@cb.students.amrita.edu","AI","E","2026","9.07","0","Not Placed"
"CB.SC.U4AI22456","Nikhil Gupta","cb.sc.u4ai22456@cb.students.amrita.edu","AI","E","2026","9.39","1","Placed"
"CB.SC.U4AI22457","Akash Gupta","cb.sc.u4ai22457@cb.students.amrita.edu","AI","E","2026","8.15","0","Placed"
"CB.SC.U4AI22458","Zara Bose","cb.sc.u4ai22458@cb.students.amrita.edu","AI","E","2026","9.39","1","Placed"
"CB.SC.U4AI22459","Ananya Joshi","cb.sc.u4ai22459@cb.students.amrita.edu","AI","E","2026","6.78","0","Placed"
"CB.SC.U4AI22460","Karthik Reddy","cb.sc.u4ai22460@cb.students.amrita.edu","AI","E","2026","7.4","0","Not Placed"
"CB.EN.U4EEE22001","Ananya Menon","cb.en.u4eee22001@cb.students.amrita.edu","EEE","A","2026","7.78","2","Not Placed"
"CB.EN.U4EEE22002","Vikram Bose","cb.en.u4eee22002@cb.students.amrita.edu","EEE","A","2026","9.26","1","Not Placed"
"CB.EN.U4EEE22003","Janani Gupta","cb.en.u4eee22003@cb.students.amrita.edu","EEE","A","2026","9.48","2","Not Placed"
"CB.EN.U4EEE22004","Nikhil Chatterjee","cb.en.u4eee22004@cb.students.amrita.edu","EEE","A","2026","9.71","2","Placed"
"CB.EN.U4EEE22005","Anirudh Bose","cb.en.u4eee22005@cb.students.amrita.edu","EEE","A","2026","8.76","0","Placed"
"CB.EN.U4EEE22006","Lakshmi Kapoor","cb.en.u4eee22006@cb.students.amrita.edu","EEE","A","2026","7.74","1","Not Placed"
"CB.EN.U4EEE22007","Ananya Verma","cb.en.u4eee22007@cb.students.amrita.edu","EEE","A","2026","8.92","1","Not Placed"
"CB.EN.U4EEE22008","Meera Sharma","cb.en.u4eee22008@cb.students.amrita.edu","EEE","A","2026","8.02","1","Not Placed"
"CB.EN.U4EEE22009","Arjun Krishnan","cb.en.u4eee22009@cb.students.amrita.edu","EEE","A","2026","6.18","0","Placed"
"CB.EN.U4EEE22010","Aditya Das","cb.en.u4eee22010@cb.students.amrita.edu","EEE","A","2026","8.47","2","Placed"
"CB.EN.U4EEE22011","Yash Sharma","cb.en.u4eee22011@cb.students.amrita.edu","EEE","A","2026","9.65","1","Not Placed"
"CB.EN.U4EEE22012","Karthik Joshi","cb.en.u4eee22012@cb.students.amrita.edu","EEE","A","2026","6.18","1","Not Placed"
"CB.EN.U4EEE22013","Aarav Raman","cb.en.u4eee22013@cb.students.amrita.edu","EEE","A","2026","7.29","1","Not Placed"
"CB.EN.U4EEE22014","Sneha Iyer","cb.en.u4eee22014@cb.students.amrita.edu","EEE","A","2026","8.77","2","Placed"
"CB.EN.U4EEE22015","Vikram Pillai","cb.en.u4eee22015@cb.students.amrita.edu","EEE","A","2026","7.11","0","Placed"
"CB.EN.U4EEE22016","Keerthana Chatterjee","cb.en.u4eee22016@cb.students.amrita.edu","EEE","A","2026","6.98","0","Not Placed"
"CB.EN.U4EEE22017","Diya Das","cb.en.u4eee22017@cb.students.amrita.edu","EEE","A","2026","8.15","2","Placed"
"CB.EN.U4EEE22018","Aditya Sharma","cb.en.u4eee22018@cb.students.amrita.edu","EEE","A","2026","8.18","1","Placed"
"CB.EN.U4EEE22019","Yash Nagarajan","cb.en.u4eee22019@cb.students.amrita.edu","EEE","A","2026","7.66","1","Not Placed"
"CB.EN.U4EEE22020","Varun Menon","cb.en.u4eee22020@cb.students.amrita.edu","EEE","A","2026","9.79","2","Placed"
"CB.EN.U4EEE22021","Karthik Mishra","cb.en.u4eee22021@cb.students.amrita.edu","EEE","A","2026","9.76","2","Not Placed"
"CB.EN.U4EEE22022","Ananya Das","cb.en.u4eee22022@cb.students.amrita.edu","EEE","A","2026","6.03","2","Not Placed"
"CB.EN.U4EEE22023","Riya Nagarajan","cb.en.u4eee22023@cb.students.amrita.edu","EEE","A","2026","9.63","2","Placed"
"CB.EN.U4EEE22024","Zara Chatterjee","cb.en.u4eee22024@cb.students.amrita.edu","EEE","A","2026","7.4","0","Placed"
"CB.EN.U4EEE22025","Keerthana Raman","cb.en.u4eee22025@cb.students.amrita.edu","EEE","A","2026","9.79","0","Not Placed"
"CB.EN.U4EEE22026","Vikram Joshi","cb.en.u4eee22026@cb.students.amrita.edu","EEE","A","2026","7.25","2","Placed"
"CB.EN.U4EEE22027","Charan Mishra","cb.en.u4eee22027@cb.students.amrita.edu","EEE","A","2026","9.83","2","Not Placed"
"CB.EN.U4EEE22028","Janani Pillai","cb.en.u4eee22028@cb.students.amrita.edu","EEE","A","2026","9.11","2","Placed"
"CB.EN.U4EEE22029","Zara Pillai","cb.en.u4eee22029@cb.students.amrita.edu","EEE","A","2026","8.1","0","Placed"
"CB.EN.U4EEE22030","Varun Krishnan","cb.en.u4eee22030@cb.students.amrita.edu","EEE","A","2026","7.45","2","Placed"
"CB.EN.U4EEE22031","Zara Menon","cb.en.u4eee22031@cb.students.amrita.edu","EEE","A","2026","7.07","2","Placed"
"CB.EN.U4EEE22032","Anirudh Chatterjee","cb.en.u4eee22032@cb.students.amrita.edu","EEE","A","2026","8.09","0","Not Placed"
"CB.EN.U4EEE22033","Yash Iyer","cb.en.u4eee22033@cb.students.amrita.edu","EEE","A","2026","6.1","0","Placed"
"CB.EN.U4EEE22034","Karthik Chatterjee","cb.en.u4eee22034@cb.students.amrita.edu","EEE","A","2026","7.25","1","Placed"
"CB.EN.U4EEE22035","Bhavya Verma","cb.en.u4eee22035@cb.students.amrita.edu","EEE","A","2026","7.6","0","Not Placed"
"CB.EN.U4EEE22036","Aishwarya Kapoor","cb.en.u4eee22036@cb.students.amrita.edu","EEE","A","2026","8.79","1","Placed"
"CB.EN.U4EEE22037","Tanvi Patel","cb.en.u4eee22037@cb.students.amrita.edu","EEE","A","2026","7.52","1","Placed"
"CB.EN.U4EEE22038","Surya Gupta","cb.en.u4eee22038@cb.students.amrita.edu","EEE","A","2026","9.62","1","Placed"
"CB.EN.U4EEE22039","Keerthana Menon","cb.en.u4eee22039@cb.students.amrita.edu","EEE","A","2026","8.34","1","Placed"
"CB.EN.U4EEE22040","Keerthana Joshi","cb.en.u4eee22040@cb.students.amrita.edu","EEE","A","2026","9.22","0","Not Placed"
"CB.EN.U4EEE22041","Aditya Gupta","cb.en.u4eee22041@cb.students.amrita.edu","EEE","A","2026","9.14","1","Not Placed"
"CB.EN.U4EEE22042","Aarav Pillai","cb.en.u4eee22042@cb.students.amrita.edu","EEE","A","2026","9.35","2","Placed"
"CB.EN.U4EEE22043","Harish Nagarajan","cb.en.u4eee22043@cb.students.amrita.edu","EEE","A","2026","6.58","1","Not Placed"
"CB.EN.U4EEE22044","Karthik Verma","cb.en.u4eee22044@cb.students.amrita.edu","EEE","A","2026","7.5","0","Not Placed"
"CB.EN.U4EEE22045","Aditya Gupta","cb.en.u4eee22045@cb.students.amrita.edu","EEE","A","2026","9.37","1","Not Placed"
"CB.EN.U4EEE22046","Meera Nair","cb.en.u4eee22046@cb.students.amrita.edu","EEE","A","2026","7.05","0","Not Placed"
"CB.EN.U4EEE22047","Pooja Nair","cb.en.u4eee22047@cb.students.amrita.edu","EEE","A","2026","9.23","1","Placed"
"CB.EN.U4EEE22048","Ananya Shetty","cb.en.u4eee22048@cb.students.amrita.edu","EEE","A","2026","8.23","2","Not Placed"
"CB.EN.U4EEE22049","Pooja Bose","cb.en.u4eee22049@cb.students.amrita.edu","EEE","A","2026","6.02","0","Placed"
"CB.EN.U4EEE22050","Anirudh Gupta","cb.en.u4eee22050@cb.students.amrita.edu","EEE","A","2026","6.68","1","Not Placed"
"CB.EN.U4EEE22051","Varun Patel","cb.en.u4eee22051@cb.students.amrita.edu","EEE","A","2026","9.2","2","Placed"
"CB.EN.U4EEE22052","Charan Shetty","cb.en.u4eee22052@cb.students.amrita.edu","EEE","A","2026","9.58","1","Placed"
"CB.EN.U4EEE22053","Vikram Reddy","cb.en.u4eee22053@cb.students.amrita.edu","EEE","A","2026","7.22","1","Not Placed"
"CB.EN.U4EEE22054","Yash Nair","cb.en.u4eee22054@cb.students.amrita.edu","EEE","A","2026","7.82","0","Placed"
"CB.EN.U4EEE22055","Yash Das","cb.en.u4eee22055@cb.students.amrita.edu","EEE","A","2026","6.62","2","Placed"
"CB.EN.U4EEE22056","Arya Das","cb.en.u4eee22056@cb.students.amrita.edu","EEE","A","2026","9.76","0","Not Placed"
"CB.EN.U4EEE22057","Aditya Krishnan","cb.en.u4eee22057@cb.students.amrita.edu","EEE","A","2026","8","0","Not Placed"
"CB.EN.U4EEE22058","Pooja Pillai","cb.en.u4eee22058@cb.students.amrita.edu","EEE","A","2026","7.66","0","Not Placed"
"CB.EN.U4EEE22059","Rahul Kulkarni","cb.en.u4eee22059@cb.students.amrita.edu","EEE","A","2026","6.77","0","Placed"
"CB.EN.U4EEE22060","Karthik Das","cb.en.u4eee22060@cb.students.amrita.edu","EEE","A","2026","9.23","0","Placed"
"CB.EN.U4EEE22101","Yash Raman","cb.en.u4eee22101@cb.students.amrita.edu","EEE","B","2026","8.89","2","Placed"
"CB.EN.U4EEE22102","Charan Das","cb.en.u4eee22102@cb.students.amrita.edu","EEE","B","2026","6.54","1","Placed"
"CB.EN.U4EEE22103","Aarav Sharma","cb.en.u4eee22103@cb.students.amrita.edu","EEE","B","2026","9.84","0","Not Placed"
"CB.EN.U4EEE22104","Aditya Chatterjee","cb.en.u4eee22104@cb.students.amrita.edu","EEE","B","2026","6.38","2","Not Placed"
"CB.EN.U4EEE22105","Surya Raman","cb.en.u4eee22105@cb.students.amrita.edu","EEE","B","2026","8.3","1","Not Placed"
"CB.EN.U4EEE22106","Akash Sharma","cb.en.u4eee22106@cb.students.amrita.edu","EEE","B","2026","7.67","1","Placed"
"CB.EN.U4EEE22107","Ananya Kapoor","cb.en.u4eee22107@cb.students.amrita.edu","EEE","B","2026","6.23","0","Placed"
"CB.EN.U4EEE22108","Riya Mishra","cb.en.u4eee22108@cb.students.amrita.edu","EEE","B","2026","8.04","1","Not Placed"
"CB.EN.U4EEE22109","Karthik Raman","cb.en.u4eee22109@cb.students.amrita.edu","EEE","B","2026","7.75","2","Placed"
"CB.EN.U4EEE22110","Rahul Mishra","cb.en.u4eee22110@cb.students.amrita.edu","EEE","B","2026","7.95","1","Placed"
"CB.EN.U4EEE22111","Sneha Kulkarni","cb.en.u4eee22111@cb.students.amrita.edu","EEE","B","2026","6.93","0","Placed"
"CB.EN.U4EEE22112","Akash Verma","cb.en.u4eee22112@cb.students.amrita.edu","EEE","B","2026","8.32","2","Placed"
"CB.EN.U4EEE22113","Sanjay Shetty","cb.en.u4eee22113@cb.students.amrita.edu","EEE","B","2026","7","0","Not Placed"
"CB.EN.U4EEE22114","Pooja Nagarajan","cb.en.u4eee22114@cb.students.amrita.edu","EEE","B","2026","9.85","1","Not Placed"
"CB.EN.U4EEE22115","Sneha Iyer","cb.en.u4eee22115@cb.students.amrita.edu","EEE","B","2026","8.88","2","Not Placed"
"CB.EN.U4EEE22116","Janani Nagarajan","cb.en.u4eee22116@cb.students.amrita.edu","EEE","B","2026","9.24","1","Not Placed"
"CB.EN.U4EEE22117","Anirudh Reddy","cb.en.u4eee22117@cb.students.amrita.edu","EEE","B","2026","6.92","1","Placed"
"CB.EN.U4EEE22118","Charan Krishnan","cb.en.u4eee22118@cb.students.amrita.edu","EEE","B","2026","6.83","1","Not Placed"
"CB.EN.U4EEE22119","Pooja Verma","cb.en.u4eee22119@cb.students.amrita.edu","EEE","B","2026","6.07","1","Placed"
"CB.EN.U4EEE22120","Bhavya Bose","cb.en.u4eee22120@cb.students.amrita.edu","EEE","B","2026","6.37","0","Placed"
"CB.EN.U4EEE22121","Aarav Nair","cb.en.u4eee22121@cb.students.amrita.edu","EEE","B","2026","8.21","0","Placed"
"CB.EN.U4EEE22122","Rahul Das","cb.en.u4eee22122@cb.students.amrita.edu","EEE","B","2026","8.64","2","Placed"
"CB.EN.U4EEE22123","Keerthana Shetty","cb.en.u4eee22123@cb.students.amrita.edu","EEE","B","2026","8.52","1","Placed"
"CB.EN.U4EEE22124","Aishwarya Menon","cb.en.u4eee22124@cb.students.amrita.edu","EEE","B","2026","8.25","0","Not Placed"
"CB.EN.U4EEE22125","Akash Verma","cb.en.u4eee22125@cb.students.amrita.edu","EEE","B","2026","6.82","2","Placed"
"CB.EN.U4EEE22126","Sneha Pillai","cb.en.u4eee22126@cb.students.amrita.edu","EEE","B","2026","8.61","1","Placed"
"CB.EN.U4EEE22127","Akash Pillai","cb.en.u4eee22127@cb.students.amrita.edu","EEE","B","2026","9.44","2","Not Placed"
"CB.EN.U4EEE22128","Rahul Gupta","cb.en.u4eee22128@cb.students.amrita.edu","EEE","B","2026","8.37","2","Placed"
"CB.EN.U4EEE22129","Sneha Bose","cb.en.u4eee22129@cb.students.amrita.edu","EEE","B","2026","9.28","2","Placed"
"CB.EN.U4EEE22130","Nikhil Shetty","cb.en.u4eee22130@cb.students.amrita.edu","EEE","B","2026","8.39","1","Placed"
"CB.EN.U4EEE22131","Harish Patel","cb.en.u4eee22131@cb.students.amrita.edu","EEE","B","2026","8.44","0","Placed"
"CB.EN.U4EEE22132","Nikhil Shetty","cb.en.u4eee22132@cb.students.amrita.edu","EEE","B","2026","9.15","1","Placed"
"CB.EN.U4EEE22133","Aditya Verma","cb.en.u4eee22133@cb.students.amrita.edu","EEE","B","2026","9.88","2","Not Placed"
"CB.EN.U4EEE22134","Akash Shetty","cb.en.u4eee22134@cb.students.amrita.edu","EEE","B","2026","9.23","1","Placed"
"CB.EN.U4EEE22135","Karthik Joshi","cb.en.u4eee22135@cb.students.amrita.edu","EEE","B","2026","8.29","1","Not Placed"
"CB.EN.U4EEE22136","Aishwarya Raman","cb.en.u4eee22136@cb.students.amrita.edu","EEE","B","2026","9.4","1","Placed"
"CB.EN.U4EEE22137","Rahul Iyer","cb.en.u4eee22137@cb.students.amrita.edu","EEE","B","2026","6.6","2","Not Placed"
"CB.EN.U4EEE22138","Charan Raman","cb.en.u4eee22138@cb.students.amrita.edu","EEE","B","2026","9.43","0","Not Placed"
"CB.EN.U4EEE22139","Lakshmi Nagarajan","cb.en.u4eee22139@cb.students.amrita.edu","EEE","B","2026","6.73","1","Not Placed"
"CB.EN.U4EEE22140","Zara Iyer","cb.en.u4eee22140@cb.students.amrita.edu","EEE","B","2026","6.26","1","Placed"
"CB.EN.U4EEE22141","Arya Kulkarni","cb.en.u4eee22141@cb.students.amrita.edu","EEE","B","2026","6.74","0","Not Placed"
"CB.EN.U4EEE22142","Nikhil Raman","cb.en.u4eee22142@cb.students.amrita.edu","EEE","B","2026","8.32","2","Placed"
"CB.EN.U4EEE22143","Surya Kapoor","cb.en.u4eee22143@cb.students.amrita.edu","EEE","B","2026","9.69","2","Not Placed"
"CB.EN.U4EEE22144","Meera Das","cb.en.u4eee22144@cb.students.amrita.edu","EEE","B","2026","9.63","2","Not Placed"
"CB.EN.U4EEE22145","Rahul Chatterjee","cb.en.u4eee22145@cb.students.amrita.edu","EEE","B","2026","6.63","2","Placed"
"CB.EN.U4EEE22146","Diya Kapoor","cb.en.u4eee22146@cb.students.amrita.edu","EEE","B","2026","7.34","2","Not Placed"
"CB.EN.U4EEE22147","Yash Joshi","cb.en.u4eee22147@cb.students.amrita.edu","EEE","B","2026","9.03","0","Placed"
"CB.EN.U4EEE22148","Akash Iyer","cb.en.u4eee22148@cb.students.amrita.edu","EEE","B","2026","8.7","2","Placed"
"CB.EN.U4EEE22149","Sanjay Bose","cb.en.u4eee22149@cb.students.amrita.edu","EEE","B","2026","9.13","2","Placed"
"CB.EN.U4EEE22150","Tanvi Mishra","cb.en.u4eee22150@cb.students.amrita.edu","EEE","B","2026","6.31","1","Not Placed"
"CB.EN.U4EEE22151","Pooja Chatterjee","cb.en.u4eee22151@cb.students.amrita.edu","EEE","B","2026","9.03","0","Placed"
"CB.EN.U4EEE22152","Diya Menon","cb.en.u4eee22152@cb.students.amrita.edu","EEE","B","2026","9.8","1","Not Placed"
"CB.EN.U4EEE22153","Sanjay Gupta","cb.en.u4eee22153@cb.students.amrita.edu","EEE","B","2026","6.99","2","Not Placed"
"CB.EN.U4EEE22154","Tanvi Reddy","cb.en.u4eee22154@cb.students.amrita.edu","EEE","B","2026","6.2","0","Placed"
"CB.EN.U4EEE22155","Ananya Pillai","cb.en.u4eee22155@cb.students.amrita.edu","EEE","B","2026","6.96","2","Not Placed"
"CB.EN.U4EEE22156","Ishaan Menon","cb.en.u4eee22156@cb.students.amrita.edu","EEE","B","2026","6.92","0","Placed"
"CB.EN.U4EEE22157","Aditya Nair","cb.en.u4eee22157@cb.students.amrita.edu","EEE","B","2026","7.73","1","Not Placed"
"CB.EN.U4EEE22158","Keerthana Sharma","cb.en.u4eee22158@cb.students.amrita.edu","EEE","B","2026","8.59","1","Placed"
"CB.EN.U4EEE22159","Zara Nair","cb.en.u4eee22159@cb.students.amrita.edu","EEE","B","2026","6.84","0","Placed"
"CB.EN.U4EEE22160","Ananya Nair","cb.en.u4eee22160@cb.students.amrita.edu","EEE","B","2026","7.88","0","Placed"
"CB.EN.U4EEE22201","Meera Reddy","cb.en.u4eee22201@cb.students.amrita.edu","EEE","C","2026","7.62","0","Placed"
"CB.EN.U4EEE22202","Diya Nagarajan","cb.en.u4eee22202@cb.students.amrita.edu","EEE","C","2026","6.95","0","Not Placed"
"CB.EN.U4EEE22203","Arjun Sharma","cb.en.u4eee22203@cb.students.amrita.edu","EEE","C","2026","9.3","0","Not Placed"
"CB.EN.U4EEE22204","Tanvi Verma","cb.en.u4eee22204@cb.students.amrita.edu","EEE","C","2026","7.3","0","Placed"
"CB.EN.U4EEE22205","Janani Shetty","cb.en.u4eee22205@cb.students.amrita.edu","EEE","C","2026","8.98","1","Not Placed"
"CB.EN.U4EEE22206","Karthik Bose","cb.en.u4eee22206@cb.students.amrita.edu","EEE","C","2026","8.82","0","Not Placed"
"CB.EN.U4EEE22207","Arjun Shetty","cb.en.u4eee22207@cb.students.amrita.edu","EEE","C","2026","9.65","0","Not Placed"
"CB.EN.U4EEE22208","Nikhil Das","cb.en.u4eee22208@cb.students.amrita.edu","EEE","C","2026","7.06","2","Placed"
"CB.EN.U4EEE22209","Meera Shetty","cb.en.u4eee22209@cb.students.amrita.edu","EEE","C","2026","9.72","1","Not Placed"
"CB.EN.U4EEE22210","Nikhil Nagarajan","cb.en.u4eee22210@cb.students.amrita.edu","EEE","C","2026","7.27","2","Placed"
"CB.EN.U4EEE22211","Aishwarya Patel","cb.en.u4eee22211@cb.students.amrita.edu","EEE","C","2026","8.65","2","Placed"
"CB.EN.U4EEE22212","Meera Krishnan","cb.en.u4eee22212@cb.students.amrita.edu","EEE","C","2026","8.3","0","Placed"
"CB.EN.U4EEE22213","Charan Nagarajan","cb.en.u4eee22213@cb.students.amrita.edu","EEE","C","2026","6.63","2","Placed"
"CB.EN.U4EEE22214","Rahul Joshi","cb.en.u4eee22214@cb.students.amrita.edu","EEE","C","2026","8.44","2","Not Placed"
"CB.EN.U4EEE22215","Ananya Reddy","cb.en.u4eee22215@cb.students.amrita.edu","EEE","C","2026","7.19","0","Not Placed"
"CB.EN.U4EEE22216","Akash Bose","cb.en.u4eee22216@cb.students.amrita.edu","EEE","C","2026","8.81","0","Placed"
"CB.EN.U4EEE22217","Pooja Patel","cb.en.u4eee22217@cb.students.amrita.edu","EEE","C","2026","8.85","0","Placed"
"CB.EN.U4EEE22218","Lakshmi Nagarajan","cb.en.u4eee22218@cb.students.amrita.edu","EEE","C","2026","8.62","2","Placed"
"CB.EN.U4EEE22219","Arya Shetty","cb.en.u4eee22219@cb.students.amrita.edu","EEE","C","2026","8.08","2","Placed"
"CB.EN.U4EEE22220","Diya Chatterjee","cb.en.u4eee22220@cb.students.amrita.edu","EEE","C","2026","8.9","1","Not Placed"
"CB.EN.U4EEE22221","Zara Bose","cb.en.u4eee22221@cb.students.amrita.edu","EEE","C","2026","9.4","2","Placed"
"CB.EN.U4EEE22222","Anirudh Reddy","cb.en.u4eee22222@cb.students.amrita.edu","EEE","C","2026","8.95","1","Not Placed"
"CB.EN.U4EEE22223","Harish Chatterjee","cb.en.u4eee22223@cb.students.amrita.edu","EEE","C","2026","8.13","2","Placed"
"CB.EN.U4EEE22224","Zara Pillai","cb.en.u4eee22224@cb.students.amrita.edu","EEE","C","2026","8.6","1","Placed"
"CB.EN.U4EEE22225","Karthik Patel","cb.en.u4eee22225@cb.students.amrita.edu","EEE","C","2026","6.52","0","Placed"
"CB.EN.U4EEE22226","Riya Reddy","cb.en.u4eee22226@cb.students.amrita.edu","EEE","C","2026","8.23","0","Placed"
"CB.EN.U4EEE22227","Vikram Menon","cb.en.u4eee22227@cb.students.amrita.edu","EEE","C","2026","6.63","2","Not Placed"
"CB.EN.U4EEE22228","Karthik Nagarajan","cb.en.u4eee22228@cb.students.amrita.edu","EEE","C","2026","9.74","2","Not Placed"
"CB.EN.U4EEE22229","Rahul Krishnan","cb.en.u4eee22229@cb.students.amrita.edu","EEE","C","2026","9.89","0","Placed"
"CB.EN.U4EEE22230","Surya Gupta","cb.en.u4eee22230@cb.students.amrita.edu","EEE","C","2026","6.45","0","Not Placed"
"CB.EN.U4EEE22231","Vikram Raman","cb.en.u4eee22231@cb.students.amrita.edu","EEE","C","2026","9.59","0","Placed"
"CB.EN.U4EEE22232","Arjun Iyer","cb.en.u4eee22232@cb.students.amrita.edu","EEE","C","2026","6.5","1","Not Placed"
"CB.EN.U4EEE22233","Anirudh Kulkarni","cb.en.u4eee22233@cb.students.amrita.edu","EEE","C","2026","6.76","2","Not Placed"
"CB.EN.U4EEE22234","Ananya Bose","cb.en.u4eee22234@cb.students.amrita.edu","EEE","C","2026","9.3","2","Not Placed"
"CB.EN.U4EEE22235","Pooja Verma","cb.en.u4eee22235@cb.students.amrita.edu","EEE","C","2026","6.59","0","Placed"
"CB.EN.U4EEE22236","Vikram Mishra","cb.en.u4eee22236@cb.students.amrita.edu","EEE","C","2026","6.24","1","Not Placed"
"CB.EN.U4EEE22237","Ishaan Iyer","cb.en.u4eee22237@cb.students.amrita.edu","EEE","C","2026","9.52","2","Not Placed"
"CB.EN.U4EEE22238","Vikram Mishra","cb.en.u4eee22238@cb.students.amrita.edu","EEE","C","2026","9.38","0","Placed"
"CB.EN.U4EEE22239","Nikhil Kapoor","cb.en.u4eee22239@cb.students.amrita.edu","EEE","C","2026","6.62","2","Placed"
"CB.EN.U4EEE22240","Charan Verma","cb.en.u4eee22240@cb.students.amrita.edu","EEE","C","2026","9.76","1","Not Placed"
"CB.EN.U4EEE22241","Ananya Chatterjee","cb.en.u4eee22241@cb.students.amrita.edu","EEE","C","2026","9.17","0","Placed"
"CB.EN.U4EEE22242","Vikram Patel","cb.en.u4eee22242@cb.students.amrita.edu","EEE","C","2026","6.69","2","Placed"
"CB.EN.U4EEE22243","Sneha Chatterjee","cb.en.u4eee22243@cb.students.amrita.edu","EEE","C","2026","7.51","1","Not Placed"
"CB.EN.U4EEE22244","Aditya Patel","cb.en.u4eee22244@cb.students.amrita.edu","EEE","C","2026","8.8","2","Placed"
"CB.EN.U4EEE22245","Nikhil Gupta","cb.en.u4eee22245@cb.students.amrita.edu","EEE","C","2026","7.11","1","Placed"
"CB.EN.U4EEE22246","Meera Reddy","cb.en.u4eee22246@cb.students.amrita.edu","EEE","C","2026","6.55","0","Placed"
"CB.EN.U4EEE22247","Tanvi Das","cb.en.u4eee22247@cb.students.amrita.edu","EEE","C","2026","8.25","1","Placed"
"CB.EN.U4EEE22248","Akash Patel","cb.en.u4eee22248@cb.students.amrita.edu","EEE","C","2026","9.05","2","Placed"
"CB.EN.U4EEE22249","Keerthana Das","cb.en.u4eee22249@cb.students.amrita.edu","EEE","C","2026","9.55","2","Not Placed"
"CB.EN.U4EEE22250","Anirudh Iyer","cb.en.u4eee22250@cb.students.amrita.edu","EEE","C","2026","7.96","0","Not Placed"
"CB.EN.U4EEE22251","Keerthana Krishnan","cb.en.u4eee22251@cb.students.amrita.edu","EEE","C","2026","8","2","Not Placed"
"CB.EN.U4EEE22252","Nikhil Das","cb.en.u4eee22252@cb.students.amrita.edu","EEE","C","2026","6.51","0","Placed"
"CB.EN.U4EEE22253","Aishwarya Bose","cb.en.u4eee22253@cb.students.amrita.edu","EEE","C","2026","7.63","1","Placed"
"CB.EN.U4EEE22254","Yash Gupta","cb.en.u4eee22254@cb.students.amrita.edu","EEE","C","2026","9.62","1","Not Placed"
"CB.EN.U4EEE22255","Akash Das","cb.en.u4eee22255@cb.students.amrita.edu","EEE","C","2026","6.2","0","Not Placed"
"CB.EN.U4EEE22256","Arya Chatterjee","cb.en.u4eee22256@cb.students.amrita.edu","EEE","C","2026","8.92","0","Not Placed"
"CB.EN.U4EEE22257","Keerthana Mishra","cb.en.u4eee22257@cb.students.amrita.edu","EEE","C","2026","6.04","1","Not Placed"
"CB.EN.U4EEE22258","Meera Nagarajan","cb.en.u4eee22258@cb.students.amrita.edu","EEE","C","2026","9.3","0","Placed"
"CB.EN.U4EEE22259","Riya Nair","cb.en.u4eee22259@cb.students.amrita.edu","EEE","C","2026","6.83","1","Placed"
"CB.EN.U4EEE22260","Tanvi Patel","cb.en.u4eee22260@cb.students.amrita.edu","EEE","C","2026","9.32","0","Not Placed"
"CB.EN.U4EEE22301","Arya Mishra","cb.en.u4eee22301@cb.students.amrita.edu","EEE","D","2026","8.25","2","Not Placed"
"CB.EN.U4EEE22302","Anirudh Reddy","cb.en.u4eee22302@cb.students.amrita.edu","EEE","D","2026","8.46","2","Placed"
"CB.EN.U4EEE22303","Ananya Verma","cb.en.u4eee22303@cb.students.amrita.edu","EEE","D","2026","7.63","1","Not Placed"
"CB.EN.U4EEE22304","Lakshmi Nair","cb.en.u4eee22304@cb.students.amrita.edu","EEE","D","2026","6.44","2","Placed"
"CB.EN.U4EEE22305","Aditya Raman","cb.en.u4eee22305@cb.students.amrita.edu","EEE","D","2026","7.68","2","Not Placed"
"CB.EN.U4EEE22306","Diya Sharma","cb.en.u4eee22306@cb.students.amrita.edu","EEE","D","2026","8.83","2","Placed"
"CB.EN.U4EEE22307","Aishwarya Kapoor","cb.en.u4eee22307@cb.students.amrita.edu","EEE","D","2026","7.96","0","Placed"
"CB.EN.U4EEE22308","Keerthana Joshi","cb.en.u4eee22308@cb.students.amrita.edu","EEE","D","2026","7.45","1","Placed"
"CB.EN.U4EEE22309","Harish Patel","cb.en.u4eee22309@cb.students.amrita.edu","EEE","D","2026","9.61","2","Not Placed"
"CB.EN.U4EEE22310","Keerthana Shetty","cb.en.u4eee22310@cb.students.amrita.edu","EEE","D","2026","8.79","1","Placed"
"CB.EN.U4EEE22311","Riya Sharma","cb.en.u4eee22311@cb.students.amrita.edu","EEE","D","2026","8.15","2","Placed"
"CB.EN.U4EEE22312","Zara Nair","cb.en.u4eee22312@cb.students.amrita.edu","EEE","D","2026","6.23","2","Not Placed"
"CB.EN.U4EEE22313","Vikram Mishra","cb.en.u4eee22313@cb.students.amrita.edu","EEE","D","2026","7.56","0","Not Placed"
"CB.EN.U4EEE22314","Meera Reddy","cb.en.u4eee22314@cb.students.amrita.edu","EEE","D","2026","7.56","0","Placed"
"CB.EN.U4EEE22315","Pooja Kulkarni","cb.en.u4eee22315@cb.students.amrita.edu","EEE","D","2026","6.02","0","Not Placed"
"CB.EN.U4EEE22316","Meera Mishra","cb.en.u4eee22316@cb.students.amrita.edu","EEE","D","2026","6.94","2","Placed"
"CB.EN.U4EEE22317","Tanvi Kapoor","cb.en.u4eee22317@cb.students.amrita.edu","EEE","D","2026","6.15","2","Not Placed"
"CB.EN.U4EEE22318","Meera Patel","cb.en.u4eee22318@cb.students.amrita.edu","EEE","D","2026","6.59","2","Placed"
"CB.EN.U4EEE22319","Keerthana Kapoor","cb.en.u4eee22319@cb.students.amrita.edu","EEE","D","2026","8.83","2","Placed"
"CB.EN.U4EEE22320","Bhavya Menon","cb.en.u4eee22320@cb.students.amrita.edu","EEE","D","2026","8.62","0","Placed"
"CB.EN.U4EEE22321","Harish Nair","cb.en.u4eee22321@cb.students.amrita.edu","EEE","D","2026","7.74","0","Not Placed"
"CB.EN.U4EEE22322","Bhavya Shetty","cb.en.u4eee22322@cb.students.amrita.edu","EEE","D","2026","6.82","1","Placed"
"CB.EN.U4EEE22323","Zara Reddy","cb.en.u4eee22323@cb.students.amrita.edu","EEE","D","2026","8.72","0","Not Placed"
"CB.EN.U4EEE22324","Varun Iyer","cb.en.u4eee22324@cb.students.amrita.edu","EEE","D","2026","8.3","1","Placed"
"CB.EN.U4EEE22325","Charan Mishra","cb.en.u4eee22325@cb.students.amrita.edu","EEE","D","2026","7.97","0","Not Placed"
"CB.EN.U4EEE22326","Zara Menon","cb.en.u4eee22326@cb.students.amrita.edu","EEE","D","2026","8.91","1","Placed"
"CB.EN.U4EEE22327","Akash Krishnan","cb.en.u4eee22327@cb.students.amrita.edu","EEE","D","2026","8.11","2","Placed"
"CB.EN.U4EEE22328","Tanvi Bose","cb.en.u4eee22328@cb.students.amrita.edu","EEE","D","2026","7.93","1","Not Placed"
"CB.EN.U4EEE22329","Aarav Mishra","cb.en.u4eee22329@cb.students.amrita.edu","EEE","D","2026","8.51","0","Placed"
"CB.EN.U4EEE22330","Nikhil Iyer","cb.en.u4eee22330@cb.students.amrita.edu","EEE","D","2026","7.22","0","Not Placed"
"CB.EN.U4EEE22331","Zara Menon","cb.en.u4eee22331@cb.students.amrita.edu","EEE","D","2026","6.87","2","Placed"
"CB.EN.U4EEE22332","Lakshmi Patel","cb.en.u4eee22332@cb.students.amrita.edu","EEE","D","2026","8.81","0","Not Placed"
"CB.EN.U4EEE22333","Vikram Pillai","cb.en.u4eee22333@cb.students.amrita.edu","EEE","D","2026","7.27","1","Placed"
"CB.EN.U4EEE22334","Rahul Gupta","cb.en.u4eee22334@cb.students.amrita.edu","EEE","D","2026","9.54","0","Placed"
"CB.EN.U4EEE22335","Anirudh Nair","cb.en.u4eee22335@cb.students.amrita.edu","EEE","D","2026","9.45","0","Not Placed"
"CB.EN.U4EEE22336","Charan Das","cb.en.u4eee22336@cb.students.amrita.edu","EEE","D","2026","8.8","0","Not Placed"
"CB.EN.U4EEE22337","Aishwarya Bose","cb.en.u4eee22337@cb.students.amrita.edu","EEE","D","2026","8.08","2","Placed"
"CB.EN.U4EEE22338","Akash Raman","cb.en.u4eee22338@cb.students.amrita.edu","EEE","D","2026","8.1","1","Not Placed"
"CB.EN.U4EEE22339","Harish Raman","cb.en.u4eee22339@cb.students.amrita.edu","EEE","D","2026","9.72","1","Not Placed"
"CB.EN.U4EEE22340","Aditya Iyer","cb.en.u4eee22340@cb.students.amrita.edu","EEE","D","2026","7.58","2","Not Placed"
"CB.EN.U4EEE22341","Riya Gupta","cb.en.u4eee22341@cb.students.amrita.edu","EEE","D","2026","7.55","1","Not Placed"
"CB.EN.U4EEE22342","Tanvi Mishra","cb.en.u4eee22342@cb.students.amrita.edu","EEE","D","2026","9.88","1","Placed"
"CB.EN.U4EEE22343","Aditya Kulkarni","cb.en.u4eee22343@cb.students.amrita.edu","EEE","D","2026","6.57","2","Not Placed"
"CB.EN.U4EEE22344","Nikhil Raman","cb.en.u4eee22344@cb.students.amrita.edu","EEE","D","2026","6.1","0","Placed"
"CB.EN.U4EEE22345","Pooja Sharma","cb.en.u4eee22345@cb.students.amrita.edu","EEE","D","2026","8.11","2","Placed"
"CB.EN.U4EEE22346","Anirudh Patel","cb.en.u4eee22346@cb.students.amrita.edu","EEE","D","2026","6.62","2","Placed"
"CB.EN.U4EEE22347","Akash Reddy","cb.en.u4eee22347@cb.students.amrita.edu","EEE","D","2026","9.02","0","Not Placed"
"CB.EN.U4EEE22348","Sneha Sharma","cb.en.u4eee22348@cb.students.amrita.edu","EEE","D","2026","6.85","1","Not Placed"
"CB.EN.U4EEE22349","Riya Raman","cb.en.u4eee22349@cb.students.amrita.edu","EEE","D","2026","9.51","2","Not Placed"
"CB.EN.U4EEE22350","Lakshmi Krishnan","cb.en.u4eee22350@cb.students.amrita.edu","EEE","D","2026","6.4","1","Placed"
"CB.EN.U4EEE22351","Yash Reddy","cb.en.u4eee22351@cb.students.amrita.edu","EEE","D","2026","9.52","1","Not Placed"
"CB.EN.U4EEE22352","Ishaan Krishnan","cb.en.u4eee22352@cb.students.amrita.edu","EEE","D","2026","9.4","0","Not Placed"
"CB.EN.U4EEE22353","Charan Nagarajan","cb.en.u4eee22353@cb.students.amrita.edu","EEE","D","2026","6.01","2","Not Placed"
"CB.EN.U4EEE22354","Yash Joshi","cb.en.u4eee22354@cb.students.amrita.edu","EEE","D","2026","9.36","0","Placed"
"CB.EN.U4EEE22355","Aishwarya Joshi","cb.en.u4eee22355@cb.students.amrita.edu","EEE","D","2026","6.3","2","Not Placed"
"CB.EN.U4EEE22356","Vikram Gupta","cb.en.u4eee22356@cb.students.amrita.edu","EEE","D","2026","8.71","2","Not Placed"
"CB.EN.U4EEE22357","Nikhil Nagarajan","cb.en.u4eee22357@cb.students.amrita.edu","EEE","D","2026","7.37","1","Placed"
"CB.EN.U4EEE22358","Varun Menon","cb.en.u4eee22358@cb.students.amrita.edu","EEE","D","2026","9.64","1","Not Placed"
"CB.EN.U4EEE22359","Surya Krishnan","cb.en.u4eee22359@cb.students.amrita.edu","EEE","D","2026","7.78","2","Placed"
"CB.EN.U4EEE22360","Pooja Patel","cb.en.u4eee22360@cb.students.amrita.edu","EEE","D","2026","9.19","2","Placed"
"CB.EN.U4EEE22401","Surya Nagarajan","cb.en.u4eee22401@cb.students.amrita.edu","EEE","E","2026","9.26","2","Placed"
"CB.EN.U4EEE22402","Anirudh Sharma","cb.en.u4eee22402@cb.students.amrita.edu","EEE","E","2026","6.54","0","Placed"
"CB.EN.U4EEE22403","Karthik Nair","cb.en.u4eee22403@cb.students.amrita.edu","EEE","E","2026","8.52","2","Not Placed"
"CB.EN.U4EEE22404","Arjun Iyer","cb.en.u4eee22404@cb.students.amrita.edu","EEE","E","2026","6.15","1","Placed"
"CB.EN.U4EEE22405","Arya Shetty","cb.en.u4eee22405@cb.students.amrita.edu","EEE","E","2026","8.37","1","Placed"
"CB.EN.U4EEE22406","Aditya Reddy","cb.en.u4eee22406@cb.students.amrita.edu","EEE","E","2026","9.85","1","Not Placed"
"CB.EN.U4EEE22407","Ananya Das","cb.en.u4eee22407@cb.students.amrita.edu","EEE","E","2026","9.2","1","Not Placed"
"CB.EN.U4EEE22408","Akash Sharma","cb.en.u4eee22408@cb.students.amrita.edu","EEE","E","2026","7.65","1","Placed"
"CB.EN.U4EEE22409","Aditya Patel","cb.en.u4eee22409@cb.students.amrita.edu","EEE","E","2026","6.14","0","Placed"
"CB.EN.U4EEE22410","Nikhil Reddy","cb.en.u4eee22410@cb.students.amrita.edu","EEE","E","2026","6.99","0","Not Placed"
"CB.EN.U4EEE22411","Arjun Shetty","cb.en.u4eee22411@cb.students.amrita.edu","EEE","E","2026","6.07","0","Placed"
"CB.EN.U4EEE22412","Karthik Gupta","cb.en.u4eee22412@cb.students.amrita.edu","EEE","E","2026","7.18","0","Not Placed"
"CB.EN.U4EEE22413","Zara Patel","cb.en.u4eee22413@cb.students.amrita.edu","EEE","E","2026","8.31","1","Placed"
"CB.EN.U4EEE22414","Keerthana Menon","cb.en.u4eee22414@cb.students.amrita.edu","EEE","E","2026","8.92","1","Placed"
"CB.EN.U4EEE22415","Sneha Nair","cb.en.u4eee22415@cb.students.amrita.edu","EEE","E","2026","9.36","1","Not Placed"
"CB.EN.U4EEE22416","Harish Nagarajan","cb.en.u4eee22416@cb.students.amrita.edu","EEE","E","2026","9.35","2","Placed"
"CB.EN.U4EEE22417","Aditya Mishra","cb.en.u4eee22417@cb.students.amrita.edu","EEE","E","2026","8.91","2","Not Placed"
"CB.EN.U4EEE22418","Ishaan Chatterjee","cb.en.u4eee22418@cb.students.amrita.edu","EEE","E","2026","6.18","1","Not Placed"
"CB.EN.U4EEE22419","Ishaan Krishnan","cb.en.u4eee22419@cb.students.amrita.edu","EEE","E","2026","9.57","2","Placed"
"CB.EN.U4EEE22420","Aishwarya Verma","cb.en.u4eee22420@cb.students.amrita.edu","EEE","E","2026","8.12","0","Not Placed"
"CB.EN.U4EEE22421","Aditya Krishnan","cb.en.u4eee22421@cb.students.amrita.edu","EEE","E","2026","9.52","2","Placed"
"CB.EN.U4EEE22422","Sanjay Pillai","cb.en.u4eee22422@cb.students.amrita.edu","EEE","E","2026","6.66","0","Not Placed"
"CB.EN.U4EEE22423","Yash Iyer","cb.en.u4eee22423@cb.students.amrita.edu","EEE","E","2026","8.39","2","Placed"
"CB.EN.U4EEE22424","Aarav Das","cb.en.u4eee22424@cb.students.amrita.edu","EEE","E","2026","6.65","1","Not Placed"
"CB.EN.U4EEE22425","Nikhil Pillai","cb.en.u4eee22425@cb.students.amrita.edu","EEE","E","2026","8.31","1","Placed"
"CB.EN.U4EEE22426","Vikram Chatterjee","cb.en.u4eee22426@cb.students.amrita.edu","EEE","E","2026","6.79","1","Placed"
"CB.EN.U4EEE22427","Meera Kulkarni","cb.en.u4eee22427@cb.students.amrita.edu","EEE","E","2026","8.91","1","Placed"
"CB.EN.U4EEE22428","Janani Chatterjee","cb.en.u4eee22428@cb.students.amrita.edu","EEE","E","2026","8.17","2","Not Placed"
"CB.EN.U4EEE22429","Akash Nair","cb.en.u4eee22429@cb.students.amrita.edu","EEE","E","2026","8.83","1","Not Placed"
"CB.EN.U4EEE22430","Rahul Iyer","cb.en.u4eee22430@cb.students.amrita.edu","EEE","E","2026","8.61","0","Placed"
"CB.EN.U4EEE22431","Arya Das","cb.en.u4eee22431@cb.students.amrita.edu","EEE","E","2026","8.88","0","Not Placed"
"CB.EN.U4EEE22432","Karthik Gupta","cb.en.u4eee22432@cb.students.amrita.edu","EEE","E","2026","7.05","1","Placed"
"CB.EN.U4EEE22433","Tanvi Reddy","cb.en.u4eee22433@cb.students.amrita.edu","EEE","E","2026","6.49","2","Placed"
"CB.EN.U4EEE22434","Tanvi Shetty","cb.en.u4eee22434@cb.students.amrita.edu","EEE","E","2026","8.07","1","Not Placed"
"CB.EN.U4EEE22435","Surya Nagarajan","cb.en.u4eee22435@cb.students.amrita.edu","EEE","E","2026","7.55","2","Placed"
"CB.EN.U4EEE22436","Zara Bose","cb.en.u4eee22436@cb.students.amrita.edu","EEE","E","2026","6.93","1","Placed"
"CB.EN.U4EEE22437","Bhavya Bose","cb.en.u4eee22437@cb.students.amrita.edu","EEE","E","2026","8.55","0","Not Placed"
"CB.EN.U4EEE22438","Sanjay Bose","cb.en.u4eee22438@cb.students.amrita.edu","EEE","E","2026","7.17","0","Not Placed"
"CB.EN.U4EEE22439","Arjun Shetty","cb.en.u4eee22439@cb.students.amrita.edu","EEE","E","2026","7.21","1","Placed"
"CB.EN.U4EEE22440","Lakshmi Bose","cb.en.u4eee22440@cb.students.amrita.edu","EEE","E","2026","9.69","0","Not Placed"
"CB.EN.U4EEE22441","Lakshmi Joshi","cb.en.u4eee22441@cb.students.amrita.edu","EEE","E","2026","9.02","2","Placed"
"CB.EN.U4EEE22442","Janani Iyer","cb.en.u4eee22442@cb.students.amrita.edu","EEE","E","2026","7.02","0","Placed"
"CB.EN.U4EEE22443","Lakshmi Chatterjee","cb.en.u4eee22443@cb.students.amrita.edu","EEE","E","2026","8.89","1","Placed"
"CB.EN.U4EEE22444","Aarav Krishnan","cb.en.u4eee22444@cb.students.amrita.edu","EEE","E","2026","6.06","2","Placed"
"CB.EN.U4EEE22445","Aishwarya Raman","cb.en.u4eee22445@cb.students.amrita.edu","EEE","E","2026","7.84","0","Not Placed"
"CB.EN.U4EEE22446","Pooja Verma","cb.en.u4eee22446@cb.students.amrita.edu","EEE","E","2026","6.79","2","Not Placed"
"CB.EN.U4EEE22447","Rahul Raman","cb.en.u4eee22447@cb.students.amrita.edu","EEE","E","2026","6.56","2","Not Placed"
"CB.EN.U4EEE22448","Meera Kapoor","cb.en.u4eee22448@cb.students.amrita.edu","EEE","E","2026","8.31","2","Not Placed"
"CB.EN.U4EEE22449","Nikhil Chatterjee","cb.en.u4eee22449@cb.students.amrita.edu","EEE","E","2026","8.31","1","Placed"
"CB.EN.U4EEE22450","Akash Raman","cb.en.u4eee22450@cb.students.amrita.edu","EEE","E","2026","9.32","0","Not Placed"
"CB.EN.U4EEE22451","Yash Chatterjee","cb.en.u4eee22451@cb.students.amrita.edu","EEE","E","2026","7.23","2","Placed"
"CB.EN.U4EEE22452","Bhavya Verma","cb.en.u4eee22452@cb.students.amrita.edu","EEE","E","2026","6.82","2","Not Placed"
"CB.EN.U4EEE22453","Aarav Nagarajan","cb.en.u4eee22453@cb.students.amrita.edu","EEE","E","2026","8.54","2","Placed"
"CB.EN.U4EEE22454","Keerthana Iyer","cb.en.u4eee22454@cb.students.amrita.edu","EEE","E","2026","9.25","1","Not Placed"
"CB.EN.U4EEE22455","Zara Shetty","cb.en.u4eee22455@cb.students.amrita.edu","EEE","E","2026","8.27","2","Not Placed"
"CB.EN.U4EEE22456","Varun Gupta","cb.en.u4eee22456@cb.students.amrita.edu","EEE","E","2026","8.43","2","Not Placed"
"CB.EN.U4EEE22457","Pooja Kulkarni","cb.en.u4eee22457@cb.students.amrita.edu","EEE","E","2026","7.94","2","Not Placed"
"CB.EN.U4EEE22458","Lakshmi Krishnan","cb.en.u4eee22458@cb.students.amrita.edu","EEE","E","2026","7.53","2","Placed"
"CB.EN.U4EEE22459","Sanjay Gupta","cb.en.u4eee22459@cb.students.amrita.edu","EEE","E","2026","7.03","1","Placed"
"CB.EN.U4EEE22460","Ananya Krishnan","cb.en.u4eee22460@cb.students.amrita.edu","EEE","E","2026","6.43","2","Placed"
"CB.EN.U4ECE22001","Diya Shetty","cb.en.u4ece22001@cb.students.amrita.edu","ECE","A","2026","7.52","0","Not Placed"
"CB.EN.U4ECE22002","Surya Nagarajan","cb.en.u4ece22002@cb.students.amrita.edu","ECE","A","2026","8.98","2","Not Placed"
"CB.EN.U4ECE22003","Aarav Das","cb.en.u4ece22003@cb.students.amrita.edu","ECE","A","2026","7.42","1","Placed"
"CB.EN.U4ECE22004","Aditya Krishnan","cb.en.u4ece22004@cb.students.amrita.edu","ECE","A","2026","7.73","2","Not Placed"
"CB.EN.U4ECE22005","Aditya Mishra","cb.en.u4ece22005@cb.students.amrita.edu","ECE","A","2026","7.06","0","Placed"
"CB.EN.U4ECE22006","Arya Patel","cb.en.u4ece22006@cb.students.amrita.edu","ECE","A","2026","8.23","0","Placed"
"CB.EN.U4ECE22007","Pooja Kapoor","cb.en.u4ece22007@cb.students.amrita.edu","ECE","A","2026","7.43","2","Placed"
"CB.EN.U4ECE22008","Arya Patel","cb.en.u4ece22008@cb.students.amrita.edu","ECE","A","2026","6.95","2","Placed"
"CB.EN.U4ECE22009","Diya Raman","cb.en.u4ece22009@cb.students.amrita.edu","ECE","A","2026","6.86","1","Placed"
"CB.EN.U4ECE22010","Yash Bose","cb.en.u4ece22010@cb.students.amrita.edu","ECE","A","2026","8.49","2","Placed"
"CB.EN.U4ECE22011","Sanjay Verma","cb.en.u4ece22011@cb.students.amrita.edu","ECE","A","2026","9.03","0","Placed"
"CB.EN.U4ECE22012","Anirudh Das","cb.en.u4ece22012@cb.students.amrita.edu","ECE","A","2026","7.85","1","Not Placed"
"CB.EN.U4ECE22013","Meera Das","cb.en.u4ece22013@cb.students.amrita.edu","ECE","A","2026","9.06","0","Not Placed"
"CB.EN.U4ECE22014","Nikhil Das","cb.en.u4ece22014@cb.students.amrita.edu","ECE","A","2026","9.04","2","Not Placed"
"CB.EN.U4ECE22015","Pooja Nair","cb.en.u4ece22015@cb.students.amrita.edu","ECE","A","2026","8.71","1","Placed"
"CB.EN.U4ECE22016","Tanvi Nagarajan","cb.en.u4ece22016@cb.students.amrita.edu","ECE","A","2026","8.22","1","Not Placed"
"CB.EN.U4ECE22017","Diya Nair","cb.en.u4ece22017@cb.students.amrita.edu","ECE","A","2026","7.08","0","Placed"
"CB.EN.U4ECE22018","Arjun Kulkarni","cb.en.u4ece22018@cb.students.amrita.edu","ECE","A","2026","9.51","0","Not Placed"
"CB.EN.U4ECE22019","Harish Kulkarni","cb.en.u4ece22019@cb.students.amrita.edu","ECE","A","2026","6.57","0","Not Placed"
"CB.EN.U4ECE22020","Rahul Mishra","cb.en.u4ece22020@cb.students.amrita.edu","ECE","A","2026","9.19","1","Not Placed"
"CB.EN.U4ECE22021","Sneha Kulkarni","cb.en.u4ece22021@cb.students.amrita.edu","ECE","A","2026","8.68","1","Placed"
"CB.EN.U4ECE22022","Pooja Joshi","cb.en.u4ece22022@cb.students.amrita.edu","ECE","A","2026","6.49","0","Placed"
"CB.EN.U4ECE22023","Tanvi Chatterjee","cb.en.u4ece22023@cb.students.amrita.edu","ECE","A","2026","8.21","2","Not Placed"
"CB.EN.U4ECE22024","Nikhil Chatterjee","cb.en.u4ece22024@cb.students.amrita.edu","ECE","A","2026","6.94","2","Not Placed"
"CB.EN.U4ECE22025","Sanjay Patel","cb.en.u4ece22025@cb.students.amrita.edu","ECE","A","2026","7.82","1","Not Placed"
"CB.EN.U4ECE22026","Bhavya Pillai","cb.en.u4ece22026@cb.students.amrita.edu","ECE","A","2026","7.02","2","Placed"
"CB.EN.U4ECE22027","Aishwarya Kulkarni","cb.en.u4ece22027@cb.students.amrita.edu","ECE","A","2026","7.66","0","Placed"
"CB.EN.U4ECE22028","Sneha Reddy","cb.en.u4ece22028@cb.students.amrita.edu","ECE","A","2026","6.56","0","Not Placed"
"CB.EN.U4ECE22029","Sanjay Das","cb.en.u4ece22029@cb.students.amrita.edu","ECE","A","2026","9.16","1","Not Placed"
"CB.EN.U4ECE22030","Charan Raman","cb.en.u4ece22030@cb.students.amrita.edu","ECE","A","2026","9.01","1","Not Placed"
"CB.EN.U4ECE22031","Ananya Nair","cb.en.u4ece22031@cb.students.amrita.edu","ECE","A","2026","9.19","0","Not Placed"
"CB.EN.U4ECE22032","Harish Pillai","cb.en.u4ece22032@cb.students.amrita.edu","ECE","A","2026","8.84","2","Not Placed"
"CB.EN.U4ECE22033","Ishaan Nair","cb.en.u4ece22033@cb.students.amrita.edu","ECE","A","2026","6.47","2","Not Placed"
"CB.EN.U4ECE22034","Tanvi Nagarajan","cb.en.u4ece22034@cb.students.amrita.edu","ECE","A","2026","6.17","1","Placed"
"CB.EN.U4ECE22035","Aarav Verma","cb.en.u4ece22035@cb.students.amrita.edu","ECE","A","2026","8.78","0","Not Placed"
"CB.EN.U4ECE22036","Zara Das","cb.en.u4ece22036@cb.students.amrita.edu","ECE","A","2026","7.1","2","Placed"
"CB.EN.U4ECE22037","Vikram Joshi","cb.en.u4ece22037@cb.students.amrita.edu","ECE","A","2026","6.32","0","Placed"
"CB.EN.U4ECE22038","Aditya Joshi","cb.en.u4ece22038@cb.students.amrita.edu","ECE","A","2026","6.72","1","Placed"
"CB.EN.U4ECE22039","Karthik Mishra","cb.en.u4ece22039@cb.students.amrita.edu","ECE","A","2026","6.36","1","Not Placed"
"CB.EN.U4ECE22040","Anirudh Bose","cb.en.u4ece22040@cb.students.amrita.edu","ECE","A","2026","7.56","1","Placed"
"CB.EN.U4ECE22041","Aditya Krishnan","cb.en.u4ece22041@cb.students.amrita.edu","ECE","A","2026","6.59","0","Placed"
"CB.EN.U4ECE22042","Aarav Reddy","cb.en.u4ece22042@cb.students.amrita.edu","ECE","A","2026","7.09","2","Placed"
"CB.EN.U4ECE22043","Janani Shetty","cb.en.u4ece22043@cb.students.amrita.edu","ECE","A","2026","9.15","1","Placed"
"CB.EN.U4ECE22044","Sneha Menon","cb.en.u4ece22044@cb.students.amrita.edu","ECE","A","2026","6.01","0","Not Placed"
"CB.EN.U4ECE22045","Sanjay Gupta","cb.en.u4ece22045@cb.students.amrita.edu","ECE","A","2026","8.58","2","Not Placed"
"CB.EN.U4ECE22046","Surya Iyer","cb.en.u4ece22046@cb.students.amrita.edu","ECE","A","2026","8.43","1","Placed"
"CB.EN.U4ECE22047","Ananya Menon","cb.en.u4ece22047@cb.students.amrita.edu","ECE","A","2026","8.43","2","Not Placed"
"CB.EN.U4ECE22048","Sneha Patel","cb.en.u4ece22048@cb.students.amrita.edu","ECE","A","2026","6.92","2","Placed"
"CB.EN.U4ECE22049","Nikhil Gupta","cb.en.u4ece22049@cb.students.amrita.edu","ECE","A","2026","8.82","1","Not Placed"
"CB.EN.U4ECE22050","Aditya Reddy","cb.en.u4ece22050@cb.students.amrita.edu","ECE","A","2026","8.71","0","Placed"
"CB.EN.U4ECE22051","Zara Krishnan","cb.en.u4ece22051@cb.students.amrita.edu","ECE","A","2026","6.14","0","Not Placed"
"CB.EN.U4ECE22052","Rahul Sharma","cb.en.u4ece22052@cb.students.amrita.edu","ECE","A","2026","7.39","1","Placed"
"CB.EN.U4ECE22053","Janani Mishra","cb.en.u4ece22053@cb.students.amrita.edu","ECE","A","2026","9.82","1","Placed"
"CB.EN.U4ECE22054","Bhavya Sharma","cb.en.u4ece22054@cb.students.amrita.edu","ECE","A","2026","9.68","1","Placed"
"CB.EN.U4ECE22055","Rahul Kapoor","cb.en.u4ece22055@cb.students.amrita.edu","ECE","A","2026","6.37","2","Not Placed"
"CB.EN.U4ECE22056","Harish Iyer","cb.en.u4ece22056@cb.students.amrita.edu","ECE","A","2026","9.43","0","Placed"
"CB.EN.U4ECE22057","Ishaan Kapoor","cb.en.u4ece22057@cb.students.amrita.edu","ECE","A","2026","6.14","2","Not Placed"
"CB.EN.U4ECE22058","Karthik Verma","cb.en.u4ece22058@cb.students.amrita.edu","ECE","A","2026","8.03","0","Not Placed"
"CB.EN.U4ECE22059","Aarav Verma","cb.en.u4ece22059@cb.students.amrita.edu","ECE","A","2026","6.62","0","Placed"
"CB.EN.U4ECE22060","Surya Gupta","cb.en.u4ece22060@cb.students.amrita.edu","ECE","A","2026","7.76","2","Placed"
"CB.EN.U4ECE22101","Varun Krishnan","cb.en.u4ece22101@cb.students.amrita.edu","ECE","B","2026","7.91","1","Placed"
"CB.EN.U4ECE22102","Meera Joshi","cb.en.u4ece22102@cb.students.amrita.edu","ECE","B","2026","7.98","2","Placed"
"CB.EN.U4ECE22103","Karthik Bose","cb.en.u4ece22103@cb.students.amrita.edu","ECE","B","2026","8.17","1","Placed"
"CB.EN.U4ECE22104","Karthik Sharma","cb.en.u4ece22104@cb.students.amrita.edu","ECE","B","2026","8.76","1","Not Placed"
"CB.EN.U4ECE22105","Akash Sharma","cb.en.u4ece22105@cb.students.amrita.edu","ECE","B","2026","6.57","1","Placed"
"CB.EN.U4ECE22106","Riya Kapoor","cb.en.u4ece22106@cb.students.amrita.edu","ECE","B","2026","7.07","0","Not Placed"
"CB.EN.U4ECE22107","Akash Iyer","cb.en.u4ece22107@cb.students.amrita.edu","ECE","B","2026","6.39","2","Not Placed"
"CB.EN.U4ECE22108","Aarav Bose","cb.en.u4ece22108@cb.students.amrita.edu","ECE","B","2026","8.86","0","Placed"
"CB.EN.U4ECE22109","Harish Nair","cb.en.u4ece22109@cb.students.amrita.edu","ECE","B","2026","7.14","0","Not Placed"
"CB.EN.U4ECE22110","Ananya Patel","cb.en.u4ece22110@cb.students.amrita.edu","ECE","B","2026","8.22","1","Placed"
"CB.EN.U4ECE22111","Bhavya Menon","cb.en.u4ece22111@cb.students.amrita.edu","ECE","B","2026","6.43","2","Not Placed"
"CB.EN.U4ECE22112","Akash Iyer","cb.en.u4ece22112@cb.students.amrita.edu","ECE","B","2026","6.22","0","Not Placed"
"CB.EN.U4ECE22113","Charan Gupta","cb.en.u4ece22113@cb.students.amrita.edu","ECE","B","2026","6.66","1","Placed"
"CB.EN.U4ECE22114","Nikhil Sharma","cb.en.u4ece22114@cb.students.amrita.edu","ECE","B","2026","9.42","0","Not Placed"
"CB.EN.U4ECE22115","Bhavya Menon","cb.en.u4ece22115@cb.students.amrita.edu","ECE","B","2026","9.27","1","Not Placed"
"CB.EN.U4ECE22116","Aishwarya Sharma","cb.en.u4ece22116@cb.students.amrita.edu","ECE","B","2026","6.68","1","Not Placed"
"CB.EN.U4ECE22117","Karthik Kapoor","cb.en.u4ece22117@cb.students.amrita.edu","ECE","B","2026","9.02","2","Placed"
"CB.EN.U4ECE22118","Anirudh Reddy","cb.en.u4ece22118@cb.students.amrita.edu","ECE","B","2026","8.06","2","Placed"
"CB.EN.U4ECE22119","Charan Iyer","cb.en.u4ece22119@cb.students.amrita.edu","ECE","B","2026","6.7","1","Placed"
"CB.EN.U4ECE22120","Arya Gupta","cb.en.u4ece22120@cb.students.amrita.edu","ECE","B","2026","7.51","0","Not Placed"
"CB.EN.U4ECE22121","Aarav Iyer","cb.en.u4ece22121@cb.students.amrita.edu","ECE","B","2026","6.95","2","Not Placed"
"CB.EN.U4ECE22122","Charan Nagarajan","cb.en.u4ece22122@cb.students.amrita.edu","ECE","B","2026","7.4","0","Placed"
"CB.EN.U4ECE22123","Karthik Krishnan","cb.en.u4ece22123@cb.students.amrita.edu","ECE","B","2026","6.15","1","Placed"
"CB.EN.U4ECE22124","Rahul Krishnan","cb.en.u4ece22124@cb.students.amrita.edu","ECE","B","2026","9.51","2","Placed"
"CB.EN.U4ECE22125","Diya Patel","cb.en.u4ece22125@cb.students.amrita.edu","ECE","B","2026","9.4","2","Not Placed"
"CB.EN.U4ECE22126","Harish Nair","cb.en.u4ece22126@cb.students.amrita.edu","ECE","B","2026","9.57","0","Placed"
"CB.EN.U4ECE22127","Arjun Verma","cb.en.u4ece22127@cb.students.amrita.edu","ECE","B","2026","8.17","2","Placed"
"CB.EN.U4ECE22128","Anirudh Joshi","cb.en.u4ece22128@cb.students.amrita.edu","ECE","B","2026","8.28","1","Placed"
"CB.EN.U4ECE22129","Nikhil Shetty","cb.en.u4ece22129@cb.students.amrita.edu","ECE","B","2026","6.29","0","Not Placed"
"CB.EN.U4ECE22130","Harish Kapoor","cb.en.u4ece22130@cb.students.amrita.edu","ECE","B","2026","7.75","1","Placed"
"CB.EN.U4ECE22131","Zara Gupta","cb.en.u4ece22131@cb.students.amrita.edu","ECE","B","2026","6.96","1","Placed"
"CB.EN.U4ECE22132","Rahul Sharma","cb.en.u4ece22132@cb.students.amrita.edu","ECE","B","2026","7.46","1","Not Placed"
"CB.EN.U4ECE22133","Rahul Gupta","cb.en.u4ece22133@cb.students.amrita.edu","ECE","B","2026","8.55","0","Not Placed"
"CB.EN.U4ECE22134","Anirudh Pillai","cb.en.u4ece22134@cb.students.amrita.edu","ECE","B","2026","7.38","1","Not Placed"
"CB.EN.U4ECE22135","Aditya Shetty","cb.en.u4ece22135@cb.students.amrita.edu","ECE","B","2026","7.88","0","Not Placed"
"CB.EN.U4ECE22136","Yash Reddy","cb.en.u4ece22136@cb.students.amrita.edu","ECE","B","2026","7.87","0","Placed"
"CB.EN.U4ECE22137","Surya Nair","cb.en.u4ece22137@cb.students.amrita.edu","ECE","B","2026","7.4","1","Placed"
"CB.EN.U4ECE22138","Surya Patel","cb.en.u4ece22138@cb.students.amrita.edu","ECE","B","2026","7.76","2","Not Placed"
"CB.EN.U4ECE22139","Aishwarya Raman","cb.en.u4ece22139@cb.students.amrita.edu","ECE","B","2026","9.71","2","Not Placed"
"CB.EN.U4ECE22140","Arya Sharma","cb.en.u4ece22140@cb.students.amrita.edu","ECE","B","2026","9.66","1","Not Placed"
"CB.EN.U4ECE22141","Meera Shetty","cb.en.u4ece22141@cb.students.amrita.edu","ECE","B","2026","6.04","2","Placed"
"CB.EN.U4ECE22142","Nikhil Joshi","cb.en.u4ece22142@cb.students.amrita.edu","ECE","B","2026","6.24","1","Not Placed"
"CB.EN.U4ECE22143","Rahul Patel","cb.en.u4ece22143@cb.students.amrita.edu","ECE","B","2026","9.23","0","Placed"
"CB.EN.U4ECE22144","Ishaan Krishnan","cb.en.u4ece22144@cb.students.amrita.edu","ECE","B","2026","7.98","0","Not Placed"
"CB.EN.U4ECE22145","Diya Patel","cb.en.u4ece22145@cb.students.amrita.edu","ECE","B","2026","6.76","1","Placed"
"CB.EN.U4ECE22146","Yash Gupta","cb.en.u4ece22146@cb.students.amrita.edu","ECE","B","2026","7.66","1","Placed"
"CB.EN.U4ECE22147","Yash Sharma","cb.en.u4ece22147@cb.students.amrita.edu","ECE","B","2026","6.62","2","Placed"
"CB.EN.U4ECE22148","Aarav Chatterjee","cb.en.u4ece22148@cb.students.amrita.edu","ECE","B","2026","7.99","0","Not Placed"
"CB.EN.U4ECE22149","Sanjay Mishra","cb.en.u4ece22149@cb.students.amrita.edu","ECE","B","2026","8.47","0","Placed"
"CB.EN.U4ECE22150","Nikhil Patel","cb.en.u4ece22150@cb.students.amrita.edu","ECE","B","2026","8.37","0","Placed"
"CB.EN.U4ECE22151","Diya Bose","cb.en.u4ece22151@cb.students.amrita.edu","ECE","B","2026","7.9","0","Not Placed"
"CB.EN.U4ECE22152","Tanvi Krishnan","cb.en.u4ece22152@cb.students.amrita.edu","ECE","B","2026","9.65","0","Not Placed"
"CB.EN.U4ECE22153","Tanvi Krishnan","cb.en.u4ece22153@cb.students.amrita.edu","ECE","B","2026","8.47","1","Not Placed"
"CB.EN.U4ECE22154","Nikhil Pillai","cb.en.u4ece22154@cb.students.amrita.edu","ECE","B","2026","8.25","2","Not Placed"
"CB.EN.U4ECE22155","Aarav Krishnan","cb.en.u4ece22155@cb.students.amrita.edu","ECE","B","2026","6.35","2","Placed"
"CB.EN.U4ECE22156","Akash Krishnan","cb.en.u4ece22156@cb.students.amrita.edu","ECE","B","2026","9.88","2","Placed"
"CB.EN.U4ECE22157","Varun Chatterjee","cb.en.u4ece22157@cb.students.amrita.edu","ECE","B","2026","7.27","0","Placed"
"CB.EN.U4ECE22158","Arya Mishra","cb.en.u4ece22158@cb.students.amrita.edu","ECE","B","2026","7.24","2","Not Placed"
"CB.EN.U4ECE22159","Sanjay Pillai","cb.en.u4ece22159@cb.students.amrita.edu","ECE","B","2026","7.85","1","Placed"
"CB.EN.U4ECE22160","Surya Das","cb.en.u4ece22160@cb.students.amrita.edu","ECE","B","2026","7.23","0","Not Placed"
"CB.EN.U4ECE22201","Lakshmi Nair","cb.en.u4ece22201@cb.students.amrita.edu","ECE","C","2026","7.23","2","Placed"
"CB.EN.U4ECE22202","Arya Patel","cb.en.u4ece22202@cb.students.amrita.edu","ECE","C","2026","9.67","2","Placed"
"CB.EN.U4ECE22203","Harish Patel","cb.en.u4ece22203@cb.students.amrita.edu","ECE","C","2026","7.1","2","Placed"
"CB.EN.U4ECE22204","Sneha Gupta","cb.en.u4ece22204@cb.students.amrita.edu","ECE","C","2026","9.24","1","Placed"
"CB.EN.U4ECE22205","Karthik Mishra","cb.en.u4ece22205@cb.students.amrita.edu","ECE","C","2026","6.79","2","Not Placed"
"CB.EN.U4ECE22206","Riya Kapoor","cb.en.u4ece22206@cb.students.amrita.edu","ECE","C","2026","7.1","1","Not Placed"
"CB.EN.U4ECE22207","Surya Sharma","cb.en.u4ece22207@cb.students.amrita.edu","ECE","C","2026","9.73","2","Not Placed"
"CB.EN.U4ECE22208","Keerthana Pillai","cb.en.u4ece22208@cb.students.amrita.edu","ECE","C","2026","9.29","2","Placed"
"CB.EN.U4ECE22209","Riya Nagarajan","cb.en.u4ece22209@cb.students.amrita.edu","ECE","C","2026","6.69","1","Not Placed"
"CB.EN.U4ECE22210","Janani Raman","cb.en.u4ece22210@cb.students.amrita.edu","ECE","C","2026","7.47","1","Not Placed"
"CB.EN.U4ECE22211","Lakshmi Reddy","cb.en.u4ece22211@cb.students.amrita.edu","ECE","C","2026","6.73","1","Placed"
"CB.EN.U4ECE22212","Bhavya Verma","cb.en.u4ece22212@cb.students.amrita.edu","ECE","C","2026","6.24","2","Placed"
"CB.EN.U4ECE22213","Yash Mishra","cb.en.u4ece22213@cb.students.amrita.edu","ECE","C","2026","6.67","1","Placed"
"CB.EN.U4ECE22214","Lakshmi Das","cb.en.u4ece22214@cb.students.amrita.edu","ECE","C","2026","6.34","1","Not Placed"
"CB.EN.U4ECE22215","Janani Raman","cb.en.u4ece22215@cb.students.amrita.edu","ECE","C","2026","9.42","1","Placed"
"CB.EN.U4ECE22216","Arya Chatterjee","cb.en.u4ece22216@cb.students.amrita.edu","ECE","C","2026","6.31","1","Not Placed"
"CB.EN.U4ECE22217","Aishwarya Shetty","cb.en.u4ece22217@cb.students.amrita.edu","ECE","C","2026","7.95","0","Not Placed"
"CB.EN.U4ECE22218","Harish Kapoor","cb.en.u4ece22218@cb.students.amrita.edu","ECE","C","2026","9.85","2","Placed"
"CB.EN.U4ECE22219","Ananya Kulkarni","cb.en.u4ece22219@cb.students.amrita.edu","ECE","C","2026","6.86","0","Not Placed"
"CB.EN.U4ECE22220","Yash Pillai","cb.en.u4ece22220@cb.students.amrita.edu","ECE","C","2026","6.58","2","Placed"
"CB.EN.U4ECE22221","Pooja Kapoor","cb.en.u4ece22221@cb.students.amrita.edu","ECE","C","2026","6.02","1","Placed"
"CB.EN.U4ECE22222","Arya Patel","cb.en.u4ece22222@cb.students.amrita.edu","ECE","C","2026","8.23","2","Not Placed"
"CB.EN.U4ECE22223","Arya Patel","cb.en.u4ece22223@cb.students.amrita.edu","ECE","C","2026","8.59","2","Placed"
"CB.EN.U4ECE22224","Rahul Reddy","cb.en.u4ece22224@cb.students.amrita.edu","ECE","C","2026","9.78","1","Not Placed"
"CB.EN.U4ECE22225","Ananya Mishra","cb.en.u4ece22225@cb.students.amrita.edu","ECE","C","2026","7.33","0","Not Placed"
"CB.EN.U4ECE22226","Vikram Mishra","cb.en.u4ece22226@cb.students.amrita.edu","ECE","C","2026","9.89","1","Not Placed"
"CB.EN.U4ECE22227","Karthik Sharma","cb.en.u4ece22227@cb.students.amrita.edu","ECE","C","2026","6.69","0","Not Placed"
"CB.EN.U4ECE22228","Yash Raman","cb.en.u4ece22228@cb.students.amrita.edu","ECE","C","2026","7.74","0","Placed"
"CB.EN.U4ECE22229","Anirudh Patel","cb.en.u4ece22229@cb.students.amrita.edu","ECE","C","2026","6.45","0","Placed"
"CB.EN.U4ECE22230","Aarav Raman","cb.en.u4ece22230@cb.students.amrita.edu","ECE","C","2026","7.36","0","Not Placed"
"CB.EN.U4ECE22231","Rahul Nagarajan","cb.en.u4ece22231@cb.students.amrita.edu","ECE","C","2026","8.2","2","Placed"
"CB.EN.U4ECE22232","Anirudh Mishra","cb.en.u4ece22232@cb.students.amrita.edu","ECE","C","2026","8.54","0","Placed"
"CB.EN.U4ECE22233","Akash Shetty","cb.en.u4ece22233@cb.students.amrita.edu","ECE","C","2026","6.73","2","Not Placed"
"CB.EN.U4ECE22234","Sanjay Chatterjee","cb.en.u4ece22234@cb.students.amrita.edu","ECE","C","2026","9.5","2","Placed"
"CB.EN.U4ECE22235","Arjun Mishra","cb.en.u4ece22235@cb.students.amrita.edu","ECE","C","2026","7.55","0","Not Placed"
"CB.EN.U4ECE22236","Tanvi Pillai","cb.en.u4ece22236@cb.students.amrita.edu","ECE","C","2026","7.58","1","Not Placed"
"CB.EN.U4ECE22237","Meera Shetty","cb.en.u4ece22237@cb.students.amrita.edu","ECE","C","2026","8.78","1","Not Placed"
"CB.EN.U4ECE22238","Diya Patel","cb.en.u4ece22238@cb.students.amrita.edu","ECE","C","2026","7.47","2","Not Placed"
"CB.EN.U4ECE22239","Zara Kulkarni","cb.en.u4ece22239@cb.students.amrita.edu","ECE","C","2026","9.02","2","Not Placed"
"CB.EN.U4ECE22240","Karthik Raman","cb.en.u4ece22240@cb.students.amrita.edu","ECE","C","2026","6.82","1","Placed"
"CB.EN.U4ECE22241","Sanjay Nagarajan","cb.en.u4ece22241@cb.students.amrita.edu","ECE","C","2026","8.67","0","Placed"
"CB.EN.U4ECE22242","Harish Krishnan","cb.en.u4ece22242@cb.students.amrita.edu","ECE","C","2026","9.47","2","Not Placed"
"CB.EN.U4ECE22243","Nikhil Iyer","cb.en.u4ece22243@cb.students.amrita.edu","ECE","C","2026","7.62","0","Not Placed"
"CB.EN.U4ECE22244","Sneha Reddy","cb.en.u4ece22244@cb.students.amrita.edu","ECE","C","2026","8.43","1","Not Placed"
"CB.EN.U4ECE22245","Karthik Nair","cb.en.u4ece22245@cb.students.amrita.edu","ECE","C","2026","8.88","0","Placed"
"CB.EN.U4ECE22246","Akash Menon","cb.en.u4ece22246@cb.students.amrita.edu","ECE","C","2026","6.76","0","Not Placed"
"CB.EN.U4ECE22247","Charan Joshi","cb.en.u4ece22247@cb.students.amrita.edu","ECE","C","2026","8.06","2","Not Placed"
"CB.EN.U4ECE22248","Aarav Kapoor","cb.en.u4ece22248@cb.students.amrita.edu","ECE","C","2026","6.83","1","Not Placed"
"CB.EN.U4ECE22249","Sneha Shetty","cb.en.u4ece22249@cb.students.amrita.edu","ECE","C","2026","6.75","2","Placed"
"CB.EN.U4ECE22250","Arya Krishnan","cb.en.u4ece22250@cb.students.amrita.edu","ECE","C","2026","7.26","1","Not Placed"
"CB.EN.U4ECE22251","Aditya Reddy","cb.en.u4ece22251@cb.students.amrita.edu","ECE","C","2026","8.98","1","Not Placed"
"CB.EN.U4ECE22252","Sanjay Das","cb.en.u4ece22252@cb.students.amrita.edu","ECE","C","2026","9","2","Placed"
"CB.EN.U4ECE22253","Aditya Bose","cb.en.u4ece22253@cb.students.amrita.edu","ECE","C","2026","6.59","0","Not Placed"
"CB.EN.U4ECE22254","Zara Nair","cb.en.u4ece22254@cb.students.amrita.edu","ECE","C","2026","7.22","0","Not Placed"
"CB.EN.U4ECE22255","Lakshmi Patel","cb.en.u4ece22255@cb.students.amrita.edu","ECE","C","2026","9.62","1","Placed"
"CB.EN.U4ECE22256","Varun Reddy","cb.en.u4ece22256@cb.students.amrita.edu","ECE","C","2026","9.18","2","Placed"
"CB.EN.U4ECE22257","Lakshmi Menon","cb.en.u4ece22257@cb.students.amrita.edu","ECE","C","2026","6.46","2","Placed"
"CB.EN.U4ECE22258","Arya Iyer","cb.en.u4ece22258@cb.students.amrita.edu","ECE","C","2026","8.6","2","Not Placed"
"CB.EN.U4ECE22259","Varun Krishnan","cb.en.u4ece22259@cb.students.amrita.edu","ECE","C","2026","6.12","1","Not Placed"
"CB.EN.U4ECE22260","Pooja Pillai","cb.en.u4ece22260@cb.students.amrita.edu","ECE","C","2026","6.59","0","Placed"
"CB.EN.U4ECE22301","Diya Nair","cb.en.u4ece22301@cb.students.amrita.edu","ECE","D","2026","6.81","1","Placed"
"CB.EN.U4ECE22302","Akash Iyer","cb.en.u4ece22302@cb.students.amrita.edu","ECE","D","2026","9.47","1","Placed"
"CB.EN.U4ECE22303","Vikram Shetty","cb.en.u4ece22303@cb.students.amrita.edu","ECE","D","2026","7.03","2","Not Placed"
"CB.EN.U4ECE22304","Tanvi Bose","cb.en.u4ece22304@cb.students.amrita.edu","ECE","D","2026","7.66","0","Not Placed"
"CB.EN.U4ECE22305","Keerthana Kulkarni","cb.en.u4ece22305@cb.students.amrita.edu","ECE","D","2026","8.72","2","Not Placed"
"CB.EN.U4ECE22306","Varun Nagarajan","cb.en.u4ece22306@cb.students.amrita.edu","ECE","D","2026","7.93","1","Placed"
"CB.EN.U4ECE22307","Varun Raman","cb.en.u4ece22307@cb.students.amrita.edu","ECE","D","2026","6.27","1","Placed"
"CB.EN.U4ECE22308","Yash Menon","cb.en.u4ece22308@cb.students.amrita.edu","ECE","D","2026","6.44","1","Not Placed"
"CB.EN.U4ECE22309","Arya Iyer","cb.en.u4ece22309@cb.students.amrita.edu","ECE","D","2026","8.68","1","Placed"
"CB.EN.U4ECE22310","Aarav Mishra","cb.en.u4ece22310@cb.students.amrita.edu","ECE","D","2026","7.76","2","Not Placed"
"CB.EN.U4ECE22311","Ananya Pillai","cb.en.u4ece22311@cb.students.amrita.edu","ECE","D","2026","8.86","2","Not Placed"
"CB.EN.U4ECE22312","Sneha Verma","cb.en.u4ece22312@cb.students.amrita.edu","ECE","D","2026","6.06","1","Placed"
"CB.EN.U4ECE22313","Charan Patel","cb.en.u4ece22313@cb.students.amrita.edu","ECE","D","2026","9.62","2","Not Placed"
"CB.EN.U4ECE22314","Arya Nagarajan","cb.en.u4ece22314@cb.students.amrita.edu","ECE","D","2026","9.16","2","Placed"
"CB.EN.U4ECE22315","Sanjay Chatterjee","cb.en.u4ece22315@cb.students.amrita.edu","ECE","D","2026","8.07","1","Placed"
"CB.EN.U4ECE22316","Rahul Verma","cb.en.u4ece22316@cb.students.amrita.edu","ECE","D","2026","9.6","1","Placed"
"CB.EN.U4ECE22317","Tanvi Mishra","cb.en.u4ece22317@cb.students.amrita.edu","ECE","D","2026","8.96","0","Placed"
"CB.EN.U4ECE22318","Varun Gupta","cb.en.u4ece22318@cb.students.amrita.edu","ECE","D","2026","8.07","1","Not Placed"
"CB.EN.U4ECE22319","Zara Nagarajan","cb.en.u4ece22319@cb.students.amrita.edu","ECE","D","2026","7.29","2","Not Placed"
"CB.EN.U4ECE22320","Ishaan Chatterjee","cb.en.u4ece22320@cb.students.amrita.edu","ECE","D","2026","9.85","2","Not Placed"
"CB.EN.U4ECE22321","Meera Reddy","cb.en.u4ece22321@cb.students.amrita.edu","ECE","D","2026","8.14","2","Not Placed"
"CB.EN.U4ECE22322","Meera Raman","cb.en.u4ece22322@cb.students.amrita.edu","ECE","D","2026","9.85","2","Not Placed"
"CB.EN.U4ECE22323","Arjun Bose","cb.en.u4ece22323@cb.students.amrita.edu","ECE","D","2026","7.23","2","Not Placed"
"CB.EN.U4ECE22324","Diya Joshi","cb.en.u4ece22324@cb.students.amrita.edu","ECE","D","2026","7.16","2","Placed"
"CB.EN.U4ECE22325","Nikhil Verma","cb.en.u4ece22325@cb.students.amrita.edu","ECE","D","2026","7.4","0","Placed"
"CB.EN.U4ECE22326","Ananya Menon","cb.en.u4ece22326@cb.students.amrita.edu","ECE","D","2026","9.07","1","Placed"
"CB.EN.U4ECE22327","Ishaan Pillai","cb.en.u4ece22327@cb.students.amrita.edu","ECE","D","2026","6.46","1","Not Placed"
"CB.EN.U4ECE22328","Lakshmi Chatterjee","cb.en.u4ece22328@cb.students.amrita.edu","ECE","D","2026","8.96","2","Placed"
"CB.EN.U4ECE22329","Arya Shetty","cb.en.u4ece22329@cb.students.amrita.edu","ECE","D","2026","8.87","2","Placed"
"CB.EN.U4ECE22330","Arjun Sharma","cb.en.u4ece22330@cb.students.amrita.edu","ECE","D","2026","8.43","1","Placed"
"CB.EN.U4ECE22331","Harish Krishnan","cb.en.u4ece22331@cb.students.amrita.edu","ECE","D","2026","7.63","1","Not Placed"
"CB.EN.U4ECE22332","Rahul Patel","cb.en.u4ece22332@cb.students.amrita.edu","ECE","D","2026","8.93","1","Not Placed"
"CB.EN.U4ECE22333","Vikram Kapoor","cb.en.u4ece22333@cb.students.amrita.edu","ECE","D","2026","8.78","0","Placed"
"CB.EN.U4ECE22334","Arya Nagarajan","cb.en.u4ece22334@cb.students.amrita.edu","ECE","D","2026","8.23","0","Placed"
"CB.EN.U4ECE22335","Aditya Nagarajan","cb.en.u4ece22335@cb.students.amrita.edu","ECE","D","2026","8.38","1","Placed"
"CB.EN.U4ECE22336","Bhavya Das","cb.en.u4ece22336@cb.students.amrita.edu","ECE","D","2026","6.53","1","Placed"
"CB.EN.U4ECE22337","Yash Menon","cb.en.u4ece22337@cb.students.amrita.edu","ECE","D","2026","6.24","0","Not Placed"
"CB.EN.U4ECE22338","Sanjay Nair","cb.en.u4ece22338@cb.students.amrita.edu","ECE","D","2026","7.54","2","Not Placed"
"CB.EN.U4ECE22339","Riya Mishra","cb.en.u4ece22339@cb.students.amrita.edu","ECE","D","2026","8.21","1","Placed"
"CB.EN.U4ECE22340","Harish Nagarajan","cb.en.u4ece22340@cb.students.amrita.edu","ECE","D","2026","6.34","0","Not Placed"
"CB.EN.U4ECE22341","Ishaan Nagarajan","cb.en.u4ece22341@cb.students.amrita.edu","ECE","D","2026","8.52","1","Not Placed"
"CB.EN.U4ECE22342","Varun Iyer","cb.en.u4ece22342@cb.students.amrita.edu","ECE","D","2026","6.3","2","Placed"
"CB.EN.U4ECE22343","Akash Pillai","cb.en.u4ece22343@cb.students.amrita.edu","ECE","D","2026","6.65","2","Placed"
"CB.EN.U4ECE22344","Charan Krishnan","cb.en.u4ece22344@cb.students.amrita.edu","ECE","D","2026","8.41","1","Placed"
"CB.EN.U4ECE22345","Zara Kapoor","cb.en.u4ece22345@cb.students.amrita.edu","ECE","D","2026","8.66","2","Placed"
"CB.EN.U4ECE22346","Nikhil Reddy","cb.en.u4ece22346@cb.students.amrita.edu","ECE","D","2026","7.98","2","Placed"
"CB.EN.U4ECE22347","Harish Das","cb.en.u4ece22347@cb.students.amrita.edu","ECE","D","2026","6.7","2","Placed"
"CB.EN.U4ECE22348","Bhavya Patel","cb.en.u4ece22348@cb.students.amrita.edu","ECE","D","2026","9.37","0","Not Placed"
"CB.EN.U4ECE22349","Zara Nagarajan","cb.en.u4ece22349@cb.students.amrita.edu","ECE","D","2026","6.24","1","Not Placed"
"CB.EN.U4ECE22350","Janani Pillai","cb.en.u4ece22350@cb.students.amrita.edu","ECE","D","2026","8.79","2","Placed"
"CB.EN.U4ECE22351","Arya Kapoor","cb.en.u4ece22351@cb.students.amrita.edu","ECE","D","2026","8.68","0","Not Placed"
"CB.EN.U4ECE22352","Karthik Bose","cb.en.u4ece22352@cb.students.amrita.edu","ECE","D","2026","6.59","0","Not Placed"
"CB.EN.U4ECE22353","Keerthana Das","cb.en.u4ece22353@cb.students.amrita.edu","ECE","D","2026","7.44","2","Not Placed"
"CB.EN.U4ECE22354","Ananya Patel","cb.en.u4ece22354@cb.students.amrita.edu","ECE","D","2026","8.37","1","Placed"
"CB.EN.U4ECE22355","Charan Gupta","cb.en.u4ece22355@cb.students.amrita.edu","ECE","D","2026","7.4","0","Not Placed"
"CB.EN.U4ECE22356","Bhavya Nair","cb.en.u4ece22356@cb.students.amrita.edu","ECE","D","2026","6.13","2","Placed"
"CB.EN.U4ECE22357","Aditya Nair","cb.en.u4ece22357@cb.students.amrita.edu","ECE","D","2026","7.5","1","Not Placed"
"CB.EN.U4ECE22358","Lakshmi Nair","cb.en.u4ece22358@cb.students.amrita.edu","ECE","D","2026","9.83","1","Placed"
"CB.EN.U4ECE22359","Rahul Das","cb.en.u4ece22359@cb.students.amrita.edu","ECE","D","2026","9.72","1","Not Placed"
"CB.EN.U4ECE22360","Varun Verma","cb.en.u4ece22360@cb.students.amrita.edu","ECE","D","2026","7.09","2","Placed"
"CB.EN.U4ECE22401","Nikhil Reddy","cb.en.u4ece22401@cb.students.amrita.edu","ECE","E","2026","6.8","2","Placed"
"CB.EN.U4ECE22402","Meera Chatterjee","cb.en.u4ece22402@cb.students.amrita.edu","ECE","E","2026","9.24","1","Placed"
"CB.EN.U4ECE22403","Sanjay Nagarajan","cb.en.u4ece22403@cb.students.amrita.edu","ECE","E","2026","6.34","2","Not Placed"
"CB.EN.U4ECE22404","Yash Pillai","cb.en.u4ece22404@cb.students.amrita.edu","ECE","E","2026","9.01","1","Not Placed"
"CB.EN.U4ECE22405","Varun Pillai","cb.en.u4ece22405@cb.students.amrita.edu","ECE","E","2026","7.24","1","Not Placed"
"CB.EN.U4ECE22406","Rahul Menon","cb.en.u4ece22406@cb.students.amrita.edu","ECE","E","2026","8.04","2","Not Placed"
"CB.EN.U4ECE22407","Rahul Nair","cb.en.u4ece22407@cb.students.amrita.edu","ECE","E","2026","6.03","0","Not Placed"
"CB.EN.U4ECE22408","Zara Pillai","cb.en.u4ece22408@cb.students.amrita.edu","ECE","E","2026","8.63","1","Placed"
"CB.EN.U4ECE22409","Surya Krishnan","cb.en.u4ece22409@cb.students.amrita.edu","ECE","E","2026","7.25","1","Placed"
"CB.EN.U4ECE22410","Arjun Kapoor","cb.en.u4ece22410@cb.students.amrita.edu","ECE","E","2026","8.89","0","Not Placed"
"CB.EN.U4ECE22411","Nikhil Gupta","cb.en.u4ece22411@cb.students.amrita.edu","ECE","E","2026","9.63","2","Placed"
"CB.EN.U4ECE22412","Tanvi Joshi","cb.en.u4ece22412@cb.students.amrita.edu","ECE","E","2026","8.55","1","Placed"
"CB.EN.U4ECE22413","Harish Sharma","cb.en.u4ece22413@cb.students.amrita.edu","ECE","E","2026","8.72","0","Not Placed"
"CB.EN.U4ECE22414","Vikram Sharma","cb.en.u4ece22414@cb.students.amrita.edu","ECE","E","2026","8.06","1","Placed"
"CB.EN.U4ECE22415","Karthik Nair","cb.en.u4ece22415@cb.students.amrita.edu","ECE","E","2026","7.27","2","Placed"
"CB.EN.U4ECE22416","Arya Verma","cb.en.u4ece22416@cb.students.amrita.edu","ECE","E","2026","7.91","1","Placed"
"CB.EN.U4ECE22417","Janani Nair","cb.en.u4ece22417@cb.students.amrita.edu","ECE","E","2026","7.27","1","Placed"
"CB.EN.U4ECE22418","Aishwarya Verma","cb.en.u4ece22418@cb.students.amrita.edu","ECE","E","2026","8.58","2","Placed"
"CB.EN.U4ECE22419","Aditya Verma","cb.en.u4ece22419@cb.students.amrita.edu","ECE","E","2026","9.89","1","Placed"
"CB.EN.U4ECE22420","Sneha Sharma","cb.en.u4ece22420@cb.students.amrita.edu","ECE","E","2026","8.39","2","Placed"
"CB.EN.U4ECE22421","Sneha Sharma","cb.en.u4ece22421@cb.students.amrita.edu","ECE","E","2026","8.01","2","Not Placed"
"CB.EN.U4ECE22422","Karthik Kulkarni","cb.en.u4ece22422@cb.students.amrita.edu","ECE","E","2026","7.06","0","Placed"
"CB.EN.U4ECE22423","Yash Verma","cb.en.u4ece22423@cb.students.amrita.edu","ECE","E","2026","9.86","1","Not Placed"
"CB.EN.U4ECE22424","Arya Das","cb.en.u4ece22424@cb.students.amrita.edu","ECE","E","2026","9.2","1","Placed"
"CB.EN.U4ECE22425","Diya Bose","cb.en.u4ece22425@cb.students.amrita.edu","ECE","E","2026","7.9","1","Placed"
"CB.EN.U4ECE22426","Arjun Iyer","cb.en.u4ece22426@cb.students.amrita.edu","ECE","E","2026","9.22","0","Not Placed"
"CB.EN.U4ECE22427","Vikram Mishra","cb.en.u4ece22427@cb.students.amrita.edu","ECE","E","2026","8.36","0","Not Placed"
"CB.EN.U4ECE22428","Bhavya Verma","cb.en.u4ece22428@cb.students.amrita.edu","ECE","E","2026","8.64","1","Not Placed"
"CB.EN.U4ECE22429","Varun Kapoor","cb.en.u4ece22429@cb.students.amrita.edu","ECE","E","2026","8.91","2","Placed"
"CB.EN.U4ECE22430","Vikram Iyer","cb.en.u4ece22430@cb.students.amrita.edu","ECE","E","2026","6.48","0","Placed"
"CB.EN.U4ECE22431","Ananya Sharma","cb.en.u4ece22431@cb.students.amrita.edu","ECE","E","2026","6.13","1","Placed"
"CB.EN.U4ECE22432","Lakshmi Nair","cb.en.u4ece22432@cb.students.amrita.edu","ECE","E","2026","6.71","1","Placed"
"CB.EN.U4ECE22433","Aditya Raman","cb.en.u4ece22433@cb.students.amrita.edu","ECE","E","2026","6.45","1","Placed"
"CB.EN.U4ECE22434","Aishwarya Verma","cb.en.u4ece22434@cb.students.amrita.edu","ECE","E","2026","6.4","2","Not Placed"
"CB.EN.U4ECE22435","Arya Shetty","cb.en.u4ece22435@cb.students.amrita.edu","ECE","E","2026","8.51","2","Not Placed"
"CB.EN.U4ECE22436","Surya Das","cb.en.u4ece22436@cb.students.amrita.edu","ECE","E","2026","9.13","2","Placed"
"CB.EN.U4ECE22437","Tanvi Krishnan","cb.en.u4ece22437@cb.students.amrita.edu","ECE","E","2026","8.32","1","Placed"
"CB.EN.U4ECE22438","Karthik Kulkarni","cb.en.u4ece22438@cb.students.amrita.edu","ECE","E","2026","9.33","0","Placed"
"CB.EN.U4ECE22439","Ishaan Nagarajan","cb.en.u4ece22439@cb.students.amrita.edu","ECE","E","2026","9.2","0","Placed"
"CB.EN.U4ECE22440","Arya Nair","cb.en.u4ece22440@cb.students.amrita.edu","ECE","E","2026","7.02","0","Not Placed"
"CB.EN.U4ECE22441","Nikhil Iyer","cb.en.u4ece22441@cb.students.amrita.edu","ECE","E","2026","9.68","2","Not Placed"
"CB.EN.U4ECE22442","Sneha Joshi","cb.en.u4ece22442@cb.students.amrita.edu","ECE","E","2026","7.87","1","Not Placed"
"CB.EN.U4ECE22443","Sanjay Kapoor","cb.en.u4ece22443@cb.students.amrita.edu","ECE","E","2026","7.08","2","Placed"
"CB.EN.U4ECE22444","Harish Chatterjee","cb.en.u4ece22444@cb.students.amrita.edu","ECE","E","2026","9.22","0","Placed"
"CB.EN.U4ECE22445","Ishaan Joshi","cb.en.u4ece22445@cb.students.amrita.edu","ECE","E","2026","7.5","0","Placed"
"CB.EN.U4ECE22446","Arya Nagarajan","cb.en.u4ece22446@cb.students.amrita.edu","ECE","E","2026","9.44","2","Placed"
"CB.EN.U4ECE22447","Arya Shetty","cb.en.u4ece22447@cb.students.amrita.edu","ECE","E","2026","6.78","1","Not Placed"
"CB.EN.U4ECE22448","Akash Iyer","cb.en.u4ece22448@cb.students.amrita.edu","ECE","E","2026","7.45","2","Not Placed"
"CB.EN.U4ECE22449","Aarav Verma","cb.en.u4ece22449@cb.students.amrita.edu","ECE","E","2026","9.22","1","Placed"
"CB.EN.U4ECE22450","Charan Shetty","cb.en.u4ece22450@cb.students.amrita.edu","ECE","E","2026","8.68","1","Not Placed"
"CB.EN.U4ECE22451","Charan Bose","cb.en.u4ece22451@cb.students.amrita.edu","ECE","E","2026","6.01","1","Placed"
"CB.EN.U4ECE22452","Keerthana Sharma","cb.en.u4ece22452@cb.students.amrita.edu","ECE","E","2026","6.56","1","Placed"
"CB.EN.U4ECE22453","Diya Pillai","cb.en.u4ece22453@cb.students.amrita.edu","ECE","E","2026","9.13","0","Placed"
"CB.EN.U4ECE22454","Keerthana Reddy","cb.en.u4ece22454@cb.students.amrita.edu","ECE","E","2026","9.78","2","Placed"
"CB.EN.U4ECE22455","Sneha Nair","cb.en.u4ece22455@cb.students.amrita.edu","ECE","E","2026","9.31","2","Not Placed"
"CB.EN.U4ECE22456","Sanjay Pillai","cb.en.u4ece22456@cb.students.amrita.edu","ECE","E","2026","9.76","1","Placed"
"CB.EN.U4ECE22457","Vikram Kulkarni","cb.en.u4ece22457@cb.students.amrita.edu","ECE","E","2026","8.42","2","Not Placed"
"CB.EN.U4ECE22458","Zara Verma","cb.en.u4ece22458@cb.students.amrita.edu","ECE","E","2026","7.31","0","Placed"
"CB.EN.U4ECE22459","Surya Joshi","cb.en.u4ece22459@cb.students.amrita.edu","ECE","E","2026","7.57","1","Placed"
"CB.EN.U4ECE22460","Keerthana Nair","cb.en.u4ece22460@cb.students.amrita.edu","ECE","E","2026","6.86","2","Not Placed"
"CB.EN.U4MEE22001","Lakshmi Das","cb.en.u4mee22001@cb.students.amrita.edu","MEE","A","2026","9.58","1","Not Placed"
"CB.EN.U4MEE22002","Charan Nair","cb.en.u4mee22002@cb.students.amrita.edu","MEE","A","2026","8.95","0","Not Placed"
"CB.EN.U4MEE22003","Lakshmi Pillai","cb.en.u4mee22003@cb.students.amrita.edu","MEE","A","2026","6.56","2","Placed"
"CB.EN.U4MEE22004","Sneha Patel","cb.en.u4mee22004@cb.students.amrita.edu","MEE","A","2026","7.35","0","Not Placed"
"CB.EN.U4MEE22005","Akash Nair","cb.en.u4mee22005@cb.students.amrita.edu","MEE","A","2026","7.4","0","Placed"
"CB.EN.U4MEE22006","Karthik Menon","cb.en.u4mee22006@cb.students.amrita.edu","MEE","A","2026","6.68","2","Placed"
"CB.EN.U4MEE22007","Aarav Nair","cb.en.u4mee22007@cb.students.amrita.edu","MEE","A","2026","6.91","1","Placed"
"CB.EN.U4MEE22008","Akash Joshi","cb.en.u4mee22008@cb.students.amrita.edu","MEE","A","2026","7.76","0","Placed"
"CB.EN.U4MEE22009","Aditya Verma","cb.en.u4mee22009@cb.students.amrita.edu","MEE","A","2026","7.93","2","Placed"
"CB.EN.U4MEE22010","Meera Das","cb.en.u4mee22010@cb.students.amrita.edu","MEE","A","2026","7.44","1","Not Placed"
"CB.EN.U4MEE22011","Lakshmi Chatterjee","cb.en.u4mee22011@cb.students.amrita.edu","MEE","A","2026","6.88","2","Placed"
"CB.EN.U4MEE22012","Meera Gupta","cb.en.u4mee22012@cb.students.amrita.edu","MEE","A","2026","8.23","1","Placed"
"CB.EN.U4MEE22013","Tanvi Chatterjee","cb.en.u4mee22013@cb.students.amrita.edu","MEE","A","2026","7.19","0","Not Placed"
"CB.EN.U4MEE22014","Rahul Chatterjee","cb.en.u4mee22014@cb.students.amrita.edu","MEE","A","2026","7.57","2","Placed"
"CB.EN.U4MEE22015","Lakshmi Bose","cb.en.u4mee22015@cb.students.amrita.edu","MEE","A","2026","8.77","1","Not Placed"
"CB.EN.U4MEE22016","Riya Chatterjee","cb.en.u4mee22016@cb.students.amrita.edu","MEE","A","2026","8.78","2","Placed"
"CB.EN.U4MEE22017","Varun Raman","cb.en.u4mee22017@cb.students.amrita.edu","MEE","A","2026","8.31","2","Not Placed"
"CB.EN.U4MEE22018","Nikhil Mishra","cb.en.u4mee22018@cb.students.amrita.edu","MEE","A","2026","6.96","0","Placed"
"CB.EN.U4MEE22019","Janani Mishra","cb.en.u4mee22019@cb.students.amrita.edu","MEE","A","2026","8.34","1","Not Placed"
"CB.EN.U4MEE22020","Aishwarya Joshi","cb.en.u4mee22020@cb.students.amrita.edu","MEE","A","2026","7.66","1","Placed"
"CB.EN.U4MEE22021","Arjun Das","cb.en.u4mee22021@cb.students.amrita.edu","MEE","A","2026","6.93","0","Not Placed"
"CB.EN.U4MEE22022","Nikhil Menon","cb.en.u4mee22022@cb.students.amrita.edu","MEE","A","2026","8.77","2","Placed"
"CB.EN.U4MEE22023","Janani Sharma","cb.en.u4mee22023@cb.students.amrita.edu","MEE","A","2026","9.31","2","Not Placed"
"CB.EN.U4MEE22024","Sanjay Kapoor","cb.en.u4mee22024@cb.students.amrita.edu","MEE","A","2026","8.35","1","Not Placed"
"CB.EN.U4MEE22025","Meera Chatterjee","cb.en.u4mee22025@cb.students.amrita.edu","MEE","A","2026","8.09","1","Placed"
"CB.EN.U4MEE22026","Tanvi Bose","cb.en.u4mee22026@cb.students.amrita.edu","MEE","A","2026","9.39","2","Not Placed"
"CB.EN.U4MEE22027","Aarav Raman","cb.en.u4mee22027@cb.students.amrita.edu","MEE","A","2026","9.67","2","Placed"
"CB.EN.U4MEE22028","Arya Menon","cb.en.u4mee22028@cb.students.amrita.edu","MEE","A","2026","7.56","2","Placed"
"CB.EN.U4MEE22029","Ananya Kulkarni","cb.en.u4mee22029@cb.students.amrita.edu","MEE","A","2026","6.72","2","Not Placed"
"CB.EN.U4MEE22030","Anirudh Shetty","cb.en.u4mee22030@cb.students.amrita.edu","MEE","A","2026","7.38","0","Placed"
"CB.EN.U4MEE22031","Sneha Iyer","cb.en.u4mee22031@cb.students.amrita.edu","MEE","A","2026","7.4","1","Placed"
"CB.EN.U4MEE22032","Sneha Raman","cb.en.u4mee22032@cb.students.amrita.edu","MEE","A","2026","6.5","2","Not Placed"
"CB.EN.U4MEE22033","Aishwarya Kulkarni","cb.en.u4mee22033@cb.students.amrita.edu","MEE","A","2026","6.29","2","Placed"
"CB.EN.U4MEE22034","Lakshmi Menon","cb.en.u4mee22034@cb.students.amrita.edu","MEE","A","2026","9.56","2","Placed"
"CB.EN.U4MEE22035","Tanvi Krishnan","cb.en.u4mee22035@cb.students.amrita.edu","MEE","A","2026","7.17","2","Placed"
"CB.EN.U4MEE22036","Anirudh Nagarajan","cb.en.u4mee22036@cb.students.amrita.edu","MEE","A","2026","9.77","2","Not Placed"
"CB.EN.U4MEE22037","Keerthana Gupta","cb.en.u4mee22037@cb.students.amrita.edu","MEE","A","2026","7.07","2","Placed"
"CB.EN.U4MEE22038","Nikhil Mishra","cb.en.u4mee22038@cb.students.amrita.edu","MEE","A","2026","9.24","2","Not Placed"
"CB.EN.U4MEE22039","Arya Bose","cb.en.u4mee22039@cb.students.amrita.edu","MEE","A","2026","7.24","2","Not Placed"
"CB.EN.U4MEE22040","Tanvi Reddy","cb.en.u4mee22040@cb.students.amrita.edu","MEE","A","2026","7.43","2","Not Placed"
"CB.EN.U4MEE22041","Arjun Mishra","cb.en.u4mee22041@cb.students.amrita.edu","MEE","A","2026","9.59","1","Placed"
"CB.EN.U4MEE22042","Nikhil Sharma","cb.en.u4mee22042@cb.students.amrita.edu","MEE","A","2026","7.63","0","Not Placed"
"CB.EN.U4MEE22043","Diya Verma","cb.en.u4mee22043@cb.students.amrita.edu","MEE","A","2026","7.39","0","Not Placed"
"CB.EN.U4MEE22044","Charan Sharma","cb.en.u4mee22044@cb.students.amrita.edu","MEE","A","2026","9.48","0","Placed"
"CB.EN.U4MEE22045","Rahul Raman","cb.en.u4mee22045@cb.students.amrita.edu","MEE","A","2026","8.52","2","Not Placed"
"CB.EN.U4MEE22046","Zara Verma","cb.en.u4mee22046@cb.students.amrita.edu","MEE","A","2026","8.42","0","Placed"
"CB.EN.U4MEE22047","Pooja Raman","cb.en.u4mee22047@cb.students.amrita.edu","MEE","A","2026","7.69","0","Placed"
"CB.EN.U4MEE22048","Janani Mishra","cb.en.u4mee22048@cb.students.amrita.edu","MEE","A","2026","8.01","1","Placed"
"CB.EN.U4MEE22049","Tanvi Nagarajan","cb.en.u4mee22049@cb.students.amrita.edu","MEE","A","2026","6.14","1","Placed"
"CB.EN.U4MEE22050","Aarav Shetty","cb.en.u4mee22050@cb.students.amrita.edu","MEE","A","2026","9.66","2","Placed"
"CB.EN.U4MEE22051","Harish Shetty","cb.en.u4mee22051@cb.students.amrita.edu","MEE","A","2026","8.06","2","Not Placed"
"CB.EN.U4MEE22052","Bhavya Kulkarni","cb.en.u4mee22052@cb.students.amrita.edu","MEE","A","2026","6.06","0","Not Placed"
"CB.EN.U4MEE22053","Yash Iyer","cb.en.u4mee22053@cb.students.amrita.edu","MEE","A","2026","8.42","2","Not Placed"
"CB.EN.U4MEE22054","Pooja Patel","cb.en.u4mee22054@cb.students.amrita.edu","MEE","A","2026","6.38","1","Placed"
"CB.EN.U4MEE22055","Karthik Krishnan","cb.en.u4mee22055@cb.students.amrita.edu","MEE","A","2026","7.9","0","Not Placed"
"CB.EN.U4MEE22056","Riya Joshi","cb.en.u4mee22056@cb.students.amrita.edu","MEE","A","2026","6.24","1","Not Placed"
"CB.EN.U4MEE22057","Yash Raman","cb.en.u4mee22057@cb.students.amrita.edu","MEE","A","2026","8.52","0","Placed"
"CB.EN.U4MEE22058","Varun Bose","cb.en.u4mee22058@cb.students.amrita.edu","MEE","A","2026","7.9","0","Not Placed"
"CB.EN.U4MEE22059","Janani Chatterjee","cb.en.u4mee22059@cb.students.amrita.edu","MEE","A","2026","7.06","1","Not Placed"
"CB.EN.U4MEE22060","Diya Bose","cb.en.u4mee22060@cb.students.amrita.edu","MEE","A","2026","7.44","2","Placed"
"CB.EN.U4MEE22101","Aishwarya Mishra","cb.en.u4mee22101@cb.students.amrita.edu","MEE","B","2026","7.56","2","Not Placed"
"CB.EN.U4MEE22102","Aditya Krishnan","cb.en.u4mee22102@cb.students.amrita.edu","MEE","B","2026","9.2","2","Placed"
"CB.EN.U4MEE22103","Nikhil Nagarajan","cb.en.u4mee22103@cb.students.amrita.edu","MEE","B","2026","9.23","1","Placed"
"CB.EN.U4MEE22104","Arjun Pillai","cb.en.u4mee22104@cb.students.amrita.edu","MEE","B","2026","9.38","2","Placed"
"CB.EN.U4MEE22105","Rahul Reddy","cb.en.u4mee22105@cb.students.amrita.edu","MEE","B","2026","9.33","1","Not Placed"
"CB.EN.U4MEE22106","Zara Nair","cb.en.u4mee22106@cb.students.amrita.edu","MEE","B","2026","7.77","2","Placed"
"CB.EN.U4MEE22107","Aishwarya Gupta","cb.en.u4mee22107@cb.students.amrita.edu","MEE","B","2026","9.14","1","Placed"
"CB.EN.U4MEE22108","Varun Kapoor","cb.en.u4mee22108@cb.students.amrita.edu","MEE","B","2026","9.1","1","Placed"
"CB.EN.U4MEE22109","Charan Das","cb.en.u4mee22109@cb.students.amrita.edu","MEE","B","2026","6.85","0","Not Placed"
"CB.EN.U4MEE22110","Varun Menon","cb.en.u4mee22110@cb.students.amrita.edu","MEE","B","2026","7.25","1","Not Placed"
"CB.EN.U4MEE22111","Meera Menon","cb.en.u4mee22111@cb.students.amrita.edu","MEE","B","2026","7.71","2","Placed"
"CB.EN.U4MEE22112","Aditya Das","cb.en.u4mee22112@cb.students.amrita.edu","MEE","B","2026","7.55","1","Not Placed"
"CB.EN.U4MEE22113","Karthik Sharma","cb.en.u4mee22113@cb.students.amrita.edu","MEE","B","2026","9.22","2","Not Placed"
"CB.EN.U4MEE22114","Lakshmi Das","cb.en.u4mee22114@cb.students.amrita.edu","MEE","B","2026","9.85","1","Not Placed"
"CB.EN.U4MEE22115","Aditya Raman","cb.en.u4mee22115@cb.students.amrita.edu","MEE","B","2026","7.1","2","Placed"
"CB.EN.U4MEE22116","Aarav Sharma","cb.en.u4mee22116@cb.students.amrita.edu","MEE","B","2026","7.46","1","Placed"
"CB.EN.U4MEE22117","Aishwarya Verma","cb.en.u4mee22117@cb.students.amrita.edu","MEE","B","2026","6.64","2","Not Placed"
"CB.EN.U4MEE22118","Surya Raman","cb.en.u4mee22118@cb.students.amrita.edu","MEE","B","2026","8.73","1","Placed"
"CB.EN.U4MEE22119","Surya Pillai","cb.en.u4mee22119@cb.students.amrita.edu","MEE","B","2026","6.37","0","Not Placed"
"CB.EN.U4MEE22120","Pooja Shetty","cb.en.u4mee22120@cb.students.amrita.edu","MEE","B","2026","8.07","1","Not Placed"
"CB.EN.U4MEE22121","Diya Das","cb.en.u4mee22121@cb.students.amrita.edu","MEE","B","2026","6.31","0","Placed"
"CB.EN.U4MEE22122","Keerthana Iyer","cb.en.u4mee22122@cb.students.amrita.edu","MEE","B","2026","6.67","0","Not Placed"
"CB.EN.U4MEE22123","Nikhil Kulkarni","cb.en.u4mee22123@cb.students.amrita.edu","MEE","B","2026","9.35","2","Placed"
"CB.EN.U4MEE22124","Lakshmi Mishra","cb.en.u4mee22124@cb.students.amrita.edu","MEE","B","2026","8.4","2","Placed"
"CB.EN.U4MEE22125","Rahul Das","cb.en.u4mee22125@cb.students.amrita.edu","MEE","B","2026","9.16","0","Not Placed"
"CB.EN.U4MEE22126","Diya Kapoor","cb.en.u4mee22126@cb.students.amrita.edu","MEE","B","2026","7.96","2","Not Placed"
"CB.EN.U4MEE22127","Pooja Bose","cb.en.u4mee22127@cb.students.amrita.edu","MEE","B","2026","6.56","1","Placed"
"CB.EN.U4MEE22128","Surya Bose","cb.en.u4mee22128@cb.students.amrita.edu","MEE","B","2026","6.91","0","Placed"
"CB.EN.U4MEE22129","Lakshmi Menon","cb.en.u4mee22129@cb.students.amrita.edu","MEE","B","2026","6.32","2","Not Placed"
"CB.EN.U4MEE22130","Arya Joshi","cb.en.u4mee22130@cb.students.amrita.edu","MEE","B","2026","8.14","0","Not Placed"
"CB.EN.U4MEE22131","Sneha Raman","cb.en.u4mee22131@cb.students.amrita.edu","MEE","B","2026","6.47","2","Not Placed"
"CB.EN.U4MEE22132","Aarav Mishra","cb.en.u4mee22132@cb.students.amrita.edu","MEE","B","2026","6.7","2","Placed"
"CB.EN.U4MEE22133","Vikram Iyer","cb.en.u4mee22133@cb.students.amrita.edu","MEE","B","2026","8.54","2","Not Placed"
"CB.EN.U4MEE22134","Aishwarya Patel","cb.en.u4mee22134@cb.students.amrita.edu","MEE","B","2026","6.04","0","Not Placed"
"CB.EN.U4MEE22135","Charan Menon","cb.en.u4mee22135@cb.students.amrita.edu","MEE","B","2026","7.82","0","Not Placed"
"CB.EN.U4MEE22136","Meera Iyer","cb.en.u4mee22136@cb.students.amrita.edu","MEE","B","2026","7.24","0","Placed"
"CB.EN.U4MEE22137","Anirudh Bose","cb.en.u4mee22137@cb.students.amrita.edu","MEE","B","2026","9.48","0","Not Placed"
"CB.EN.U4MEE22138","Sneha Iyer","cb.en.u4mee22138@cb.students.amrita.edu","MEE","B","2026","8.52","0","Placed"
"CB.EN.U4MEE22139","Vikram Sharma","cb.en.u4mee22139@cb.students.amrita.edu","MEE","B","2026","9.42","2","Not Placed"
"CB.EN.U4MEE22140","Arjun Joshi","cb.en.u4mee22140@cb.students.amrita.edu","MEE","B","2026","8.16","2","Not Placed"
"CB.EN.U4MEE22141","Arjun Kulkarni","cb.en.u4mee22141@cb.students.amrita.edu","MEE","B","2026","9.18","2","Placed"
"CB.EN.U4MEE22142","Harish Joshi","cb.en.u4mee22142@cb.students.amrita.edu","MEE","B","2026","7.36","1","Placed"
"CB.EN.U4MEE22143","Arjun Nagarajan","cb.en.u4mee22143@cb.students.amrita.edu","MEE","B","2026","8.55","0","Not Placed"
"CB.EN.U4MEE22144","Nikhil Iyer","cb.en.u4mee22144@cb.students.amrita.edu","MEE","B","2026","8.32","2","Not Placed"
"CB.EN.U4MEE22145","Diya Kapoor","cb.en.u4mee22145@cb.students.amrita.edu","MEE","B","2026","8.27","0","Placed"
"CB.EN.U4MEE22146","Bhavya Kulkarni","cb.en.u4mee22146@cb.students.amrita.edu","MEE","B","2026","9.75","1","Placed"
"CB.EN.U4MEE22147","Riya Patel","cb.en.u4mee22147@cb.students.amrita.edu","MEE","B","2026","7.89","0","Not Placed"
"CB.EN.U4MEE22148","Sneha Das","cb.en.u4mee22148@cb.students.amrita.edu","MEE","B","2026","9.63","0","Placed"
"CB.EN.U4MEE22149","Aarav Patel","cb.en.u4mee22149@cb.students.amrita.edu","MEE","B","2026","9.24","1","Placed"
"CB.EN.U4MEE22150","Aarav Das","cb.en.u4mee22150@cb.students.amrita.edu","MEE","B","2026","6.48","1","Not Placed"
"CB.EN.U4MEE22151","Aditya Krishnan","cb.en.u4mee22151@cb.students.amrita.edu","MEE","B","2026","8.3","1","Not Placed"
"CB.EN.U4MEE22152","Arya Sharma","cb.en.u4mee22152@cb.students.amrita.edu","MEE","B","2026","9.82","1","Not Placed"
"CB.EN.U4MEE22153","Aarav Krishnan","cb.en.u4mee22153@cb.students.amrita.edu","MEE","B","2026","6.53","2","Placed"
"CB.EN.U4MEE22154","Ananya Joshi","cb.en.u4mee22154@cb.students.amrita.edu","MEE","B","2026","9.61","2","Not Placed"
"CB.EN.U4MEE22155","Diya Raman","cb.en.u4mee22155@cb.students.amrita.edu","MEE","B","2026","6.82","0","Placed"
"CB.EN.U4MEE22156","Pooja Krishnan","cb.en.u4mee22156@cb.students.amrita.edu","MEE","B","2026","6.84","0","Not Placed"
"CB.EN.U4MEE22157","Diya Sharma","cb.en.u4mee22157@cb.students.amrita.edu","MEE","B","2026","8.76","0","Placed"
"CB.EN.U4MEE22158","Charan Joshi","cb.en.u4mee22158@cb.students.amrita.edu","MEE","B","2026","7","2","Not Placed"
"CB.EN.U4MEE22159","Diya Verma","cb.en.u4mee22159@cb.students.amrita.edu","MEE","B","2026","8.5","1","Not Placed"
"CB.EN.U4MEE22160","Sanjay Bose","cb.en.u4mee22160@cb.students.amrita.edu","MEE","B","2026","8","2","Placed"
"CB.EN.U4MEE22201","Keerthana Sharma","cb.en.u4mee22201@cb.students.amrita.edu","MEE","C","2026","9.19","1","Not Placed"
"CB.EN.U4MEE22202","Janani Pillai","cb.en.u4mee22202@cb.students.amrita.edu","MEE","C","2026","7.23","2","Not Placed"
"CB.EN.U4MEE22203","Arjun Krishnan","cb.en.u4mee22203@cb.students.amrita.edu","MEE","C","2026","9.23","1","Placed"
"CB.EN.U4MEE22204","Aarav Krishnan","cb.en.u4mee22204@cb.students.amrita.edu","MEE","C","2026","9.66","0","Placed"
"CB.EN.U4MEE22205","Varun Reddy","cb.en.u4mee22205@cb.students.amrita.edu","MEE","C","2026","7.95","0","Not Placed"
"CB.EN.U4MEE22206","Varun Reddy","cb.en.u4mee22206@cb.students.amrita.edu","MEE","C","2026","6.43","0","Not Placed"
"CB.EN.U4MEE22207","Janani Menon","cb.en.u4mee22207@cb.students.amrita.edu","MEE","C","2026","6.76","2","Placed"
"CB.EN.U4MEE22208","Aditya Joshi","cb.en.u4mee22208@cb.students.amrita.edu","MEE","C","2026","6.21","1","Not Placed"
"CB.EN.U4MEE22209","Vikram Nagarajan","cb.en.u4mee22209@cb.students.amrita.edu","MEE","C","2026","9.53","1","Not Placed"
"CB.EN.U4MEE22210","Yash Patel","cb.en.u4mee22210@cb.students.amrita.edu","MEE","C","2026","8.36","1","Not Placed"
"CB.EN.U4MEE22211","Meera Gupta","cb.en.u4mee22211@cb.students.amrita.edu","MEE","C","2026","6.83","2","Placed"
"CB.EN.U4MEE22212","Sanjay Mishra","cb.en.u4mee22212@cb.students.amrita.edu","MEE","C","2026","6.94","1","Not Placed"
"CB.EN.U4MEE22213","Bhavya Krishnan","cb.en.u4mee22213@cb.students.amrita.edu","MEE","C","2026","8.13","1","Placed"
"CB.EN.U4MEE22214","Karthik Gupta","cb.en.u4mee22214@cb.students.amrita.edu","MEE","C","2026","7.21","1","Placed"
"CB.EN.U4MEE22215","Harish Chatterjee","cb.en.u4mee22215@cb.students.amrita.edu","MEE","C","2026","8.63","2","Not Placed"
"CB.EN.U4MEE22216","Riya Nair","cb.en.u4mee22216@cb.students.amrita.edu","MEE","C","2026","8.83","0","Not Placed"
"CB.EN.U4MEE22217","Nikhil Bose","cb.en.u4mee22217@cb.students.amrita.edu","MEE","C","2026","9.74","0","Not Placed"
"CB.EN.U4MEE22218","Sanjay Gupta","cb.en.u4mee22218@cb.students.amrita.edu","MEE","C","2026","9.84","0","Placed"
"CB.EN.U4MEE22219","Ishaan Das","cb.en.u4mee22219@cb.students.amrita.edu","MEE","C","2026","8.52","0","Placed"
"CB.EN.U4MEE22220","Varun Mishra","cb.en.u4mee22220@cb.students.amrita.edu","MEE","C","2026","6.04","2","Placed"
"CB.EN.U4MEE22221","Janani Bose","cb.en.u4mee22221@cb.students.amrita.edu","MEE","C","2026","7.41","1","Not Placed"
"CB.EN.U4MEE22222","Aarav Nair","cb.en.u4mee22222@cb.students.amrita.edu","MEE","C","2026","6.46","0","Placed"
"CB.EN.U4MEE22223","Tanvi Verma","cb.en.u4mee22223@cb.students.amrita.edu","MEE","C","2026","9.45","2","Placed"
"CB.EN.U4MEE22224","Meera Mishra","cb.en.u4mee22224@cb.students.amrita.edu","MEE","C","2026","6.19","0","Placed"
"CB.EN.U4MEE22225","Pooja Das","cb.en.u4mee22225@cb.students.amrita.edu","MEE","C","2026","6.33","0","Placed"
"CB.EN.U4MEE22226","Meera Nagarajan","cb.en.u4mee22226@cb.students.amrita.edu","MEE","C","2026","7.78","2","Not Placed"
"CB.EN.U4MEE22227","Sneha Bose","cb.en.u4mee22227@cb.students.amrita.edu","MEE","C","2026","7.78","1","Not Placed"
"CB.EN.U4MEE22228","Surya Sharma","cb.en.u4mee22228@cb.students.amrita.edu","MEE","C","2026","8.18","2","Placed"
"CB.EN.U4MEE22229","Ishaan Sharma","cb.en.u4mee22229@cb.students.amrita.edu","MEE","C","2026","6.68","1","Placed"
"CB.EN.U4MEE22230","Janani Nair","cb.en.u4mee22230@cb.students.amrita.edu","MEE","C","2026","7.59","0","Placed"
"CB.EN.U4MEE22231","Sanjay Raman","cb.en.u4mee22231@cb.students.amrita.edu","MEE","C","2026","9.44","0","Placed"
"CB.EN.U4MEE22232","Sneha Nair","cb.en.u4mee22232@cb.students.amrita.edu","MEE","C","2026","6.52","2","Placed"
"CB.EN.U4MEE22233","Meera Bose","cb.en.u4mee22233@cb.students.amrita.edu","MEE","C","2026","7.64","0","Not Placed"
"CB.EN.U4MEE22234","Diya Patel","cb.en.u4mee22234@cb.students.amrita.edu","MEE","C","2026","6.59","1","Placed"
"CB.EN.U4MEE22235","Diya Iyer","cb.en.u4mee22235@cb.students.amrita.edu","MEE","C","2026","6.42","2","Placed"
"CB.EN.U4MEE22236","Tanvi Kulkarni","cb.en.u4mee22236@cb.students.amrita.edu","MEE","C","2026","6.91","2","Not Placed"
"CB.EN.U4MEE22237","Charan Bose","cb.en.u4mee22237@cb.students.amrita.edu","MEE","C","2026","6.29","1","Placed"
"CB.EN.U4MEE22238","Lakshmi Nagarajan","cb.en.u4mee22238@cb.students.amrita.edu","MEE","C","2026","9.74","1","Not Placed"
"CB.EN.U4MEE22239","Riya Chatterjee","cb.en.u4mee22239@cb.students.amrita.edu","MEE","C","2026","8.82","0","Not Placed"
"CB.EN.U4MEE22240","Aditya Sharma","cb.en.u4mee22240@cb.students.amrita.edu","MEE","C","2026","8.13","0","Not Placed"
"CB.EN.U4MEE22241","Arjun Pillai","cb.en.u4mee22241@cb.students.amrita.edu","MEE","C","2026","6.56","1","Placed"
"CB.EN.U4MEE22242","Anirudh Menon","cb.en.u4mee22242@cb.students.amrita.edu","MEE","C","2026","6.65","1","Placed"
"CB.EN.U4MEE22243","Karthik Bose","cb.en.u4mee22243@cb.students.amrita.edu","MEE","C","2026","6.43","2","Placed"
"CB.EN.U4MEE22244","Varun Joshi","cb.en.u4mee22244@cb.students.amrita.edu","MEE","C","2026","9.16","2","Not Placed"
"CB.EN.U4MEE22245","Arya Joshi","cb.en.u4mee22245@cb.students.amrita.edu","MEE","C","2026","6.59","0","Not Placed"
"CB.EN.U4MEE22246","Varun Shetty","cb.en.u4mee22246@cb.students.amrita.edu","MEE","C","2026","8.07","1","Placed"
"CB.EN.U4MEE22247","Aditya Iyer","cb.en.u4mee22247@cb.students.amrita.edu","MEE","C","2026","8.19","2","Not Placed"
"CB.EN.U4MEE22248","Varun Reddy","cb.en.u4mee22248@cb.students.amrita.edu","MEE","C","2026","9.84","1","Placed"
"CB.EN.U4MEE22249","Yash Patel","cb.en.u4mee22249@cb.students.amrita.edu","MEE","C","2026","7.24","1","Placed"
"CB.EN.U4MEE22250","Vikram Raman","cb.en.u4mee22250@cb.students.amrita.edu","MEE","C","2026","9.64","1","Placed"
"CB.EN.U4MEE22251","Bhavya Iyer","cb.en.u4mee22251@cb.students.amrita.edu","MEE","C","2026","7.38","0","Not Placed"
"CB.EN.U4MEE22252","Pooja Patel","cb.en.u4mee22252@cb.students.amrita.edu","MEE","C","2026","6.23","0","Not Placed"
"CB.EN.U4MEE22253","Sneha Krishnan","cb.en.u4mee22253@cb.students.amrita.edu","MEE","C","2026","7.93","1","Placed"
"CB.EN.U4MEE22254","Vikram Reddy","cb.en.u4mee22254@cb.students.amrita.edu","MEE","C","2026","9.88","0","Not Placed"
"CB.EN.U4MEE22255","Akash Joshi","cb.en.u4mee22255@cb.students.amrita.edu","MEE","C","2026","9.72","1","Not Placed"
"CB.EN.U4MEE22256","Pooja Chatterjee","cb.en.u4mee22256@cb.students.amrita.edu","MEE","C","2026","6.32","1","Not Placed"
"CB.EN.U4MEE22257","Arya Pillai","cb.en.u4mee22257@cb.students.amrita.edu","MEE","C","2026","9.21","2","Not Placed"
"CB.EN.U4MEE22258","Rahul Raman","cb.en.u4mee22258@cb.students.amrita.edu","MEE","C","2026","7.77","2","Placed"
"CB.EN.U4MEE22259","Ishaan Reddy","cb.en.u4mee22259@cb.students.amrita.edu","MEE","C","2026","9.86","0","Not Placed"
"CB.EN.U4MEE22260","Diya Shetty","cb.en.u4mee22260@cb.students.amrita.edu","MEE","C","2026","6.63","2","Placed"
"CB.EN.U4MEE22301","Riya Verma","cb.en.u4mee22301@cb.students.amrita.edu","MEE","D","2026","7.58","1","Not Placed"
"CB.EN.U4MEE22302","Ananya Joshi","cb.en.u4mee22302@cb.students.amrita.edu","MEE","D","2026","6.91","1","Placed"
"CB.EN.U4MEE22303","Ananya Nagarajan","cb.en.u4mee22303@cb.students.amrita.edu","MEE","D","2026","6.92","1","Placed"
"CB.EN.U4MEE22304","Janani Verma","cb.en.u4mee22304@cb.students.amrita.edu","MEE","D","2026","8.55","1","Placed"
"CB.EN.U4MEE22305","Nikhil Kulkarni","cb.en.u4mee22305@cb.students.amrita.edu","MEE","D","2026","7.81","1","Placed"
"CB.EN.U4MEE22306","Harish Das","cb.en.u4mee22306@cb.students.amrita.edu","MEE","D","2026","9.19","1","Not Placed"
"CB.EN.U4MEE22307","Tanvi Bose","cb.en.u4mee22307@cb.students.amrita.edu","MEE","D","2026","6.2","1","Placed"
"CB.EN.U4MEE22308","Lakshmi Krishnan","cb.en.u4mee22308@cb.students.amrita.edu","MEE","D","2026","9.07","1","Not Placed"
"CB.EN.U4MEE22309","Janani Joshi","cb.en.u4mee22309@cb.students.amrita.edu","MEE","D","2026","8.44","0","Not Placed"
"CB.EN.U4MEE22310","Aditya Bose","cb.en.u4mee22310@cb.students.amrita.edu","MEE","D","2026","6.34","0","Not Placed"
"CB.EN.U4MEE22311","Nikhil Chatterjee","cb.en.u4mee22311@cb.students.amrita.edu","MEE","D","2026","6.62","0","Not Placed"
"CB.EN.U4MEE22312","Riya Das","cb.en.u4mee22312@cb.students.amrita.edu","MEE","D","2026","8.97","2","Not Placed"
"CB.EN.U4MEE22313","Aarav Nair","cb.en.u4mee22313@cb.students.amrita.edu","MEE","D","2026","7.97","2","Placed"
"CB.EN.U4MEE22314","Yash Raman","cb.en.u4mee22314@cb.students.amrita.edu","MEE","D","2026","8.19","2","Placed"
"CB.EN.U4MEE22315","Akash Krishnan","cb.en.u4mee22315@cb.students.amrita.edu","MEE","D","2026","9.25","1","Placed"
"CB.EN.U4MEE22316","Lakshmi Kapoor","cb.en.u4mee22316@cb.students.amrita.edu","MEE","D","2026","6.62","1","Placed"
"CB.EN.U4MEE22317","Akash Raman","cb.en.u4mee22317@cb.students.amrita.edu","MEE","D","2026","6.2","1","Not Placed"
"CB.EN.U4MEE22318","Sanjay Gupta","cb.en.u4mee22318@cb.students.amrita.edu","MEE","D","2026","8.6","0","Placed"
"CB.EN.U4MEE22319","Harish Iyer","cb.en.u4mee22319@cb.students.amrita.edu","MEE","D","2026","6.53","1","Not Placed"
"CB.EN.U4MEE22320","Nikhil Reddy","cb.en.u4mee22320@cb.students.amrita.edu","MEE","D","2026","8.92","1","Not Placed"
"CB.EN.U4MEE22321","Arya Verma","cb.en.u4mee22321@cb.students.amrita.edu","MEE","D","2026","6.53","0","Not Placed"
"CB.EN.U4MEE22322","Anirudh Shetty","cb.en.u4mee22322@cb.students.amrita.edu","MEE","D","2026","6.48","1","Placed"
"CB.EN.U4MEE22323","Arjun Nagarajan","cb.en.u4mee22323@cb.students.amrita.edu","MEE","D","2026","6.55","0","Placed"
"CB.EN.U4MEE22324","Lakshmi Menon","cb.en.u4mee22324@cb.students.amrita.edu","MEE","D","2026","7.48","1","Not Placed"
"CB.EN.U4MEE22325","Bhavya Shetty","cb.en.u4mee22325@cb.students.amrita.edu","MEE","D","2026","6.25","0","Not Placed"
"CB.EN.U4MEE22326","Aishwarya Nagarajan","cb.en.u4mee22326@cb.students.amrita.edu","MEE","D","2026","8.25","1","Not Placed"
"CB.EN.U4MEE22327","Aditya Nagarajan","cb.en.u4mee22327@cb.students.amrita.edu","MEE","D","2026","7.56","2","Placed"
"CB.EN.U4MEE22328","Sanjay Nagarajan","cb.en.u4mee22328@cb.students.amrita.edu","MEE","D","2026","8.65","2","Placed"
"CB.EN.U4MEE22329","Karthik Menon","cb.en.u4mee22329@cb.students.amrita.edu","MEE","D","2026","8.48","2","Not Placed"
"CB.EN.U4MEE22330","Varun Pillai","cb.en.u4mee22330@cb.students.amrita.edu","MEE","D","2026","8.16","1","Placed"
"CB.EN.U4MEE22331","Ishaan Nagarajan","cb.en.u4mee22331@cb.students.amrita.edu","MEE","D","2026","6.76","0","Placed"
"CB.EN.U4MEE22332","Aditya Sharma","cb.en.u4mee22332@cb.students.amrita.edu","MEE","D","2026","6.85","1","Not Placed"
"CB.EN.U4MEE22333","Aarav Raman","cb.en.u4mee22333@cb.students.amrita.edu","MEE","D","2026","6.52","2","Placed"
"CB.EN.U4MEE22334","Aarav Krishnan","cb.en.u4mee22334@cb.students.amrita.edu","MEE","D","2026","8.72","2","Not Placed"
"CB.EN.U4MEE22335","Aditya Reddy","cb.en.u4mee22335@cb.students.amrita.edu","MEE","D","2026","9.75","1","Not Placed"
"CB.EN.U4MEE22336","Surya Kulkarni","cb.en.u4mee22336@cb.students.amrita.edu","MEE","D","2026","7.42","0","Placed"
"CB.EN.U4MEE22337","Tanvi Kapoor","cb.en.u4mee22337@cb.students.amrita.edu","MEE","D","2026","6.43","2","Placed"
"CB.EN.U4MEE22338","Diya Joshi","cb.en.u4mee22338@cb.students.amrita.edu","MEE","D","2026","8.65","0","Placed"
"CB.EN.U4MEE22339","Akash Mishra","cb.en.u4mee22339@cb.students.amrita.edu","MEE","D","2026","7.25","2","Not Placed"
"CB.EN.U4MEE22340","Vikram Nair","cb.en.u4mee22340@cb.students.amrita.edu","MEE","D","2026","8.39","2","Placed"
"CB.EN.U4MEE22341","Akash Shetty","cb.en.u4mee22341@cb.students.amrita.edu","MEE","D","2026","9.29","0","Not Placed"
"CB.EN.U4MEE22342","Sanjay Sharma","cb.en.u4mee22342@cb.students.amrita.edu","MEE","D","2026","6.02","0","Not Placed"
"CB.EN.U4MEE22343","Tanvi Iyer","cb.en.u4mee22343@cb.students.amrita.edu","MEE","D","2026","8.84","1","Placed"
"CB.EN.U4MEE22344","Surya Sharma","cb.en.u4mee22344@cb.students.amrita.edu","MEE","D","2026","7.01","2","Not Placed"
"CB.EN.U4MEE22345","Karthik Shetty","cb.en.u4mee22345@cb.students.amrita.edu","MEE","D","2026","6.03","2","Placed"
"CB.EN.U4MEE22346","Diya Krishnan","cb.en.u4mee22346@cb.students.amrita.edu","MEE","D","2026","8.25","2","Placed"
"CB.EN.U4MEE22347","Arjun Chatterjee","cb.en.u4mee22347@cb.students.amrita.edu","MEE","D","2026","7.99","0","Placed"
"CB.EN.U4MEE22348","Arya Pillai","cb.en.u4mee22348@cb.students.amrita.edu","MEE","D","2026","7.18","2","Not Placed"
"CB.EN.U4MEE22349","Pooja Krishnan","cb.en.u4mee22349@cb.students.amrita.edu","MEE","D","2026","8.68","2","Placed"
"CB.EN.U4MEE22350","Sanjay Menon","cb.en.u4mee22350@cb.students.amrita.edu","MEE","D","2026","8.2","2","Not Placed"
"CB.EN.U4MEE22351","Sanjay Sharma","cb.en.u4mee22351@cb.students.amrita.edu","MEE","D","2026","8.26","2","Not Placed"
"CB.EN.U4MEE22352","Aditya Nagarajan","cb.en.u4mee22352@cb.students.amrita.edu","MEE","D","2026","7.99","1","Placed"
"CB.EN.U4MEE22353","Arya Bose","cb.en.u4mee22353@cb.students.amrita.edu","MEE","D","2026","8.39","2","Not Placed"
"CB.EN.U4MEE22354","Aditya Kulkarni","cb.en.u4mee22354@cb.students.amrita.edu","MEE","D","2026","8.06","2","Not Placed"
"CB.EN.U4MEE22355","Sneha Chatterjee","cb.en.u4mee22355@cb.students.amrita.edu","MEE","D","2026","6.59","2","Placed"
"CB.EN.U4MEE22356","Bhavya Nair","cb.en.u4mee22356@cb.students.amrita.edu","MEE","D","2026","8.9","1","Placed"
"CB.EN.U4MEE22357","Tanvi Krishnan","cb.en.u4mee22357@cb.students.amrita.edu","MEE","D","2026","9.34","1","Not Placed"
"CB.EN.U4MEE22358","Meera Reddy","cb.en.u4mee22358@cb.students.amrita.edu","MEE","D","2026","8.1","2","Placed"
"CB.EN.U4MEE22359","Lakshmi Sharma","cb.en.u4mee22359@cb.students.amrita.edu","MEE","D","2026","7.13","1","Placed"
"CB.EN.U4MEE22360","Tanvi Mishra","cb.en.u4mee22360@cb.students.amrita.edu","MEE","D","2026","7.9","1","Placed"
"CB.EN.U4MEE22401","Karthik Verma","cb.en.u4mee22401@cb.students.amrita.edu","MEE","E","2026","9.56","2","Placed"
"CB.EN.U4MEE22402","Aarav Mishra","cb.en.u4mee22402@cb.students.amrita.edu","MEE","E","2026","7.79","0","Placed"
"CB.EN.U4MEE22403","Lakshmi Krishnan","cb.en.u4mee22403@cb.students.amrita.edu","MEE","E","2026","8.77","0","Placed"
"CB.EN.U4MEE22404","Pooja Shetty","cb.en.u4mee22404@cb.students.amrita.edu","MEE","E","2026","7.95","1","Placed"
"CB.EN.U4MEE22405","Varun Iyer","cb.en.u4mee22405@cb.students.amrita.edu","MEE","E","2026","6.3","2","Placed"
"CB.EN.U4MEE22406","Charan Nagarajan","cb.en.u4mee22406@cb.students.amrita.edu","MEE","E","2026","9.06","2","Placed"
"CB.EN.U4MEE22407","Keerthana Kapoor","cb.en.u4mee22407@cb.students.amrita.edu","MEE","E","2026","9.8","1","Placed"
"CB.EN.U4MEE22408","Ishaan Krishnan","cb.en.u4mee22408@cb.students.amrita.edu","MEE","E","2026","8.33","0","Placed"
"CB.EN.U4MEE22409","Vikram Gupta","cb.en.u4mee22409@cb.students.amrita.edu","MEE","E","2026","7.62","0","Not Placed"
"CB.EN.U4MEE22410","Meera Menon","cb.en.u4mee22410@cb.students.amrita.edu","MEE","E","2026","7.66","1","Not Placed"
"CB.EN.U4MEE22411","Diya Mishra","cb.en.u4mee22411@cb.students.amrita.edu","MEE","E","2026","8.37","0","Placed"
"CB.EN.U4MEE22412","Ishaan Krishnan","cb.en.u4mee22412@cb.students.amrita.edu","MEE","E","2026","9.34","2","Not Placed"
"CB.EN.U4MEE22413","Tanvi Kapoor","cb.en.u4mee22413@cb.students.amrita.edu","MEE","E","2026","8.34","2","Placed"
"CB.EN.U4MEE22414","Pooja Das","cb.en.u4mee22414@cb.students.amrita.edu","MEE","E","2026","8.68","0","Not Placed"
"CB.EN.U4MEE22415","Akash Shetty","cb.en.u4mee22415@cb.students.amrita.edu","MEE","E","2026","7.14","1","Not Placed"
"CB.EN.U4MEE22416","Yash Nagarajan","cb.en.u4mee22416@cb.students.amrita.edu","MEE","E","2026","6.14","0","Not Placed"
"CB.EN.U4MEE22417","Rahul Menon","cb.en.u4mee22417@cb.students.amrita.edu","MEE","E","2026","9.13","0","Placed"
"CB.EN.U4MEE22418","Sanjay Shetty","cb.en.u4mee22418@cb.students.amrita.edu","MEE","E","2026","8.2","1","Not Placed"
"CB.EN.U4MEE22419","Anirudh Bose","cb.en.u4mee22419@cb.students.amrita.edu","MEE","E","2026","6.05","0","Not Placed"
"CB.EN.U4MEE22420","Bhavya Kulkarni","cb.en.u4mee22420@cb.students.amrita.edu","MEE","E","2026","8.03","0","Placed"
"CB.EN.U4MEE22421","Anirudh Krishnan","cb.en.u4mee22421@cb.students.amrita.edu","MEE","E","2026","9.51","1","Placed"
"CB.EN.U4MEE22422","Sanjay Chatterjee","cb.en.u4mee22422@cb.students.amrita.edu","MEE","E","2026","6.74","1","Placed"
"CB.EN.U4MEE22423","Nikhil Chatterjee","cb.en.u4mee22423@cb.students.amrita.edu","MEE","E","2026","8.03","2","Not Placed"
"CB.EN.U4MEE22424","Vikram Nair","cb.en.u4mee22424@cb.students.amrita.edu","MEE","E","2026","6.02","1","Not Placed"
"CB.EN.U4MEE22425","Diya Chatterjee","cb.en.u4mee22425@cb.students.amrita.edu","MEE","E","2026","7.24","1","Placed"
"CB.EN.U4MEE22426","Tanvi Mishra","cb.en.u4mee22426@cb.students.amrita.edu","MEE","E","2026","9.67","0","Placed"
"CB.EN.U4MEE22427","Riya Mishra","cb.en.u4mee22427@cb.students.amrita.edu","MEE","E","2026","9.27","2","Not Placed"
"CB.EN.U4MEE22428","Aarav Kapoor","cb.en.u4mee22428@cb.students.amrita.edu","MEE","E","2026","6.7","2","Not Placed"
"CB.EN.U4MEE22429","Nikhil Nagarajan","cb.en.u4mee22429@cb.students.amrita.edu","MEE","E","2026","7.47","1","Not Placed"
"CB.EN.U4MEE22430","Arjun Das","cb.en.u4mee22430@cb.students.amrita.edu","MEE","E","2026","6.02","0","Placed"
"CB.EN.U4MEE22431","Ishaan Kulkarni","cb.en.u4mee22431@cb.students.amrita.edu","MEE","E","2026","6.66","2","Not Placed"
"CB.EN.U4MEE22432","Diya Gupta","cb.en.u4mee22432@cb.students.amrita.edu","MEE","E","2026","8.68","1","Placed"
"CB.EN.U4MEE22433","Sneha Nair","cb.en.u4mee22433@cb.students.amrita.edu","MEE","E","2026","6.18","0","Not Placed"
"CB.EN.U4MEE22434","Sanjay Shetty","cb.en.u4mee22434@cb.students.amrita.edu","MEE","E","2026","7.2","0","Placed"
"CB.EN.U4MEE22435","Nikhil Kulkarni","cb.en.u4mee22435@cb.students.amrita.edu","MEE","E","2026","7.77","2","Not Placed"
"CB.EN.U4MEE22436","Surya Shetty","cb.en.u4mee22436@cb.students.amrita.edu","MEE","E","2026","8.46","2","Not Placed"
"CB.EN.U4MEE22437","Zara Raman","cb.en.u4mee22437@cb.students.amrita.edu","MEE","E","2026","8.97","0","Placed"
"CB.EN.U4MEE22438","Bhavya Gupta","cb.en.u4mee22438@cb.students.amrita.edu","MEE","E","2026","7.17","1","Not Placed"
"CB.EN.U4MEE22439","Varun Nagarajan","cb.en.u4mee22439@cb.students.amrita.edu","MEE","E","2026","7.55","2","Not Placed"
"CB.EN.U4MEE22440","Rahul Kapoor","cb.en.u4mee22440@cb.students.amrita.edu","MEE","E","2026","7.45","1","Not Placed"
"CB.EN.U4MEE22441","Riya Kapoor","cb.en.u4mee22441@cb.students.amrita.edu","MEE","E","2026","7.7","2","Placed"
"CB.EN.U4MEE22442","Harish Raman","cb.en.u4mee22442@cb.students.amrita.edu","MEE","E","2026","6.35","0","Placed"
"CB.EN.U4MEE22443","Karthik Chatterjee","cb.en.u4mee22443@cb.students.amrita.edu","MEE","E","2026","6.93","2","Placed"
"CB.EN.U4MEE22444","Varun Krishnan","cb.en.u4mee22444@cb.students.amrita.edu","MEE","E","2026","7.82","2","Not Placed"
"CB.EN.U4MEE22445","Charan Krishnan","cb.en.u4mee22445@cb.students.amrita.edu","MEE","E","2026","8.17","1","Placed"
"CB.EN.U4MEE22446","Pooja Mishra","cb.en.u4mee22446@cb.students.amrita.edu","MEE","E","2026","7.79","0","Not Placed"
"CB.EN.U4MEE22447","Sanjay Gupta","cb.en.u4mee22447@cb.students.amrita.edu","MEE","E","2026","8.1","2","Placed"
"CB.EN.U4MEE22448","Ananya Menon","cb.en.u4mee22448@cb.students.amrita.edu","MEE","E","2026","9.84","2","Placed"
"CB.EN.U4MEE22449","Anirudh Nair","cb.en.u4mee22449@cb.students.amrita.edu","MEE","E","2026","6.79","1","Placed"
"CB.EN.U4MEE22450","Riya Patel","cb.en.u4mee22450@cb.students.amrita.edu","MEE","E","2026","9.75","2","Not Placed"
"CB.EN.U4MEE22451","Yash Gupta","cb.en.u4mee22451@cb.students.amrita.edu","MEE","E","2026","8.43","1","Not Placed"
"CB.EN.U4MEE22452","Nikhil Joshi","cb.en.u4mee22452@cb.students.amrita.edu","MEE","E","2026","8.3","2","Placed"
"CB.EN.U4MEE22453","Arjun Bose","cb.en.u4mee22453@cb.students.amrita.edu","MEE","E","2026","7.69","0","Not Placed"
"CB.EN.U4MEE22454","Lakshmi Kapoor","cb.en.u4mee22454@cb.students.amrita.edu","MEE","E","2026","7.75","0","Not Placed"
"CB.EN.U4MEE22455","Sneha Shetty","cb.en.u4mee22455@cb.students.amrita.edu","MEE","E","2026","8.23","1","Placed"
"CB.EN.U4MEE22456","Tanvi Nair","cb.en.u4mee22456@cb.students.amrita.edu","MEE","E","2026","6","0","Placed"
"CB.EN.U4MEE22457","Riya Chatterjee","cb.en.u4mee22457@cb.students.amrita.edu","MEE","E","2026","9.62","1","Not Placed"
"CB.EN.U4MEE22458","Ishaan Menon","cb.en.u4mee22458@cb.students.amrita.edu","MEE","E","2026","9.5","2","Placed"
"CB.EN.U4MEE22459","Akash Kapoor","cb.en.u4mee22459@cb.students.amrita.edu","MEE","E","2026","9.41","2","Placed"
"CB.EN.U4MEE22460","Sanjay Sharma","cb.en.u4mee22460@cb.students.amrita.edu","MEE","E","2026","8.02","1","Placed"
"CB.SC.U4CSE23001","Tanvi Bose","cb.sc.u4cse23001@cb.students.amrita.edu","CSE","A","2027","9.45","0","Placed"
"CB.SC.U4CSE23002","Aditya Iyer","cb.sc.u4cse23002@cb.students.amrita.edu","CSE","A","2027","8.17","2","Not Placed"
"CB.SC.U4CSE23003","Pooja Kapoor","cb.sc.u4cse23003@cb.students.amrita.edu","CSE","A","2027","8.04","0","Not Placed"
"CB.SC.U4CSE23004","Varun Krishnan","cb.sc.u4cse23004@cb.students.amrita.edu","CSE","A","2027","9.35","0","Placed"
"CB.SC.U4CSE23005","Diya Kulkarni","cb.sc.u4cse23005@cb.students.amrita.edu","CSE","A","2027","6.07","1","Not Placed"
"CB.SC.U4CSE23006","Diya Iyer","cb.sc.u4cse23006@cb.students.amrita.edu","CSE","A","2027","8.36","2","Not Placed"
"CB.SC.U4CSE23007","Aishwarya Krishnan","cb.sc.u4cse23007@cb.students.amrita.edu","CSE","A","2027","7.39","1","Placed"
"CB.SC.U4CSE23008","Sanjay Kapoor","cb.sc.u4cse23008@cb.students.amrita.edu","CSE","A","2027","9.3","1","Not Placed"
"CB.SC.U4CSE23009","Arya Pillai","cb.sc.u4cse23009@cb.students.amrita.edu","CSE","A","2027","6.55","0","Not Placed"
"CB.SC.U4CSE23010","Janani Chatterjee","cb.sc.u4cse23010@cb.students.amrita.edu","CSE","A","2027","9.31","0","Placed"
"CB.SC.U4CSE23011","Karthik Gupta","cb.sc.u4cse23011@cb.students.amrita.edu","CSE","A","2027","7.67","1","Not Placed"
"CB.SC.U4CSE23012","Zara Das","cb.sc.u4cse23012@cb.students.amrita.edu","CSE","A","2027","9.33","1","Not Placed"
"CB.SC.U4CSE23013","Surya Reddy","cb.sc.u4cse23013@cb.students.amrita.edu","CSE","A","2027","6.76","0","Placed"
"CB.SC.U4CSE23014","Tanvi Krishnan","cb.sc.u4cse23014@cb.students.amrita.edu","CSE","A","2027","9.22","2","Not Placed"
"CB.SC.U4CSE23015","Janani Kulkarni","cb.sc.u4cse23015@cb.students.amrita.edu","CSE","A","2027","8.61","1","Not Placed"
"CB.SC.U4CSE23016","Tanvi Mishra","cb.sc.u4cse23016@cb.students.amrita.edu","CSE","A","2027","6.9","1","Placed"
"CB.SC.U4CSE23017","Riya Iyer","cb.sc.u4cse23017@cb.students.amrita.edu","CSE","A","2027","6.43","0","Not Placed"
"CB.SC.U4CSE23018","Vikram Mishra","cb.sc.u4cse23018@cb.students.amrita.edu","CSE","A","2027","7.23","1","Not Placed"
"CB.SC.U4CSE23019","Diya Sharma","cb.sc.u4cse23019@cb.students.amrita.edu","CSE","A","2027","9.06","0","Placed"
"CB.SC.U4CSE23020","Aarav Kulkarni","cb.sc.u4cse23020@cb.students.amrita.edu","CSE","A","2027","7.06","1","Not Placed"
"CB.SC.U4CSE23021","Keerthana Raman","cb.sc.u4cse23021@cb.students.amrita.edu","CSE","A","2027","8.67","1","Not Placed"
"CB.SC.U4CSE23022","Anirudh Das","cb.sc.u4cse23022@cb.students.amrita.edu","CSE","A","2027","8.96","1","Placed"
"CB.SC.U4CSE23023","Arya Gupta","cb.sc.u4cse23023@cb.students.amrita.edu","CSE","A","2027","6.15","1","Not Placed"
"CB.SC.U4CSE23024","Aarav Patel","cb.sc.u4cse23024@cb.students.amrita.edu","CSE","A","2027","6.77","2","Not Placed"
"CB.SC.U4CSE23025","Meera Shetty","cb.sc.u4cse23025@cb.students.amrita.edu","CSE","A","2027","8.87","0","Placed"
"CB.SC.U4CSE23026","Harish Reddy","cb.sc.u4cse23026@cb.students.amrita.edu","CSE","A","2027","7.22","2","Not Placed"
"CB.SC.U4CSE23027","Meera Chatterjee","cb.sc.u4cse23027@cb.students.amrita.edu","CSE","A","2027","6.93","1","Not Placed"
"CB.SC.U4CSE23028","Sneha Iyer","cb.sc.u4cse23028@cb.students.amrita.edu","CSE","A","2027","8.52","1","Placed"
"CB.SC.U4CSE23029","Varun Iyer","cb.sc.u4cse23029@cb.students.amrita.edu","CSE","A","2027","9","2","Not Placed"
"CB.SC.U4CSE23030","Karthik Das","cb.sc.u4cse23030@cb.students.amrita.edu","CSE","A","2027","9.31","2","Not Placed"
"CB.SC.U4CSE23031","Riya Pillai","cb.sc.u4cse23031@cb.students.amrita.edu","CSE","A","2027","7.54","0","Placed"
"CB.SC.U4CSE23032","Varun Kulkarni","cb.sc.u4cse23032@cb.students.amrita.edu","CSE","A","2027","9.37","1","Not Placed"
"CB.SC.U4CSE23033","Yash Kapoor","cb.sc.u4cse23033@cb.students.amrita.edu","CSE","A","2027","7.48","0","Not Placed"
"CB.SC.U4CSE23034","Charan Shetty","cb.sc.u4cse23034@cb.students.amrita.edu","CSE","A","2027","9.33","1","Placed"
"CB.SC.U4CSE23035","Tanvi Kulkarni","cb.sc.u4cse23035@cb.students.amrita.edu","CSE","A","2027","6.69","1","Not Placed"
"CB.SC.U4CSE23036","Tanvi Nair","cb.sc.u4cse23036@cb.students.amrita.edu","CSE","A","2027","6.56","1","Not Placed"
"CB.SC.U4CSE23037","Aarav Das","cb.sc.u4cse23037@cb.students.amrita.edu","CSE","A","2027","7.33","1","Placed"
"CB.SC.U4CSE23038","Charan Das","cb.sc.u4cse23038@cb.students.amrita.edu","CSE","A","2027","8.01","0","Not Placed"
"CB.SC.U4CSE23039","Diya Mishra","cb.sc.u4cse23039@cb.students.amrita.edu","CSE","A","2027","9.45","2","Not Placed"
"CB.SC.U4CSE23040","Surya Krishnan","cb.sc.u4cse23040@cb.students.amrita.edu","CSE","A","2027","7.65","2","Placed"
"CB.SC.U4CSE23041","Arya Gupta","cb.sc.u4cse23041@cb.students.amrita.edu","CSE","A","2027","6.98","2","Not Placed"
"CB.SC.U4CSE23042","Sanjay Verma","cb.sc.u4cse23042@cb.students.amrita.edu","CSE","A","2027","9.58","2","Not Placed"
"CB.SC.U4CSE23043","Arya Patel","cb.sc.u4cse23043@cb.students.amrita.edu","CSE","A","2027","7.78","0","Placed"
"CB.SC.U4CSE23044","Aditya Nair","cb.sc.u4cse23044@cb.students.amrita.edu","CSE","A","2027","7.82","1","Not Placed"
"CB.SC.U4CSE23045","Rahul Joshi","cb.sc.u4cse23045@cb.students.amrita.edu","CSE","A","2027","7.44","2","Not Placed"
"CB.SC.U4CSE23046","Rahul Iyer","cb.sc.u4cse23046@cb.students.amrita.edu","CSE","A","2027","8.94","0","Placed"
"CB.SC.U4CSE23047","Janani Nagarajan","cb.sc.u4cse23047@cb.students.amrita.edu","CSE","A","2027","7.94","0","Not Placed"
"CB.SC.U4CSE23048","Ishaan Kapoor","cb.sc.u4cse23048@cb.students.amrita.edu","CSE","A","2027","6.41","2","Not Placed"
"CB.SC.U4CSE23049","Lakshmi Bose","cb.sc.u4cse23049@cb.students.amrita.edu","CSE","A","2027","7.68","2","Placed"
"CB.SC.U4CSE23050","Arya Shetty","cb.sc.u4cse23050@cb.students.amrita.edu","CSE","A","2027","8.99","1","Not Placed"
"CB.SC.U4CSE23051","Ishaan Patel","cb.sc.u4cse23051@cb.students.amrita.edu","CSE","A","2027","7.85","1","Not Placed"
"CB.SC.U4CSE23052","Janani Mishra","cb.sc.u4cse23052@cb.students.amrita.edu","CSE","A","2027","6.1","0","Placed"
"CB.SC.U4CSE23053","Keerthana Mishra","cb.sc.u4cse23053@cb.students.amrita.edu","CSE","A","2027","8.98","2","Not Placed"
"CB.SC.U4CSE23054","Anirudh Raman","cb.sc.u4cse23054@cb.students.amrita.edu","CSE","A","2027","9.07","0","Not Placed"
"CB.SC.U4CSE23055","Charan Iyer","cb.sc.u4cse23055@cb.students.amrita.edu","CSE","A","2027","8.6","2","Placed"
"CB.SC.U4CSE23056","Harish Gupta","cb.sc.u4cse23056@cb.students.amrita.edu","CSE","A","2027","9.61","1","Not Placed"
"CB.SC.U4CSE23057","Riya Patel","cb.sc.u4cse23057@cb.students.amrita.edu","CSE","A","2027","9.12","1","Not Placed"
"CB.SC.U4CSE23058","Diya Sharma","cb.sc.u4cse23058@cb.students.amrita.edu","CSE","A","2027","9.64","0","Placed"
"CB.SC.U4CSE23059","Aarav Nagarajan","cb.sc.u4cse23059@cb.students.amrita.edu","CSE","A","2027","9.02","0","Not Placed"
"CB.SC.U4CSE23060","Sneha Raman","cb.sc.u4cse23060@cb.students.amrita.edu","CSE","A","2027","7.09","1","Not Placed"
"CB.SC.U4CSE23101","Lakshmi Raman","cb.sc.u4cse23101@cb.students.amrita.edu","CSE","B","2027","6.51","1","Placed"
"CB.SC.U4CSE23102","Ananya Kulkarni","cb.sc.u4cse23102@cb.students.amrita.edu","CSE","B","2027","8.73","0","Not Placed"
"CB.SC.U4CSE23103","Sneha Reddy","cb.sc.u4cse23103@cb.students.amrita.edu","CSE","B","2027","6.49","1","Not Placed"
"CB.SC.U4CSE23104","Harish Pillai","cb.sc.u4cse23104@cb.students.amrita.edu","CSE","B","2027","9.74","2","Placed"
"CB.SC.U4CSE23105","Harish Pillai","cb.sc.u4cse23105@cb.students.amrita.edu","CSE","B","2027","8.46","2","Not Placed"
"CB.SC.U4CSE23106","Ananya Raman","cb.sc.u4cse23106@cb.students.amrita.edu","CSE","B","2027","7.95","1","Not Placed"
"CB.SC.U4CSE23107","Meera Iyer","cb.sc.u4cse23107@cb.students.amrita.edu","CSE","B","2027","8.88","1","Placed"
"CB.SC.U4CSE23108","Zara Das","cb.sc.u4cse23108@cb.students.amrita.edu","CSE","B","2027","6.88","1","Not Placed"
"CB.SC.U4CSE23109","Akash Chatterjee","cb.sc.u4cse23109@cb.students.amrita.edu","CSE","B","2027","6.49","0","Not Placed"
"CB.SC.U4CSE23110","Vikram Patel","cb.sc.u4cse23110@cb.students.amrita.edu","CSE","B","2027","7.41","2","Placed"
"CB.SC.U4CSE23111","Janani Gupta","cb.sc.u4cse23111@cb.students.amrita.edu","CSE","B","2027","7.17","0","Not Placed"
"CB.SC.U4CSE23112","Anirudh Joshi","cb.sc.u4cse23112@cb.students.amrita.edu","CSE","B","2027","6.17","1","Not Placed"
"CB.SC.U4CSE23113","Yash Kulkarni","cb.sc.u4cse23113@cb.students.amrita.edu","CSE","B","2027","7.07","2","Placed"
"CB.SC.U4CSE23114","Sanjay Nair","cb.sc.u4cse23114@cb.students.amrita.edu","CSE","B","2027","7.95","2","Not Placed"
"CB.SC.U4CSE23115","Anirudh Das","cb.sc.u4cse23115@cb.students.amrita.edu","CSE","B","2027","6.97","2","Not Placed"
"CB.SC.U4CSE23116","Ishaan Nagarajan","cb.sc.u4cse23116@cb.students.amrita.edu","CSE","B","2027","6.41","1","Placed"
"CB.SC.U4CSE23117","Sneha Joshi","cb.sc.u4cse23117@cb.students.amrita.edu","CSE","B","2027","7.81","2","Not Placed"
"CB.SC.U4CSE23118","Arya Nagarajan","cb.sc.u4cse23118@cb.students.amrita.edu","CSE","B","2027","8.81","1","Not Placed"
"CB.SC.U4CSE23119","Sanjay Menon","cb.sc.u4cse23119@cb.students.amrita.edu","CSE","B","2027","9.03","2","Placed"
"CB.SC.U4CSE23120","Surya Sharma","cb.sc.u4cse23120@cb.students.amrita.edu","CSE","B","2027","9.31","0","Not Placed"
"CB.SC.U4CSE23121","Harish Das","cb.sc.u4cse23121@cb.students.amrita.edu","CSE","B","2027","7.37","1","Not Placed"
"CB.SC.U4CSE23122","Aishwarya Menon","cb.sc.u4cse23122@cb.students.amrita.edu","CSE","B","2027","7.42","1","Placed"
"CB.SC.U4CSE23123","Lakshmi Sharma","cb.sc.u4cse23123@cb.students.amrita.edu","CSE","B","2027","6.12","2","Not Placed"
"CB.SC.U4CSE23124","Akash Mishra","cb.sc.u4cse23124@cb.students.amrita.edu","CSE","B","2027","9.19","1","Not Placed"
"CB.SC.U4CSE23125","Ananya Iyer","cb.sc.u4cse23125@cb.students.amrita.edu","CSE","B","2027","9.82","2","Placed"
"CB.SC.U4CSE23126","Aishwarya Joshi","cb.sc.u4cse23126@cb.students.amrita.edu","CSE","B","2027","7.67","1","Not Placed"
"CB.SC.U4CSE23127","Arjun Pillai","cb.sc.u4cse23127@cb.students.amrita.edu","CSE","B","2027","7.68","2","Not Placed"
"CB.SC.U4CSE23128","Lakshmi Verma","cb.sc.u4cse23128@cb.students.amrita.edu","CSE","B","2027","8.12","1","Placed"
"CB.SC.U4CSE23129","Sneha Patel","cb.sc.u4cse23129@cb.students.amrita.edu","CSE","B","2027","9.84","0","Not Placed"
"CB.SC.U4CSE23130","Aarav Reddy","cb.sc.u4cse23130@cb.students.amrita.edu","CSE","B","2027","6.8","1","Not Placed"
"CB.SC.U4CSE23131","Bhavya Menon","cb.sc.u4cse23131@cb.students.amrita.edu","CSE","B","2027","7.93","0","Placed"
"CB.SC.U4CSE23132","Vikram Kapoor","cb.sc.u4cse23132@cb.students.amrita.edu","CSE","B","2027","7.89","0","Not Placed"
"CB.SC.U4CSE23133","Aarav Das","cb.sc.u4cse23133@cb.students.amrita.edu","CSE","B","2027","8.97","1","Not Placed"
"CB.SC.U4CSE23134","Yash Reddy","cb.sc.u4cse23134@cb.students.amrita.edu","CSE","B","2027","6.99","2","Placed"
"CB.SC.U4CSE23135","Sanjay Shetty","cb.sc.u4cse23135@cb.students.amrita.edu","CSE","B","2027","8.51","2","Not Placed"
"CB.SC.U4CSE23136","Charan Patel","cb.sc.u4cse23136@cb.students.amrita.edu","CSE","B","2027","6.2","2","Not Placed"
"CB.SC.U4CSE23137","Sneha Kulkarni","cb.sc.u4cse23137@cb.students.amrita.edu","CSE","B","2027","7.97","2","Placed"
"CB.SC.U4CSE23138","Ananya Joshi","cb.sc.u4cse23138@cb.students.amrita.edu","CSE","B","2027","7.22","2","Not Placed"
"CB.SC.U4CSE23139","Arya Chatterjee","cb.sc.u4cse23139@cb.students.amrita.edu","CSE","B","2027","8.39","2","Not Placed"
"CB.SC.U4CSE23140","Meera Reddy","cb.sc.u4cse23140@cb.students.amrita.edu","CSE","B","2027","8.02","1","Placed"
"CB.SC.U4CSE23141","Aishwarya Reddy","cb.sc.u4cse23141@cb.students.amrita.edu","CSE","B","2027","6.8","0","Not Placed"
"CB.SC.U4CSE23142","Varun Das","cb.sc.u4cse23142@cb.students.amrita.edu","CSE","B","2027","7.62","0","Not Placed"
"CB.SC.U4CSE23143","Charan Joshi","cb.sc.u4cse23143@cb.students.amrita.edu","CSE","B","2027","7.14","1","Placed"
"CB.SC.U4CSE23144","Janani Verma","cb.sc.u4cse23144@cb.students.amrita.edu","CSE","B","2027","6.51","1","Not Placed"
"CB.SC.U4CSE23145","Varun Reddy","cb.sc.u4cse23145@cb.students.amrita.edu","CSE","B","2027","8.5","0","Not Placed"
"CB.SC.U4CSE23146","Meera Patel","cb.sc.u4cse23146@cb.students.amrita.edu","CSE","B","2027","7.73","0","Placed"
"CB.SC.U4CSE23147","Lakshmi Chatterjee","cb.sc.u4cse23147@cb.students.amrita.edu","CSE","B","2027","8.53","1","Not Placed"
"CB.SC.U4CSE23148","Bhavya Sharma","cb.sc.u4cse23148@cb.students.amrita.edu","CSE","B","2027","8.01","0","Not Placed"
"CB.SC.U4CSE23149","Ishaan Verma","cb.sc.u4cse23149@cb.students.amrita.edu","CSE","B","2027","7.86","0","Placed"
"CB.SC.U4CSE23150","Charan Iyer","cb.sc.u4cse23150@cb.students.amrita.edu","CSE","B","2027","6.33","0","Not Placed"
"CB.SC.U4CSE23151","Arya Krishnan","cb.sc.u4cse23151@cb.students.amrita.edu","CSE","B","2027","9.22","2","Not Placed"
"CB.SC.U4CSE23152","Sanjay Mishra","cb.sc.u4cse23152@cb.students.amrita.edu","CSE","B","2027","8.27","2","Placed"
"CB.SC.U4CSE23153","Charan Bose","cb.sc.u4cse23153@cb.students.amrita.edu","CSE","B","2027","8.53","0","Not Placed"
"CB.SC.U4CSE23154","Surya Joshi","cb.sc.u4cse23154@cb.students.amrita.edu","CSE","B","2027","8.95","1","Not Placed"
"CB.SC.U4CSE23155","Lakshmi Chatterjee","cb.sc.u4cse23155@cb.students.amrita.edu","CSE","B","2027","7.71","0","Placed"
"CB.SC.U4CSE23156","Arya Raman","cb.sc.u4cse23156@cb.students.amrita.edu","CSE","B","2027","8.54","2","Not Placed"
"CB.SC.U4CSE23157","Zara Kapoor","cb.sc.u4cse23157@cb.students.amrita.edu","CSE","B","2027","6.54","2","Not Placed"
"CB.SC.U4CSE23158","Bhavya Mishra","cb.sc.u4cse23158@cb.students.amrita.edu","CSE","B","2027","8.87","0","Placed"
"CB.SC.U4CSE23159","Tanvi Das","cb.sc.u4cse23159@cb.students.amrita.edu","CSE","B","2027","8.75","0","Not Placed"
"CB.SC.U4CSE23160","Ananya Krishnan","cb.sc.u4cse23160@cb.students.amrita.edu","CSE","B","2027","8.42","2","Not Placed"
"CB.SC.U4CSE23201","Aishwarya Iyer","cb.sc.u4cse23201@cb.students.amrita.edu","CSE","C","2027","6.09","2","Placed"
"CB.SC.U4CSE23202","Karthik Nair","cb.sc.u4cse23202@cb.students.amrita.edu","CSE","C","2027","7.72","2","Not Placed"
"CB.SC.U4CSE23203","Diya Nagarajan","cb.sc.u4cse23203@cb.students.amrita.edu","CSE","C","2027","6.34","2","Not Placed"
"CB.SC.U4CSE23204","Ananya Krishnan","cb.sc.u4cse23204@cb.students.amrita.edu","CSE","C","2027","9.37","0","Placed"
"CB.SC.U4CSE23205","Akash Pillai","cb.sc.u4cse23205@cb.students.amrita.edu","CSE","C","2027","8.22","2","Not Placed"
"CB.SC.U4CSE23206","Keerthana Shetty","cb.sc.u4cse23206@cb.students.amrita.edu","CSE","C","2027","7.24","0","Not Placed"
"CB.SC.U4CSE23207","Karthik Menon","cb.sc.u4cse23207@cb.students.amrita.edu","CSE","C","2027","7.2","1","Placed"
"CB.SC.U4CSE23208","Meera Patel","cb.sc.u4cse23208@cb.students.amrita.edu","CSE","C","2027","8.31","0","Not Placed"
"CB.SC.U4CSE23209","Pooja Sharma","cb.sc.u4cse23209@cb.students.amrita.edu","CSE","C","2027","9.52","1","Not Placed"
"CB.SC.U4CSE23210","Janani Raman","cb.sc.u4cse23210@cb.students.amrita.edu","CSE","C","2027","6.75","2","Placed"
"CB.SC.U4CSE23211","Bhavya Chatterjee","cb.sc.u4cse23211@cb.students.amrita.edu","CSE","C","2027","7.77","2","Not Placed"
"CB.SC.U4CSE23212","Lakshmi Patel","cb.sc.u4cse23212@cb.students.amrita.edu","CSE","C","2027","7.48","2","Not Placed"
"CB.SC.U4CSE23213","Pooja Nagarajan","cb.sc.u4cse23213@cb.students.amrita.edu","CSE","C","2027","7.27","2","Placed"
"CB.SC.U4CSE23214","Bhavya Chatterjee","cb.sc.u4cse23214@cb.students.amrita.edu","CSE","C","2027","6.27","2","Not Placed"
"CB.SC.U4CSE23215","Charan Gupta","cb.sc.u4cse23215@cb.students.amrita.edu","CSE","C","2027","8.29","0","Not Placed"
"CB.SC.U4CSE23216","Vikram Joshi","cb.sc.u4cse23216@cb.students.amrita.edu","CSE","C","2027","8.98","0","Placed"
"CB.SC.U4CSE23217","Varun Mishra","cb.sc.u4cse23217@cb.students.amrita.edu","CSE","C","2027","9.58","0","Not Placed"
"CB.SC.U4CSE23218","Ishaan Reddy","cb.sc.u4cse23218@cb.students.amrita.edu","CSE","C","2027","8.62","2","Not Placed"
"CB.SC.U4CSE23219","Harish Gupta","cb.sc.u4cse23219@cb.students.amrita.edu","CSE","C","2027","9.84","0","Placed"
"CB.SC.U4CSE23220","Rahul Verma","cb.sc.u4cse23220@cb.students.amrita.edu","CSE","C","2027","8.62","1","Not Placed"
"CB.SC.U4CSE23221","Meera Gupta","cb.sc.u4cse23221@cb.students.amrita.edu","CSE","C","2027","9.65","0","Not Placed"
"CB.SC.U4CSE23222","Surya Sharma","cb.sc.u4cse23222@cb.students.amrita.edu","CSE","C","2027","9.87","1","Placed"
"CB.SC.U4CSE23223","Vikram Shetty","cb.sc.u4cse23223@cb.students.amrita.edu","CSE","C","2027","9.31","1","Not Placed"
"CB.SC.U4CSE23224","Pooja Patel","cb.sc.u4cse23224@cb.students.amrita.edu","CSE","C","2027","6.45","1","Not Placed"
"CB.SC.U4CSE23225","Arya Das","cb.sc.u4cse23225@cb.students.amrita.edu","CSE","C","2027","7.24","2","Placed"
"CB.SC.U4CSE23226","Nikhil Nair","cb.sc.u4cse23226@cb.students.amrita.edu","CSE","C","2027","8.01","1","Not Placed"
"CB.SC.U4CSE23227","Ishaan Reddy","cb.sc.u4cse23227@cb.students.amrita.edu","CSE","C","2027","7.94","1","Not Placed"
"CB.SC.U4CSE23228","Tanvi Nagarajan","cb.sc.u4cse23228@cb.students.amrita.edu","CSE","C","2027","9.63","1","Placed"
"CB.SC.U4CSE23229","Aishwarya Verma","cb.sc.u4cse23229@cb.students.amrita.edu","CSE","C","2027","9.25","0","Not Placed"
"CB.SC.U4CSE23230","Keerthana Kapoor","cb.sc.u4cse23230@cb.students.amrita.edu","CSE","C","2027","8","2","Not Placed"
"CB.SC.U4CSE23231","Ishaan Kulkarni","cb.sc.u4cse23231@cb.students.amrita.edu","CSE","C","2027","6.93","1","Placed"
"CB.SC.U4CSE23232","Aditya Patel","cb.sc.u4cse23232@cb.students.amrita.edu","CSE","C","2027","6.55","1","Not Placed"
"CB.SC.U4CSE23233","Aarav Kapoor","cb.sc.u4cse23233@cb.students.amrita.edu","CSE","C","2027","9.6","2","Not Placed"
"CB.SC.U4CSE23234","Zara Mishra","cb.sc.u4cse23234@cb.students.amrita.edu","CSE","C","2027","7.8","2","Placed"
"CB.SC.U4CSE23235","Tanvi Sharma","cb.sc.u4cse23235@cb.students.amrita.edu","CSE","C","2027","6.87","1","Not Placed"
"CB.SC.U4CSE23236","Rahul Das","cb.sc.u4cse23236@cb.students.amrita.edu","CSE","C","2027","6.93","2","Not Placed"
"CB.SC.U4CSE23237","Sneha Shetty","cb.sc.u4cse23237@cb.students.amrita.edu","CSE","C","2027","7.25","1","Placed"
"CB.SC.U4CSE23238","Riya Mishra","cb.sc.u4cse23238@cb.students.amrita.edu","CSE","C","2027","9.11","1","Not Placed"
"CB.SC.U4CSE23239","Bhavya Menon","cb.sc.u4cse23239@cb.students.amrita.edu","CSE","C","2027","7.68","1","Not Placed"
"CB.SC.U4CSE23240","Varun Shetty","cb.sc.u4cse23240@cb.students.amrita.edu","CSE","C","2027","9.69","1","Placed"
"CB.SC.U4CSE23241","Nikhil Verma","cb.sc.u4cse23241@cb.students.amrita.edu","CSE","C","2027","7.19","0","Not Placed"
"CB.SC.U4CSE23242","Tanvi Verma","cb.sc.u4cse23242@cb.students.amrita.edu","CSE","C","2027","7.69","0","Not Placed"
"CB.SC.U4CSE23243","Aditya Chatterjee","cb.sc.u4cse23243@cb.students.amrita.edu","CSE","C","2027","8.79","2","Placed"
"CB.SC.U4CSE23244","Janani Reddy","cb.sc.u4cse23244@cb.students.amrita.edu","CSE","C","2027","6.07","0","Not Placed"
"CB.SC.U4CSE23245","Charan Nagarajan","cb.sc.u4cse23245@cb.students.amrita.edu","CSE","C","2027","9.15","1","Not Placed"
"CB.SC.U4CSE23246","Diya Sharma","cb.sc.u4cse23246@cb.students.amrita.edu","CSE","C","2027","6.31","2","Placed"
"CB.SC.U4CSE23247","Bhavya Raman","cb.sc.u4cse23247@cb.students.amrita.edu","CSE","C","2027","8.16","0","Not Placed"
"CB.SC.U4CSE23248","Karthik Chatterjee","cb.sc.u4cse23248@cb.students.amrita.edu","CSE","C","2027","7.14","0","Not Placed"
"CB.SC.U4CSE23249","Sneha Gupta","cb.sc.u4cse23249@cb.students.amrita.edu","CSE","C","2027","9.32","1","Placed"
"CB.SC.U4CSE23250","Varun Shetty","cb.sc.u4cse23250@cb.students.amrita.edu","CSE","C","2027","9.04","0","Not Placed"
"CB.SC.U4CSE23251","Keerthana Verma","cb.sc.u4cse23251@cb.students.amrita.edu","CSE","C","2027","6.06","0","Not Placed"
"CB.SC.U4CSE23252","Karthik Shetty","cb.sc.u4cse23252@cb.students.amrita.edu","CSE","C","2027","6.11","0","Placed"
"CB.SC.U4CSE23253","Nikhil Sharma","cb.sc.u4cse23253@cb.students.amrita.edu","CSE","C","2027","7.17","1","Not Placed"
"CB.SC.U4CSE23254","Surya Iyer","cb.sc.u4cse23254@cb.students.amrita.edu","CSE","C","2027","7.7","2","Not Placed"
"CB.SC.U4CSE23255","Meera Raman","cb.sc.u4cse23255@cb.students.amrita.edu","CSE","C","2027","8.16","0","Placed"
"CB.SC.U4CSE23256","Bhavya Nair","cb.sc.u4cse23256@cb.students.amrita.edu","CSE","C","2027","7.22","1","Not Placed"
"CB.SC.U4CSE23257","Aishwarya Mishra","cb.sc.u4cse23257@cb.students.amrita.edu","CSE","C","2027","8.72","1","Not Placed"
"CB.SC.U4CSE23258","Ananya Mishra","cb.sc.u4cse23258@cb.students.amrita.edu","CSE","C","2027","8.14","1","Placed"
"CB.SC.U4CSE23259","Ananya Pillai","cb.sc.u4cse23259@cb.students.amrita.edu","CSE","C","2027","9.47","1","Not Placed"
"CB.SC.U4CSE23260","Charan Bose","cb.sc.u4cse23260@cb.students.amrita.edu","CSE","C","2027","6.91","2","Not Placed"
"CB.SC.U4CSE23301","Akash Nair","cb.sc.u4cse23301@cb.students.amrita.edu","CSE","D","2027","7.84","1","Placed"
"CB.SC.U4CSE23302","Akash Kulkarni","cb.sc.u4cse23302@cb.students.amrita.edu","CSE","D","2027","6.58","1","Not Placed"
"CB.SC.U4CSE23303","Sneha Chatterjee","cb.sc.u4cse23303@cb.students.amrita.edu","CSE","D","2027","7.81","1","Not Placed"
"CB.SC.U4CSE23304","Yash Shetty","cb.sc.u4cse23304@cb.students.amrita.edu","CSE","D","2027","7.9","2","Placed"
"CB.SC.U4CSE23305","Nikhil Das","cb.sc.u4cse23305@cb.students.amrita.edu","CSE","D","2027","9.21","0","Not Placed"
"CB.SC.U4CSE23306","Pooja Nair","cb.sc.u4cse23306@cb.students.amrita.edu","CSE","D","2027","6.51","2","Not Placed"
"CB.SC.U4CSE23307","Arya Patel","cb.sc.u4cse23307@cb.students.amrita.edu","CSE","D","2027","8.98","0","Placed"
"CB.SC.U4CSE23308","Ishaan Mishra","cb.sc.u4cse23308@cb.students.amrita.edu","CSE","D","2027","9.27","1","Not Placed"
"CB.SC.U4CSE23309","Arya Verma","cb.sc.u4cse23309@cb.students.amrita.edu","CSE","D","2027","8.94","1","Not Placed"
"CB.SC.U4CSE23310","Arjun Mishra","cb.sc.u4cse23310@cb.students.amrita.edu","CSE","D","2027","9.85","0","Placed"
"CB.SC.U4CSE23311","Tanvi Sharma","cb.sc.u4cse23311@cb.students.amrita.edu","CSE","D","2027","8.85","0","Not Placed"
"CB.SC.U4CSE23312","Tanvi Gupta","cb.sc.u4cse23312@cb.students.amrita.edu","CSE","D","2027","8.55","0","Not Placed"
"CB.SC.U4CSE23313","Ananya Krishnan","cb.sc.u4cse23313@cb.students.amrita.edu","CSE","D","2027","7.78","2","Placed"
"CB.SC.U4CSE23314","Surya Pillai","cb.sc.u4cse23314@cb.students.amrita.edu","CSE","D","2027","6.7","0","Not Placed"
"CB.SC.U4CSE23315","Aarav Menon","cb.sc.u4cse23315@cb.students.amrita.edu","CSE","D","2027","7.03","1","Not Placed"
"CB.SC.U4CSE23316","Pooja Das","cb.sc.u4cse23316@cb.students.amrita.edu","CSE","D","2027","7.13","0","Placed"
"CB.SC.U4CSE23317","Janani Iyer","cb.sc.u4cse23317@cb.students.amrita.edu","CSE","D","2027","7.1","2","Not Placed"
"CB.SC.U4CSE23318","Surya Sharma","cb.sc.u4cse23318@cb.students.amrita.edu","CSE","D","2027","7.15","1","Not Placed"
"CB.SC.U4CSE23319","Pooja Kulkarni","cb.sc.u4cse23319@cb.students.amrita.edu","CSE","D","2027","8.58","1","Placed"
"CB.SC.U4CSE23320","Sneha Reddy","cb.sc.u4cse23320@cb.students.amrita.edu","CSE","D","2027","8.8","1","Not Placed"
"CB.SC.U4CSE23321","Akash Kulkarni","cb.sc.u4cse23321@cb.students.amrita.edu","CSE","D","2027","9.37","2","Not Placed"
"CB.SC.U4CSE23322","Akash Shetty","cb.sc.u4cse23322@cb.students.amrita.edu","CSE","D","2027","6.68","1","Placed"
"CB.SC.U4CSE23323","Ishaan Menon","cb.sc.u4cse23323@cb.students.amrita.edu","CSE","D","2027","9.14","0","Not Placed"
"CB.SC.U4CSE23324","Ishaan Sharma","cb.sc.u4cse23324@cb.students.amrita.edu","CSE","D","2027","7.7","0","Not Placed"
"CB.SC.U4CSE23325","Ananya Krishnan","cb.sc.u4cse23325@cb.students.amrita.edu","CSE","D","2027","9.21","1","Placed"
"CB.SC.U4CSE23326","Anirudh Verma","cb.sc.u4cse23326@cb.students.amrita.edu","CSE","D","2027","7.45","0","Not Placed"
"CB.SC.U4CSE23327","Janani Bose","cb.sc.u4cse23327@cb.students.amrita.edu","CSE","D","2027","9.79","1","Not Placed"
"CB.SC.U4CSE23328","Zara Nagarajan","cb.sc.u4cse23328@cb.students.amrita.edu","CSE","D","2027","6.05","1","Placed"
"CB.SC.U4CSE23329","Anirudh Pillai","cb.sc.u4cse23329@cb.students.amrita.edu","CSE","D","2027","6.15","0","Not Placed"
"CB.SC.U4CSE23330","Pooja Bose","cb.sc.u4cse23330@cb.students.amrita.edu","CSE","D","2027","6.77","2","Not Placed"
"CB.SC.U4CSE23331","Nikhil Chatterjee","cb.sc.u4cse23331@cb.students.amrita.edu","CSE","D","2027","7.23","2","Placed"
"CB.SC.U4CSE23332","Sneha Reddy","cb.sc.u4cse23332@cb.students.amrita.edu","CSE","D","2027","6.91","2","Not Placed"
"CB.SC.U4CSE23333","Ananya Shetty","cb.sc.u4cse23333@cb.students.amrita.edu","CSE","D","2027","7.89","0","Not Placed"
"CB.SC.U4CSE23334","Arjun Bose","cb.sc.u4cse23334@cb.students.amrita.edu","CSE","D","2027","7.36","0","Placed"
"CB.SC.U4CSE23335","Janani Nair","cb.sc.u4cse23335@cb.students.amrita.edu","CSE","D","2027","7.33","1","Not Placed"
"CB.SC.U4CSE23336","Akash Patel","cb.sc.u4cse23336@cb.students.amrita.edu","CSE","D","2027","7.99","1","Not Placed"
"CB.SC.U4CSE23337","Diya Mishra","cb.sc.u4cse23337@cb.students.amrita.edu","CSE","D","2027","8.57","2","Placed"
"CB.SC.U4CSE23338","Varun Sharma","cb.sc.u4cse23338@cb.students.amrita.edu","CSE","D","2027","7.96","2","Not Placed"
"CB.SC.U4CSE23339","Pooja Mishra","cb.sc.u4cse23339@cb.students.amrita.edu","CSE","D","2027","9.13","2","Not Placed"
"CB.SC.U4CSE23340","Vikram Nair","cb.sc.u4cse23340@cb.students.amrita.edu","CSE","D","2027","7.05","2","Placed"
"CB.SC.U4CSE23341","Sanjay Kapoor","cb.sc.u4cse23341@cb.students.amrita.edu","CSE","D","2027","7.37","2","Not Placed"
"CB.SC.U4CSE23342","Aditya Nair","cb.sc.u4cse23342@cb.students.amrita.edu","CSE","D","2027","6.94","2","Not Placed"
"CB.SC.U4CSE23343","Keerthana Nair","cb.sc.u4cse23343@cb.students.amrita.edu","CSE","D","2027","9.03","2","Placed"
"CB.SC.U4CSE23344","Diya Menon","cb.sc.u4cse23344@cb.students.amrita.edu","CSE","D","2027","9.53","1","Not Placed"
"CB.SC.U4CSE23345","Lakshmi Menon","cb.sc.u4cse23345@cb.students.amrita.edu","CSE","D","2027","9.25","1","Not Placed"
"CB.SC.U4CSE23346","Meera Kapoor","cb.sc.u4cse23346@cb.students.amrita.edu","CSE","D","2027","8.25","2","Placed"
"CB.SC.U4CSE23347","Harish Patel","cb.sc.u4cse23347@cb.students.amrita.edu","CSE","D","2027","6.75","1","Not Placed"
"CB.SC.U4CSE23348","Arya Chatterjee","cb.sc.u4cse23348@cb.students.amrita.edu","CSE","D","2027","7.92","0","Not Placed"
"CB.SC.U4CSE23349","Riya Chatterjee","cb.sc.u4cse23349@cb.students.amrita.edu","CSE","D","2027","9.52","1","Placed"
"CB.SC.U4CSE23350","Ananya Menon","cb.sc.u4cse23350@cb.students.amrita.edu","CSE","D","2027","7.3","0","Not Placed"
"CB.SC.U4CSE23351","Nikhil Kapoor","cb.sc.u4cse23351@cb.students.amrita.edu","CSE","D","2027","9.65","0","Not Placed"
"CB.SC.U4CSE23352","Ananya Joshi","cb.sc.u4cse23352@cb.students.amrita.edu","CSE","D","2027","9.85","2","Placed"
"CB.SC.U4CSE23353","Nikhil Das","cb.sc.u4cse23353@cb.students.amrita.edu","CSE","D","2027","6.6","2","Not Placed"
"CB.SC.U4CSE23354","Anirudh Das","cb.sc.u4cse23354@cb.students.amrita.edu","CSE","D","2027","7.23","2","Not Placed"
"CB.SC.U4CSE23355","Akash Das","cb.sc.u4cse23355@cb.students.amrita.edu","CSE","D","2027","8.11","0","Placed"
"CB.SC.U4CSE23356","Sanjay Gupta","cb.sc.u4cse23356@cb.students.amrita.edu","CSE","D","2027","8.13","2","Not Placed"
"CB.SC.U4CSE23357","Janani Shetty","cb.sc.u4cse23357@cb.students.amrita.edu","CSE","D","2027","9.61","2","Not Placed"
"CB.SC.U4CSE23358","Pooja Krishnan","cb.sc.u4cse23358@cb.students.amrita.edu","CSE","D","2027","8.49","0","Placed"
"CB.SC.U4CSE23359","Sanjay Kulkarni","cb.sc.u4cse23359@cb.students.amrita.edu","CSE","D","2027","8.27","1","Not Placed"
"CB.SC.U4CSE23360","Surya Joshi","cb.sc.u4cse23360@cb.students.amrita.edu","CSE","D","2027","7.47","0","Not Placed"
"CB.SC.U4CSE23401","Akash Krishnan","cb.sc.u4cse23401@cb.students.amrita.edu","CSE","E","2027","9.47","0","Placed"
"CB.SC.U4CSE23402","Ishaan Reddy","cb.sc.u4cse23402@cb.students.amrita.edu","CSE","E","2027","8.5","1","Not Placed"
"CB.SC.U4CSE23403","Varun Pillai","cb.sc.u4cse23403@cb.students.amrita.edu","CSE","E","2027","6.03","0","Not Placed"
"CB.SC.U4CSE23404","Janani Kapoor","cb.sc.u4cse23404@cb.students.amrita.edu","CSE","E","2027","8.05","1","Placed"
"CB.SC.U4CSE23405","Aditya Menon","cb.sc.u4cse23405@cb.students.amrita.edu","CSE","E","2027","9.16","1","Not Placed"
"CB.SC.U4CSE23406","Charan Verma","cb.sc.u4cse23406@cb.students.amrita.edu","CSE","E","2027","8.06","2","Not Placed"
"CB.SC.U4CSE23407","Zara Shetty","cb.sc.u4cse23407@cb.students.amrita.edu","CSE","E","2027","9.75","2","Placed"
"CB.SC.U4CSE23408","Yash Krishnan","cb.sc.u4cse23408@cb.students.amrita.edu","CSE","E","2027","7.49","1","Not Placed"
"CB.SC.U4CSE23409","Ishaan Patel","cb.sc.u4cse23409@cb.students.amrita.edu","CSE","E","2027","6.43","0","Not Placed"
"CB.SC.U4CSE23410","Arya Bose","cb.sc.u4cse23410@cb.students.amrita.edu","CSE","E","2027","7.49","1","Placed"
"CB.SC.U4CSE23411","Zara Krishnan","cb.sc.u4cse23411@cb.students.amrita.edu","CSE","E","2027","8.12","0","Not Placed"
"CB.SC.U4CSE23412","Arya Iyer","cb.sc.u4cse23412@cb.students.amrita.edu","CSE","E","2027","6.57","0","Not Placed"
"CB.SC.U4CSE23413","Lakshmi Shetty","cb.sc.u4cse23413@cb.students.amrita.edu","CSE","E","2027","6.6","1","Placed"
"CB.SC.U4CSE23414","Diya Nagarajan","cb.sc.u4cse23414@cb.students.amrita.edu","CSE","E","2027","8.61","2","Not Placed"
"CB.SC.U4CSE23415","Aditya Kapoor","cb.sc.u4cse23415@cb.students.amrita.edu","CSE","E","2027","7.08","2","Not Placed"
"CB.SC.U4CSE23416","Lakshmi Nagarajan","cb.sc.u4cse23416@cb.students.amrita.edu","CSE","E","2027","7.95","2","Placed"
"CB.SC.U4CSE23417","Sanjay Iyer","cb.sc.u4cse23417@cb.students.amrita.edu","CSE","E","2027","6.74","2","Not Placed"
"CB.SC.U4CSE23418","Sanjay Pillai","cb.sc.u4cse23418@cb.students.amrita.edu","CSE","E","2027","8.9","1","Not Placed"
"CB.SC.U4CSE23419","Rahul Kulkarni","cb.sc.u4cse23419@cb.students.amrita.edu","CSE","E","2027","9.18","2","Placed"
"CB.SC.U4CSE23420","Aditya Menon","cb.sc.u4cse23420@cb.students.amrita.edu","CSE","E","2027","9.7","0","Not Placed"
"CB.SC.U4CSE23421","Karthik Gupta","cb.sc.u4cse23421@cb.students.amrita.edu","CSE","E","2027","9.16","0","Not Placed"
"CB.SC.U4CSE23422","Rahul Mishra","cb.sc.u4cse23422@cb.students.amrita.edu","CSE","E","2027","7.49","2","Placed"
"CB.SC.U4CSE23423","Aishwarya Kulkarni","cb.sc.u4cse23423@cb.students.amrita.edu","CSE","E","2027","8.6","2","Not Placed"
"CB.SC.U4CSE23424","Arya Das","cb.sc.u4cse23424@cb.students.amrita.edu","CSE","E","2027","6.7","0","Not Placed"
"CB.SC.U4CSE23425","Yash Kapoor","cb.sc.u4cse23425@cb.students.amrita.edu","CSE","E","2027","6.14","2","Placed"
"CB.SC.U4CSE23426","Riya Nagarajan","cb.sc.u4cse23426@cb.students.amrita.edu","CSE","E","2027","8.58","0","Not Placed"
"CB.SC.U4CSE23427","Sanjay Iyer","cb.sc.u4cse23427@cb.students.amrita.edu","CSE","E","2027","6.38","1","Not Placed"
"CB.SC.U4CSE23428","Sanjay Patel","cb.sc.u4cse23428@cb.students.amrita.edu","CSE","E","2027","7.37","2","Placed"
"CB.SC.U4CSE23429","Anirudh Gupta","cb.sc.u4cse23429@cb.students.amrita.edu","CSE","E","2027","8.68","0","Not Placed"
"CB.SC.U4CSE23430","Tanvi Nagarajan","cb.sc.u4cse23430@cb.students.amrita.edu","CSE","E","2027","8.39","2","Not Placed"
"CB.SC.U4CSE23431","Yash Bose","cb.sc.u4cse23431@cb.students.amrita.edu","CSE","E","2027","9.79","0","Placed"
"CB.SC.U4CSE23432","Rahul Joshi","cb.sc.u4cse23432@cb.students.amrita.edu","CSE","E","2027","6.42","2","Not Placed"
"CB.SC.U4CSE23433","Aditya Mishra","cb.sc.u4cse23433@cb.students.amrita.edu","CSE","E","2027","6.25","0","Not Placed"
"CB.SC.U4CSE23434","Anirudh Nair","cb.sc.u4cse23434@cb.students.amrita.edu","CSE","E","2027","8.37","1","Placed"
"CB.SC.U4CSE23435","Riya Verma","cb.sc.u4cse23435@cb.students.amrita.edu","CSE","E","2027","8.48","1","Not Placed"
"CB.SC.U4CSE23436","Varun Shetty","cb.sc.u4cse23436@cb.students.amrita.edu","CSE","E","2027","8.82","1","Not Placed"
"CB.SC.U4CSE23437","Sanjay Krishnan","cb.sc.u4cse23437@cb.students.amrita.edu","CSE","E","2027","7.03","2","Placed"
"CB.SC.U4CSE23438","Anirudh Nagarajan","cb.sc.u4cse23438@cb.students.amrita.edu","CSE","E","2027","6.44","2","Not Placed"
"CB.SC.U4CSE23439","Riya Joshi","cb.sc.u4cse23439@cb.students.amrita.edu","CSE","E","2027","7.42","2","Not Placed"
"CB.SC.U4CSE23440","Ishaan Verma","cb.sc.u4cse23440@cb.students.amrita.edu","CSE","E","2027","6.91","1","Placed"
"CB.SC.U4CSE23441","Akash Chatterjee","cb.sc.u4cse23441@cb.students.amrita.edu","CSE","E","2027","7.1","1","Not Placed"
"CB.SC.U4CSE23442","Meera Shetty","cb.sc.u4cse23442@cb.students.amrita.edu","CSE","E","2027","7.03","0","Not Placed"
"CB.SC.U4CSE23443","Akash Joshi","cb.sc.u4cse23443@cb.students.amrita.edu","CSE","E","2027","6.11","1","Placed"
"CB.SC.U4CSE23444","Ananya Kapoor","cb.sc.u4cse23444@cb.students.amrita.edu","CSE","E","2027","9.01","1","Not Placed"
"CB.SC.U4CSE23445","Karthik Pillai","cb.sc.u4cse23445@cb.students.amrita.edu","CSE","E","2027","9.77","0","Not Placed"
"CB.SC.U4CSE23446","Arjun Chatterjee","cb.sc.u4cse23446@cb.students.amrita.edu","CSE","E","2027","8.25","0","Placed"
"CB.SC.U4CSE23447","Meera Nair","cb.sc.u4cse23447@cb.students.amrita.edu","CSE","E","2027","6.25","1","Not Placed"
"CB.SC.U4CSE23448","Surya Raman","cb.sc.u4cse23448@cb.students.amrita.edu","CSE","E","2027","8.33","0","Not Placed"
"CB.SC.U4CSE23449","Akash Iyer","cb.sc.u4cse23449@cb.students.amrita.edu","CSE","E","2027","8.75","2","Placed"
"CB.SC.U4CSE23450","Anirudh Patel","cb.sc.u4cse23450@cb.students.amrita.edu","CSE","E","2027","7.61","1","Not Placed"
"CB.SC.U4CSE23451","Diya Menon","cb.sc.u4cse23451@cb.students.amrita.edu","CSE","E","2027","8.87","0","Not Placed"
"CB.SC.U4CSE23452","Diya Sharma","cb.sc.u4cse23452@cb.students.amrita.edu","CSE","E","2027","9.34","2","Placed"
"CB.SC.U4CSE23453","Janani Iyer","cb.sc.u4cse23453@cb.students.amrita.edu","CSE","E","2027","7.94","2","Not Placed"
"CB.SC.U4CSE23454","Charan Verma","cb.sc.u4cse23454@cb.students.amrita.edu","CSE","E","2027","8.55","0","Not Placed"
"CB.SC.U4CSE23455","Surya Nair","cb.sc.u4cse23455@cb.students.amrita.edu","CSE","E","2027","6.02","0","Placed"
"CB.SC.U4CSE23456","Bhavya Sharma","cb.sc.u4cse23456@cb.students.amrita.edu","CSE","E","2027","9.89","1","Not Placed"
"CB.SC.U4CSE23457","Sanjay Menon","cb.sc.u4cse23457@cb.students.amrita.edu","CSE","E","2027","7.81","2","Not Placed"
"CB.SC.U4CSE23458","Harish Verma","cb.sc.u4cse23458@cb.students.amrita.edu","CSE","E","2027","6.3","2","Placed"
"CB.SC.U4CSE23459","Ananya Nagarajan","cb.sc.u4cse23459@cb.students.amrita.edu","CSE","E","2027","8.17","2","Not Placed"
"CB.SC.U4CSE23460","Rahul Kapoor","cb.sc.u4cse23460@cb.students.amrita.edu","CSE","E","2027","8.25","0","Not Placed"
"CB.SC.U4AI23001","Anirudh Kapoor","cb.sc.u4ai23001@cb.students.amrita.edu","AI","A","2027","9.72","0","Placed"
"CB.SC.U4AI23002","Arya Bose","cb.sc.u4ai23002@cb.students.amrita.edu","AI","A","2027","7.79","2","Not Placed"
"CB.SC.U4AI23003","Arjun Mishra","cb.sc.u4ai23003@cb.students.amrita.edu","AI","A","2027","7.36","0","Not Placed"
"CB.SC.U4AI23004","Rahul Das","cb.sc.u4ai23004@cb.students.amrita.edu","AI","A","2027","9.22","0","Placed"
"CB.SC.U4AI23005","Surya Menon","cb.sc.u4ai23005@cb.students.amrita.edu","AI","A","2027","6.06","0","Not Placed"
"CB.SC.U4AI23006","Bhavya Kapoor","cb.sc.u4ai23006@cb.students.amrita.edu","AI","A","2027","6.11","2","Not Placed"
"CB.SC.U4AI23007","Karthik Reddy","cb.sc.u4ai23007@cb.students.amrita.edu","AI","A","2027","9.41","0","Placed"
"CB.SC.U4AI23008","Rahul Pillai","cb.sc.u4ai23008@cb.students.amrita.edu","AI","A","2027","6.65","2","Not Placed"
"CB.SC.U4AI23009","Vikram Shetty","cb.sc.u4ai23009@cb.students.amrita.edu","AI","A","2027","6.67","2","Not Placed"
"CB.SC.U4AI23010","Bhavya Reddy","cb.sc.u4ai23010@cb.students.amrita.edu","AI","A","2027","7.36","1","Placed"
"CB.SC.U4AI23011","Riya Shetty","cb.sc.u4ai23011@cb.students.amrita.edu","AI","A","2027","8.47","0","Not Placed"
"CB.SC.U4AI23012","Lakshmi Gupta","cb.sc.u4ai23012@cb.students.amrita.edu","AI","A","2027","6.52","1","Not Placed"
"CB.SC.U4AI23013","Lakshmi Kulkarni","cb.sc.u4ai23013@cb.students.amrita.edu","AI","A","2027","8.12","0","Placed"
"CB.SC.U4AI23014","Meera Bose","cb.sc.u4ai23014@cb.students.amrita.edu","AI","A","2027","8.56","2","Not Placed"
"CB.SC.U4AI23015","Varun Das","cb.sc.u4ai23015@cb.students.amrita.edu","AI","A","2027","9.48","2","Not Placed"
"CB.SC.U4AI23016","Riya Pillai","cb.sc.u4ai23016@cb.students.amrita.edu","AI","A","2027","6.25","1","Placed"
"CB.SC.U4AI23017","Akash Verma","cb.sc.u4ai23017@cb.students.amrita.edu","AI","A","2027","8.37","0","Not Placed"
"CB.SC.U4AI23018","Tanvi Shetty","cb.sc.u4ai23018@cb.students.amrita.edu","AI","A","2027","9.2","0","Not Placed"
"CB.SC.U4AI23019","Ananya Pillai","cb.sc.u4ai23019@cb.students.amrita.edu","AI","A","2027","6.14","1","Placed"
"CB.SC.U4AI23020","Charan Das","cb.sc.u4ai23020@cb.students.amrita.edu","AI","A","2027","6.44","1","Not Placed"
"CB.SC.U4AI23021","Pooja Patel","cb.sc.u4ai23021@cb.students.amrita.edu","AI","A","2027","8.98","1","Not Placed"
"CB.SC.U4AI23022","Ananya Krishnan","cb.sc.u4ai23022@cb.students.amrita.edu","AI","A","2027","7.32","0","Placed"
"CB.SC.U4AI23023","Sneha Chatterjee","cb.sc.u4ai23023@cb.students.amrita.edu","AI","A","2027","9.48","1","Not Placed"
"CB.SC.U4AI23024","Zara Gupta","cb.sc.u4ai23024@cb.students.amrita.edu","AI","A","2027","6.28","0","Not Placed"
"CB.SC.U4AI23025","Anirudh Iyer","cb.sc.u4ai23025@cb.students.amrita.edu","AI","A","2027","8.44","2","Placed"
"CB.SC.U4AI23026","Aishwarya Kapoor","cb.sc.u4ai23026@cb.students.amrita.edu","AI","A","2027","6.52","2","Not Placed"
"CB.SC.U4AI23027","Lakshmi Das","cb.sc.u4ai23027@cb.students.amrita.edu","AI","A","2027","6.36","1","Not Placed"
"CB.SC.U4AI23028","Nikhil Krishnan","cb.sc.u4ai23028@cb.students.amrita.edu","AI","A","2027","7.19","1","Placed"
"CB.SC.U4AI23029","Zara Patel","cb.sc.u4ai23029@cb.students.amrita.edu","AI","A","2027","6.61","2","Not Placed"
"CB.SC.U4AI23030","Akash Das","cb.sc.u4ai23030@cb.students.amrita.edu","AI","A","2027","6.56","2","Not Placed"
"CB.SC.U4AI23031","Sanjay Nagarajan","cb.sc.u4ai23031@cb.students.amrita.edu","AI","A","2027","8.66","1","Placed"
"CB.SC.U4AI23032","Janani Verma","cb.sc.u4ai23032@cb.students.amrita.edu","AI","A","2027","8.95","0","Not Placed"
"CB.SC.U4AI23033","Arjun Das","cb.sc.u4ai23033@cb.students.amrita.edu","AI","A","2027","8.02","0","Not Placed"
"CB.SC.U4AI23034","Bhavya Gupta","cb.sc.u4ai23034@cb.students.amrita.edu","AI","A","2027","6.32","0","Placed"
"CB.SC.U4AI23035","Riya Verma","cb.sc.u4ai23035@cb.students.amrita.edu","AI","A","2027","9.27","2","Not Placed"
"CB.SC.U4AI23036","Sneha Kapoor","cb.sc.u4ai23036@cb.students.amrita.edu","AI","A","2027","7.7","1","Not Placed"
"CB.SC.U4AI23037","Charan Bose","cb.sc.u4ai23037@cb.students.amrita.edu","AI","A","2027","8.09","1","Placed"
"CB.SC.U4AI23038","Keerthana Nagarajan","cb.sc.u4ai23038@cb.students.amrita.edu","AI","A","2027","6.27","2","Not Placed"
"CB.SC.U4AI23039","Meera Nair","cb.sc.u4ai23039@cb.students.amrita.edu","AI","A","2027","6.3","1","Not Placed"
"CB.SC.U4AI23040","Keerthana Shetty","cb.sc.u4ai23040@cb.students.amrita.edu","AI","A","2027","9.27","0","Placed"
"CB.SC.U4AI23041","Meera Nair","cb.sc.u4ai23041@cb.students.amrita.edu","AI","A","2027","9.48","2","Not Placed"
"CB.SC.U4AI23042","Nikhil Chatterjee","cb.sc.u4ai23042@cb.students.amrita.edu","AI","A","2027","8.09","2","Not Placed"
"CB.SC.U4AI23043","Anirudh Bose","cb.sc.u4ai23043@cb.students.amrita.edu","AI","A","2027","9.72","0","Placed"
"CB.SC.U4AI23044","Riya Joshi","cb.sc.u4ai23044@cb.students.amrita.edu","AI","A","2027","9.22","1","Not Placed"
"CB.SC.U4AI23045","Vikram Verma","cb.sc.u4ai23045@cb.students.amrita.edu","AI","A","2027","6.84","1","Not Placed"
"CB.SC.U4AI23046","Meera Mishra","cb.sc.u4ai23046@cb.students.amrita.edu","AI","A","2027","9.18","1","Placed"
"CB.SC.U4AI23047","Arya Verma","cb.sc.u4ai23047@cb.students.amrita.edu","AI","A","2027","8.15","2","Not Placed"
"CB.SC.U4AI23048","Keerthana Nair","cb.sc.u4ai23048@cb.students.amrita.edu","AI","A","2027","6.81","0","Not Placed"
"CB.SC.U4AI23049","Charan Nagarajan","cb.sc.u4ai23049@cb.students.amrita.edu","AI","A","2027","9.4","1","Placed"
"CB.SC.U4AI23050","Sanjay Joshi","cb.sc.u4ai23050@cb.students.amrita.edu","AI","A","2027","7.72","2","Not Placed"
"CB.SC.U4AI23051","Anirudh Verma","cb.sc.u4ai23051@cb.students.amrita.edu","AI","A","2027","9.54","2","Not Placed"
"CB.SC.U4AI23052","Lakshmi Krishnan","cb.sc.u4ai23052@cb.students.amrita.edu","AI","A","2027","6.05","2","Placed"
"CB.SC.U4AI23053","Yash Shetty","cb.sc.u4ai23053@cb.students.amrita.edu","AI","A","2027","8.63","2","Not Placed"
"CB.SC.U4AI23054","Ishaan Raman","cb.sc.u4ai23054@cb.students.amrita.edu","AI","A","2027","9.33","0","Not Placed"
"CB.SC.U4AI23055","Nikhil Sharma","cb.sc.u4ai23055@cb.students.amrita.edu","AI","A","2027","6.52","1","Placed"
"CB.SC.U4AI23056","Sanjay Das","cb.sc.u4ai23056@cb.students.amrita.edu","AI","A","2027","9.89","0","Not Placed"
"CB.SC.U4AI23057","Janani Bose","cb.sc.u4ai23057@cb.students.amrita.edu","AI","A","2027","7.13","2","Not Placed"
"CB.SC.U4AI23058","Nikhil Patel","cb.sc.u4ai23058@cb.students.amrita.edu","AI","A","2027","7.57","0","Placed"
"CB.SC.U4AI23059","Sneha Bose","cb.sc.u4ai23059@cb.students.amrita.edu","AI","A","2027","7.46","1","Not Placed"
"CB.SC.U4AI23060","Riya Nagarajan","cb.sc.u4ai23060@cb.students.amrita.edu","AI","A","2027","6.62","0","Not Placed"
"CB.SC.U4AI23101","Ananya Krishnan","cb.sc.u4ai23101@cb.students.amrita.edu","AI","B","2027","9.26","2","Placed"
"CB.SC.U4AI23102","Aarav Krishnan","cb.sc.u4ai23102@cb.students.amrita.edu","AI","B","2027","9.83","1","Not Placed"
"CB.SC.U4AI23103","Karthik Raman","cb.sc.u4ai23103@cb.students.amrita.edu","AI","B","2027","7.98","2","Not Placed"
"CB.SC.U4AI23104","Sanjay Krishnan","cb.sc.u4ai23104@cb.students.amrita.edu","AI","B","2027","6.85","0","Placed"
"CB.SC.U4AI23105","Zara Iyer","cb.sc.u4ai23105@cb.students.amrita.edu","AI","B","2027","9.22","1","Not Placed"
"CB.SC.U4AI23106","Pooja Verma","cb.sc.u4ai23106@cb.students.amrita.edu","AI","B","2027","7.09","0","Not Placed"
"CB.SC.U4AI23107","Rahul Mishra","cb.sc.u4ai23107@cb.students.amrita.edu","AI","B","2027","6.69","2","Placed"
"CB.SC.U4AI23108","Arjun Mishra","cb.sc.u4ai23108@cb.students.amrita.edu","AI","B","2027","6.08","2","Not Placed"
"CB.SC.U4AI23109","Aarav Menon","cb.sc.u4ai23109@cb.students.amrita.edu","AI","B","2027","8.91","0","Not Placed"
"CB.SC.U4AI23110","Janani Mishra","cb.sc.u4ai23110@cb.students.amrita.edu","AI","B","2027","6.57","2","Placed"
"CB.SC.U4AI23111","Lakshmi Krishnan","cb.sc.u4ai23111@cb.students.amrita.edu","AI","B","2027","8.78","0","Not Placed"
"CB.SC.U4AI23112","Varun Nagarajan","cb.sc.u4ai23112@cb.students.amrita.edu","AI","B","2027","6.44","1","Not Placed"
"CB.SC.U4AI23113","Ananya Reddy","cb.sc.u4ai23113@cb.students.amrita.edu","AI","B","2027","7.77","1","Placed"
"CB.SC.U4AI23114","Janani Das","cb.sc.u4ai23114@cb.students.amrita.edu","AI","B","2027","7.87","0","Not Placed"
"CB.SC.U4AI23115","Diya Gupta","cb.sc.u4ai23115@cb.students.amrita.edu","AI","B","2027","8.16","1","Not Placed"
"CB.SC.U4AI23116","Sneha Reddy","cb.sc.u4ai23116@cb.students.amrita.edu","AI","B","2027","8.75","1","Placed"
"CB.SC.U4AI23117","Rahul Bose","cb.sc.u4ai23117@cb.students.amrita.edu","AI","B","2027","6.77","2","Not Placed"
"CB.SC.U4AI23118","Charan Raman","cb.sc.u4ai23118@cb.students.amrita.edu","AI","B","2027","6.79","1","Not Placed"
"CB.SC.U4AI23119","Bhavya Patel","cb.sc.u4ai23119@cb.students.amrita.edu","AI","B","2027","9.14","1","Placed"
"CB.SC.U4AI23120","Meera Kapoor","cb.sc.u4ai23120@cb.students.amrita.edu","AI","B","2027","9.05","0","Not Placed"
"CB.SC.U4AI23121","Vikram Sharma","cb.sc.u4ai23121@cb.students.amrita.edu","AI","B","2027","7.76","0","Not Placed"
"CB.SC.U4AI23122","Pooja Nair","cb.sc.u4ai23122@cb.students.amrita.edu","AI","B","2027","6.64","1","Placed"
"CB.SC.U4AI23123","Bhavya Menon","cb.sc.u4ai23123@cb.students.amrita.edu","AI","B","2027","7.99","0","Not Placed"
"CB.SC.U4AI23124","Varun Iyer","cb.sc.u4ai23124@cb.students.amrita.edu","AI","B","2027","9.01","0","Not Placed"
"CB.SC.U4AI23125","Aishwarya Raman","cb.sc.u4ai23125@cb.students.amrita.edu","AI","B","2027","7.53","0","Placed"
"CB.SC.U4AI23126","Nikhil Kapoor","cb.sc.u4ai23126@cb.students.amrita.edu","AI","B","2027","8.38","0","Not Placed"
"CB.SC.U4AI23127","Harish Shetty","cb.sc.u4ai23127@cb.students.amrita.edu","AI","B","2027","7.04","1","Not Placed"
"CB.SC.U4AI23128","Arjun Reddy","cb.sc.u4ai23128@cb.students.amrita.edu","AI","B","2027","9.26","1","Placed"
"CB.SC.U4AI23129","Arjun Raman","cb.sc.u4ai23129@cb.students.amrita.edu","AI","B","2027","6.85","2","Not Placed"
"CB.SC.U4AI23130","Meera Krishnan","cb.sc.u4ai23130@cb.students.amrita.edu","AI","B","2027","7.36","2","Not Placed"
"CB.SC.U4AI23131","Sneha Patel","cb.sc.u4ai23131@cb.students.amrita.edu","AI","B","2027","9.08","0","Placed"
"CB.SC.U4AI23132","Ananya Nair","cb.sc.u4ai23132@cb.students.amrita.edu","AI","B","2027","9.56","0","Not Placed"
"CB.SC.U4AI23133","Rahul Raman","cb.sc.u4ai23133@cb.students.amrita.edu","AI","B","2027","7.67","0","Not Placed"
"CB.SC.U4AI23134","Charan Raman","cb.sc.u4ai23134@cb.students.amrita.edu","AI","B","2027","9.43","0","Placed"
"CB.SC.U4AI23135","Karthik Verma","cb.sc.u4ai23135@cb.students.amrita.edu","AI","B","2027","8.38","0","Not Placed"
"CB.SC.U4AI23136","Aditya Mishra","cb.sc.u4ai23136@cb.students.amrita.edu","AI","B","2027","8.48","0","Not Placed"
"CB.SC.U4AI23137","Ishaan Joshi","cb.sc.u4ai23137@cb.students.amrita.edu","AI","B","2027","8.51","2","Placed"
"CB.SC.U4AI23138","Diya Mishra","cb.sc.u4ai23138@cb.students.amrita.edu","AI","B","2027","6.57","0","Not Placed"
"CB.SC.U4AI23139","Nikhil Sharma","cb.sc.u4ai23139@cb.students.amrita.edu","AI","B","2027","8.49","1","Not Placed"
"CB.SC.U4AI23140","Lakshmi Nair","cb.sc.u4ai23140@cb.students.amrita.edu","AI","B","2027","9.25","1","Placed"
"CB.SC.U4AI23141","Arya Das","cb.sc.u4ai23141@cb.students.amrita.edu","AI","B","2027","8.19","2","Not Placed"
"CB.SC.U4AI23142","Harish Nair","cb.sc.u4ai23142@cb.students.amrita.edu","AI","B","2027","8.56","0","Not Placed"
"CB.SC.U4AI23143","Pooja Krishnan","cb.sc.u4ai23143@cb.students.amrita.edu","AI","B","2027","6.47","2","Placed"
"CB.SC.U4AI23144","Ananya Pillai","cb.sc.u4ai23144@cb.students.amrita.edu","AI","B","2027","7.35","0","Not Placed"
"CB.SC.U4AI23145","Surya Kapoor","cb.sc.u4ai23145@cb.students.amrita.edu","AI","B","2027","9.2","1","Not Placed"
"CB.SC.U4AI23146","Tanvi Gupta","cb.sc.u4ai23146@cb.students.amrita.edu","AI","B","2027","9.18","1","Placed"
"CB.SC.U4AI23147","Karthik Gupta","cb.sc.u4ai23147@cb.students.amrita.edu","AI","B","2027","7.43","1","Not Placed"
"CB.SC.U4AI23148","Janani Bose","cb.sc.u4ai23148@cb.students.amrita.edu","AI","B","2027","9.72","2","Not Placed"
"CB.SC.U4AI23149","Akash Pillai","cb.sc.u4ai23149@cb.students.amrita.edu","AI","B","2027","7.41","0","Placed"
"CB.SC.U4AI23150","Ananya Kapoor","cb.sc.u4ai23150@cb.students.amrita.edu","AI","B","2027","7.61","1","Not Placed"
"CB.SC.U4AI23151","Rahul Kapoor","cb.sc.u4ai23151@cb.students.amrita.edu","AI","B","2027","7.07","1","Not Placed"
"CB.SC.U4AI23152","Ishaan Kapoor","cb.sc.u4ai23152@cb.students.amrita.edu","AI","B","2027","7.06","0","Placed"
"CB.SC.U4AI23153","Pooja Iyer","cb.sc.u4ai23153@cb.students.amrita.edu","AI","B","2027","8.53","0","Not Placed"
"CB.SC.U4AI23154","Vikram Iyer","cb.sc.u4ai23154@cb.students.amrita.edu","AI","B","2027","8.62","1","Not Placed"
"CB.SC.U4AI23155","Nikhil Chatterjee","cb.sc.u4ai23155@cb.students.amrita.edu","AI","B","2027","8.22","0","Placed"
"CB.SC.U4AI23156","Karthik Bose","cb.sc.u4ai23156@cb.students.amrita.edu","AI","B","2027","8.18","2","Not Placed"
"CB.SC.U4AI23157","Lakshmi Pillai","cb.sc.u4ai23157@cb.students.amrita.edu","AI","B","2027","8.38","1","Not Placed"
"CB.SC.U4AI23158","Janani Iyer","cb.sc.u4ai23158@cb.students.amrita.edu","AI","B","2027","6.54","1","Placed"
"CB.SC.U4AI23159","Meera Joshi","cb.sc.u4ai23159@cb.students.amrita.edu","AI","B","2027","6.63","2","Not Placed"
"CB.SC.U4AI23160","Ishaan Kulkarni","cb.sc.u4ai23160@cb.students.amrita.edu","AI","B","2027","9.76","1","Not Placed"
"CB.SC.U4AI23201","Vikram Joshi","cb.sc.u4ai23201@cb.students.amrita.edu","AI","C","2027","6.76","1","Placed"
"CB.SC.U4AI23202","Zara Krishnan","cb.sc.u4ai23202@cb.students.amrita.edu","AI","C","2027","9.43","1","Not Placed"
"CB.SC.U4AI23203","Harish Joshi","cb.sc.u4ai23203@cb.students.amrita.edu","AI","C","2027","8.06","1","Not Placed"
"CB.SC.U4AI23204","Janani Reddy","cb.sc.u4ai23204@cb.students.amrita.edu","AI","C","2027","8.54","1","Placed"
"CB.SC.U4AI23205","Diya Menon","cb.sc.u4ai23205@cb.students.amrita.edu","AI","C","2027","6.91","0","Not Placed"
"CB.SC.U4AI23206","Rahul Krishnan","cb.sc.u4ai23206@cb.students.amrita.edu","AI","C","2027","9.66","0","Not Placed"
"CB.SC.U4AI23207","Sneha Nair","cb.sc.u4ai23207@cb.students.amrita.edu","AI","C","2027","9.07","0","Placed"
"CB.SC.U4AI23208","Aishwarya Nagarajan","cb.sc.u4ai23208@cb.students.amrita.edu","AI","C","2027","7.8","2","Not Placed"
"CB.SC.U4AI23209","Bhavya Nagarajan","cb.sc.u4ai23209@cb.students.amrita.edu","AI","C","2027","9.53","2","Not Placed"
"CB.SC.U4AI23210","Lakshmi Gupta","cb.sc.u4ai23210@cb.students.amrita.edu","AI","C","2027","9.15","0","Placed"
"CB.SC.U4AI23211","Keerthana Pillai","cb.sc.u4ai23211@cb.students.amrita.edu","AI","C","2027","6.59","1","Not Placed"
"CB.SC.U4AI23212","Anirudh Gupta","cb.sc.u4ai23212@cb.students.amrita.edu","AI","C","2027","9.8","1","Not Placed"
"CB.SC.U4AI23213","Anirudh Menon","cb.sc.u4ai23213@cb.students.amrita.edu","AI","C","2027","9.1","2","Placed"
"CB.SC.U4AI23214","Aditya Gupta","cb.sc.u4ai23214@cb.students.amrita.edu","AI","C","2027","7.09","1","Not Placed"
"CB.SC.U4AI23215","Ishaan Iyer","cb.sc.u4ai23215@cb.students.amrita.edu","AI","C","2027","6.2","1","Not Placed"
"CB.SC.U4AI23216","Aishwarya Shetty","cb.sc.u4ai23216@cb.students.amrita.edu","AI","C","2027","8.16","0","Placed"
"CB.SC.U4AI23217","Anirudh Reddy","cb.sc.u4ai23217@cb.students.amrita.edu","AI","C","2027","6.91","0","Not Placed"
"CB.SC.U4AI23218","Nikhil Nagarajan","cb.sc.u4ai23218@cb.students.amrita.edu","AI","C","2027","7.68","1","Not Placed"
"CB.SC.U4AI23219","Harish Patel","cb.sc.u4ai23219@cb.students.amrita.edu","AI","C","2027","8.29","1","Placed"
"CB.SC.U4AI23220","Sanjay Chatterjee","cb.sc.u4ai23220@cb.students.amrita.edu","AI","C","2027","9.39","0","Not Placed"
"CB.SC.U4AI23221","Meera Kulkarni","cb.sc.u4ai23221@cb.students.amrita.edu","AI","C","2027","6.37","0","Not Placed"
"CB.SC.U4AI23222","Diya Verma","cb.sc.u4ai23222@cb.students.amrita.edu","AI","C","2027","8.35","2","Placed"
"CB.SC.U4AI23223","Arjun Pillai","cb.sc.u4ai23223@cb.students.amrita.edu","AI","C","2027","6.6","1","Not Placed"
"CB.SC.U4AI23224","Aarav Mishra","cb.sc.u4ai23224@cb.students.amrita.edu","AI","C","2027","9.43","0","Not Placed"
"CB.SC.U4AI23225","Janani Krishnan","cb.sc.u4ai23225@cb.students.amrita.edu","AI","C","2027","7.54","0","Placed"
"CB.SC.U4AI23226","Karthik Patel","cb.sc.u4ai23226@cb.students.amrita.edu","AI","C","2027","7.14","2","Not Placed"
"CB.SC.U4AI23227","Aditya Gupta","cb.sc.u4ai23227@cb.students.amrita.edu","AI","C","2027","9.83","2","Not Placed"
"CB.SC.U4AI23228","Ananya Krishnan","cb.sc.u4ai23228@cb.students.amrita.edu","AI","C","2027","7.59","1","Placed"
"CB.SC.U4AI23229","Rahul Krishnan","cb.sc.u4ai23229@cb.students.amrita.edu","AI","C","2027","8.97","0","Not Placed"
"CB.SC.U4AI23230","Charan Nagarajan","cb.sc.u4ai23230@cb.students.amrita.edu","AI","C","2027","7.34","2","Not Placed"
"CB.SC.U4AI23231","Akash Patel","cb.sc.u4ai23231@cb.students.amrita.edu","AI","C","2027","7.73","1","Placed"
"CB.SC.U4AI23232","Aishwarya Shetty","cb.sc.u4ai23232@cb.students.amrita.edu","AI","C","2027","8.28","1","Not Placed"
"CB.SC.U4AI23233","Riya Krishnan","cb.sc.u4ai23233@cb.students.amrita.edu","AI","C","2027","7.28","0","Not Placed"
"CB.SC.U4AI23234","Pooja Raman","cb.sc.u4ai23234@cb.students.amrita.edu","AI","C","2027","8.03","0","Placed"
"CB.SC.U4AI23235","Nikhil Raman","cb.sc.u4ai23235@cb.students.amrita.edu","AI","C","2027","8.86","1","Not Placed"
"CB.SC.U4AI23236","Karthik Nagarajan","cb.sc.u4ai23236@cb.students.amrita.edu","AI","C","2027","8.62","1","Not Placed"
"CB.SC.U4AI23237","Aditya Menon","cb.sc.u4ai23237@cb.students.amrita.edu","AI","C","2027","6.58","2","Placed"
"CB.SC.U4AI23238","Sanjay Kapoor","cb.sc.u4ai23238@cb.students.amrita.edu","AI","C","2027","8.13","0","Not Placed"
"CB.SC.U4AI23239","Pooja Nair","cb.sc.u4ai23239@cb.students.amrita.edu","AI","C","2027","8.11","2","Not Placed"
"CB.SC.U4AI23240","Harish Menon","cb.sc.u4ai23240@cb.students.amrita.edu","AI","C","2027","8.02","2","Placed"
"CB.SC.U4AI23241","Meera Joshi","cb.sc.u4ai23241@cb.students.amrita.edu","AI","C","2027","7.52","0","Not Placed"
"CB.SC.U4AI23242","Diya Chatterjee","cb.sc.u4ai23242@cb.students.amrita.edu","AI","C","2027","7.78","0","Not Placed"
"CB.SC.U4AI23243","Vikram Mishra","cb.sc.u4ai23243@cb.students.amrita.edu","AI","C","2027","6.27","0","Placed"
"CB.SC.U4AI23244","Zara Nair","cb.sc.u4ai23244@cb.students.amrita.edu","AI","C","2027","8.62","1","Not Placed"
"CB.SC.U4AI23245","Arjun Shetty","cb.sc.u4ai23245@cb.students.amrita.edu","AI","C","2027","8.8","1","Not Placed"
"CB.SC.U4AI23246","Sneha Chatterjee","cb.sc.u4ai23246@cb.students.amrita.edu","AI","C","2027","9.75","2","Placed"
"CB.SC.U4AI23247","Yash Raman","cb.sc.u4ai23247@cb.students.amrita.edu","AI","C","2027","9.05","2","Not Placed"
"CB.SC.U4AI23248","Aditya Das","cb.sc.u4ai23248@cb.students.amrita.edu","AI","C","2027","6.06","0","Not Placed"
"CB.SC.U4AI23249","Anirudh Joshi","cb.sc.u4ai23249@cb.students.amrita.edu","AI","C","2027","6.74","0","Placed"
"CB.SC.U4AI23250","Sneha Pillai","cb.sc.u4ai23250@cb.students.amrita.edu","AI","C","2027","8.86","1","Not Placed"
"CB.SC.U4AI23251","Bhavya Joshi","cb.sc.u4ai23251@cb.students.amrita.edu","AI","C","2027","8","0","Not Placed"
"CB.SC.U4AI23252","Keerthana Kapoor","cb.sc.u4ai23252@cb.students.amrita.edu","AI","C","2027","7.79","1","Placed"
"CB.SC.U4AI23253","Arya Gupta","cb.sc.u4ai23253@cb.students.amrita.edu","AI","C","2027","6.34","0","Not Placed"
"CB.SC.U4AI23254","Aditya Raman","cb.sc.u4ai23254@cb.students.amrita.edu","AI","C","2027","9.83","2","Not Placed"
"CB.SC.U4AI23255","Keerthana Joshi","cb.sc.u4ai23255@cb.students.amrita.edu","AI","C","2027","8.91","2","Placed"
"CB.SC.U4AI23256","Harish Mishra","cb.sc.u4ai23256@cb.students.amrita.edu","AI","C","2027","7.16","1","Not Placed"
"CB.SC.U4AI23257","Aditya Joshi","cb.sc.u4ai23257@cb.students.amrita.edu","AI","C","2027","7.89","2","Not Placed"
"CB.SC.U4AI23258","Riya Kulkarni","cb.sc.u4ai23258@cb.students.amrita.edu","AI","C","2027","9","1","Placed"
"CB.SC.U4AI23259","Bhavya Reddy","cb.sc.u4ai23259@cb.students.amrita.edu","AI","C","2027","8.2","2","Not Placed"
"CB.SC.U4AI23260","Meera Nair","cb.sc.u4ai23260@cb.students.amrita.edu","AI","C","2027","9.23","2","Not Placed"
"CB.SC.U4AI23301","Ishaan Nagarajan","cb.sc.u4ai23301@cb.students.amrita.edu","AI","D","2027","6.73","1","Placed"
"CB.SC.U4AI23302","Aditya Nagarajan","cb.sc.u4ai23302@cb.students.amrita.edu","AI","D","2027","8.95","2","Not Placed"
"CB.SC.U4AI23303","Aarav Patel","cb.sc.u4ai23303@cb.students.amrita.edu","AI","D","2027","9.88","1","Not Placed"
"CB.SC.U4AI23304","Pooja Chatterjee","cb.sc.u4ai23304@cb.students.amrita.edu","AI","D","2027","8.59","0","Placed"
"CB.SC.U4AI23305","Aarav Pillai","cb.sc.u4ai23305@cb.students.amrita.edu","AI","D","2027","7.49","2","Not Placed"
"CB.SC.U4AI23306","Sanjay Pillai","cb.sc.u4ai23306@cb.students.amrita.edu","AI","D","2027","8.52","1","Not Placed"
"CB.SC.U4AI23307","Aishwarya Krishnan","cb.sc.u4ai23307@cb.students.amrita.edu","AI","D","2027","9.41","0","Placed"
"CB.SC.U4AI23308","Lakshmi Menon","cb.sc.u4ai23308@cb.students.amrita.edu","AI","D","2027","7.15","2","Not Placed"
"CB.SC.U4AI23309","Harish Kapoor","cb.sc.u4ai23309@cb.students.amrita.edu","AI","D","2027","9.07","2","Not Placed"
"CB.SC.U4AI23310","Diya Kulkarni","cb.sc.u4ai23310@cb.students.amrita.edu","AI","D","2027","8.75","2","Placed"
"CB.SC.U4AI23311","Akash Raman","cb.sc.u4ai23311@cb.students.amrita.edu","AI","D","2027","8.23","0","Not Placed"
"CB.SC.U4AI23312","Harish Raman","cb.sc.u4ai23312@cb.students.amrita.edu","AI","D","2027","9.02","2","Not Placed"
"CB.SC.U4AI23313","Meera Gupta","cb.sc.u4ai23313@cb.students.amrita.edu","AI","D","2027","9.8","0","Placed"
"CB.SC.U4AI23314","Zara Verma","cb.sc.u4ai23314@cb.students.amrita.edu","AI","D","2027","9.24","0","Not Placed"
"CB.SC.U4AI23315","Lakshmi Iyer","cb.sc.u4ai23315@cb.students.amrita.edu","AI","D","2027","8.41","2","Not Placed"
"CB.SC.U4AI23316","Harish Mishra","cb.sc.u4ai23316@cb.students.amrita.edu","AI","D","2027","6.39","2","Placed"
"CB.SC.U4AI23317","Sanjay Kulkarni","cb.sc.u4ai23317@cb.students.amrita.edu","AI","D","2027","8.7","0","Not Placed"
"CB.SC.U4AI23318","Diya Krishnan","cb.sc.u4ai23318@cb.students.amrita.edu","AI","D","2027","6.76","1","Not Placed"
"CB.SC.U4AI23319","Karthik Joshi","cb.sc.u4ai23319@cb.students.amrita.edu","AI","D","2027","7.4","0","Placed"
"CB.SC.U4AI23320","Akash Joshi","cb.sc.u4ai23320@cb.students.amrita.edu","AI","D","2027","6.93","2","Not Placed"
"CB.SC.U4AI23321","Diya Nair","cb.sc.u4ai23321@cb.students.amrita.edu","AI","D","2027","9","1","Not Placed"
"CB.SC.U4AI23322","Varun Patel","cb.sc.u4ai23322@cb.students.amrita.edu","AI","D","2027","9.79","2","Placed"
"CB.SC.U4AI23323","Sneha Nagarajan","cb.sc.u4ai23323@cb.students.amrita.edu","AI","D","2027","7","1","Not Placed"
"CB.SC.U4AI23324","Varun Pillai","cb.sc.u4ai23324@cb.students.amrita.edu","AI","D","2027","7.18","1","Not Placed"
"CB.SC.U4AI23325","Aditya Patel","cb.sc.u4ai23325@cb.students.amrita.edu","AI","D","2027","9.83","0","Placed"
"CB.SC.U4AI23326","Sneha Gupta","cb.sc.u4ai23326@cb.students.amrita.edu","AI","D","2027","6.65","0","Not Placed"
"CB.SC.U4AI23327","Yash Menon","cb.sc.u4ai23327@cb.students.amrita.edu","AI","D","2027","8.81","1","Not Placed"
"CB.SC.U4AI23328","Riya Iyer","cb.sc.u4ai23328@cb.students.amrita.edu","AI","D","2027","6.12","2","Placed"
"CB.SC.U4AI23329","Yash Das","cb.sc.u4ai23329@cb.students.amrita.edu","AI","D","2027","9.5","2","Not Placed"
"CB.SC.U4AI23330","Karthik Raman","cb.sc.u4ai23330@cb.students.amrita.edu","AI","D","2027","9.03","2","Not Placed"
"CB.SC.U4AI23331","Keerthana Chatterjee","cb.sc.u4ai23331@cb.students.amrita.edu","AI","D","2027","6.81","2","Placed"
"CB.SC.U4AI23332","Ananya Chatterjee","cb.sc.u4ai23332@cb.students.amrita.edu","AI","D","2027","7.22","2","Not Placed"
"CB.SC.U4AI23333","Aditya Pillai","cb.sc.u4ai23333@cb.students.amrita.edu","AI","D","2027","6.36","2","Not Placed"
"CB.SC.U4AI23334","Aditya Kapoor","cb.sc.u4ai23334@cb.students.amrita.edu","AI","D","2027","6.93","2","Placed"
"CB.SC.U4AI23335","Aditya Nair","cb.sc.u4ai23335@cb.students.amrita.edu","AI","D","2027","9.22","0","Not Placed"
"CB.SC.U4AI23336","Harish Das","cb.sc.u4ai23336@cb.students.amrita.edu","AI","D","2027","9.29","1","Not Placed"
"CB.SC.U4AI23337","Sanjay Joshi","cb.sc.u4ai23337@cb.students.amrita.edu","AI","D","2027","7.32","1","Placed"
"CB.SC.U4AI23338","Yash Menon","cb.sc.u4ai23338@cb.students.amrita.edu","AI","D","2027","7.66","0","Not Placed"
"CB.SC.U4AI23339","Aarav Nair","cb.sc.u4ai23339@cb.students.amrita.edu","AI","D","2027","9.37","0","Not Placed"
"CB.SC.U4AI23340","Akash Verma","cb.sc.u4ai23340@cb.students.amrita.edu","AI","D","2027","9.34","0","Placed"
"CB.SC.U4AI23341","Arjun Joshi","cb.sc.u4ai23341@cb.students.amrita.edu","AI","D","2027","6.93","2","Not Placed"
"CB.SC.U4AI23342","Rahul Joshi","cb.sc.u4ai23342@cb.students.amrita.edu","AI","D","2027","9.03","2","Not Placed"
"CB.SC.U4AI23343","Sanjay Joshi","cb.sc.u4ai23343@cb.students.amrita.edu","AI","D","2027","7.33","1","Placed"
"CB.SC.U4AI23344","Lakshmi Nair","cb.sc.u4ai23344@cb.students.amrita.edu","AI","D","2027","9.75","2","Not Placed"
"CB.SC.U4AI23345","Tanvi Nagarajan","cb.sc.u4ai23345@cb.students.amrita.edu","AI","D","2027","8.25","2","Not Placed"
"CB.SC.U4AI23346","Lakshmi Chatterjee","cb.sc.u4ai23346@cb.students.amrita.edu","AI","D","2027","8.1","0","Placed"
"CB.SC.U4AI23347","Aishwarya Kulkarni","cb.sc.u4ai23347@cb.students.amrita.edu","AI","D","2027","6.15","1","Not Placed"
"CB.SC.U4AI23348","Nikhil Nair","cb.sc.u4ai23348@cb.students.amrita.edu","AI","D","2027","6.74","2","Not Placed"
"CB.SC.U4AI23349","Keerthana Das","cb.sc.u4ai23349@cb.students.amrita.edu","AI","D","2027","7.33","2","Placed"
"CB.SC.U4AI23350","Anirudh Chatterjee","cb.sc.u4ai23350@cb.students.amrita.edu","AI","D","2027","8.59","2","Not Placed"
"CB.SC.U4AI23351","Akash Reddy","cb.sc.u4ai23351@cb.students.amrita.edu","AI","D","2027","7.83","2","Not Placed"
"CB.SC.U4AI23352","Ishaan Chatterjee","cb.sc.u4ai23352@cb.students.amrita.edu","AI","D","2027","7.27","2","Placed"
"CB.SC.U4AI23353","Diya Sharma","cb.sc.u4ai23353@cb.students.amrita.edu","AI","D","2027","6.57","1","Not Placed"
"CB.SC.U4AI23354","Harish Krishnan","cb.sc.u4ai23354@cb.students.amrita.edu","AI","D","2027","6.19","1","Not Placed"
"CB.SC.U4AI23355","Anirudh Chatterjee","cb.sc.u4ai23355@cb.students.amrita.edu","AI","D","2027","6.77","2","Placed"
"CB.SC.U4AI23356","Keerthana Verma","cb.sc.u4ai23356@cb.students.amrita.edu","AI","D","2027","8.27","0","Not Placed"
"CB.SC.U4AI23357","Varun Gupta","cb.sc.u4ai23357@cb.students.amrita.edu","AI","D","2027","7.49","1","Not Placed"
"CB.SC.U4AI23358","Pooja Shetty","cb.sc.u4ai23358@cb.students.amrita.edu","AI","D","2027","6.04","2","Placed"
"CB.SC.U4AI23359","Bhavya Joshi","cb.sc.u4ai23359@cb.students.amrita.edu","AI","D","2027","9.2","0","Not Placed"
"CB.SC.U4AI23360","Nikhil Shetty","cb.sc.u4ai23360@cb.students.amrita.edu","AI","D","2027","6.54","2","Not Placed"
"CB.SC.U4AI23401","Aarav Chatterjee","cb.sc.u4ai23401@cb.students.amrita.edu","AI","E","2027","8.93","0","Placed"
"CB.SC.U4AI23402","Janani Shetty","cb.sc.u4ai23402@cb.students.amrita.edu","AI","E","2027","8.49","1","Not Placed"
"CB.SC.U4AI23403","Surya Kulkarni","cb.sc.u4ai23403@cb.students.amrita.edu","AI","E","2027","7.16","1","Not Placed"
"CB.SC.U4AI23404","Charan Sharma","cb.sc.u4ai23404@cb.students.amrita.edu","AI","E","2027","6.25","1","Placed"
"CB.SC.U4AI23405","Janani Chatterjee","cb.sc.u4ai23405@cb.students.amrita.edu","AI","E","2027","9.81","2","Not Placed"
"CB.SC.U4AI23406","Janani Mishra","cb.sc.u4ai23406@cb.students.amrita.edu","AI","E","2027","6.19","0","Not Placed"
"CB.SC.U4AI23407","Harish Iyer","cb.sc.u4ai23407@cb.students.amrita.edu","AI","E","2027","6.42","2","Placed"
"CB.SC.U4AI23408","Aarav Shetty","cb.sc.u4ai23408@cb.students.amrita.edu","AI","E","2027","6.98","0","Not Placed"
"CB.SC.U4AI23409","Nikhil Reddy","cb.sc.u4ai23409@cb.students.amrita.edu","AI","E","2027","8.86","2","Not Placed"
"CB.SC.U4AI23410","Rahul Joshi","cb.sc.u4ai23410@cb.students.amrita.edu","AI","E","2027","6.96","2","Placed"
"CB.SC.U4AI23411","Janani Krishnan","cb.sc.u4ai23411@cb.students.amrita.edu","AI","E","2027","6.06","1","Not Placed"
"CB.SC.U4AI23412","Pooja Reddy","cb.sc.u4ai23412@cb.students.amrita.edu","AI","E","2027","8.71","2","Not Placed"
"CB.SC.U4AI23413","Surya Chatterjee","cb.sc.u4ai23413@cb.students.amrita.edu","AI","E","2027","7.32","0","Placed"
"CB.SC.U4AI23414","Karthik Nagarajan","cb.sc.u4ai23414@cb.students.amrita.edu","AI","E","2027","8.59","0","Not Placed"
"CB.SC.U4AI23415","Varun Mishra","cb.sc.u4ai23415@cb.students.amrita.edu","AI","E","2027","7.08","0","Not Placed"
"CB.SC.U4AI23416","Anirudh Das","cb.sc.u4ai23416@cb.students.amrita.edu","AI","E","2027","6.37","0","Placed"
"CB.SC.U4AI23417","Tanvi Nair","cb.sc.u4ai23417@cb.students.amrita.edu","AI","E","2027","9.36","1","Not Placed"
"CB.SC.U4AI23418","Yash Kulkarni","cb.sc.u4ai23418@cb.students.amrita.edu","AI","E","2027","6.32","0","Not Placed"
"CB.SC.U4AI23419","Ananya Iyer","cb.sc.u4ai23419@cb.students.amrita.edu","AI","E","2027","6.48","0","Placed"
"CB.SC.U4AI23420","Vikram Bose","cb.sc.u4ai23420@cb.students.amrita.edu","AI","E","2027","7.57","0","Not Placed"
"CB.SC.U4AI23421","Janani Das","cb.sc.u4ai23421@cb.students.amrita.edu","AI","E","2027","7.25","2","Not Placed"
"CB.SC.U4AI23422","Charan Gupta","cb.sc.u4ai23422@cb.students.amrita.edu","AI","E","2027","6.65","0","Placed"
"CB.SC.U4AI23423","Ishaan Gupta","cb.sc.u4ai23423@cb.students.amrita.edu","AI","E","2027","9.33","2","Not Placed"
"CB.SC.U4AI23424","Diya Krishnan","cb.sc.u4ai23424@cb.students.amrita.edu","AI","E","2027","9.09","2","Not Placed"
"CB.SC.U4AI23425","Akash Krishnan","cb.sc.u4ai23425@cb.students.amrita.edu","AI","E","2027","6.24","0","Placed"
"CB.SC.U4AI23426","Tanvi Shetty","cb.sc.u4ai23426@cb.students.amrita.edu","AI","E","2027","8.37","0","Not Placed"
"CB.SC.U4AI23427","Aishwarya Das","cb.sc.u4ai23427@cb.students.amrita.edu","AI","E","2027","8.39","1","Not Placed"
"CB.SC.U4AI23428","Bhavya Bose","cb.sc.u4ai23428@cb.students.amrita.edu","AI","E","2027","9.54","0","Placed"
"CB.SC.U4AI23429","Janani Verma","cb.sc.u4ai23429@cb.students.amrita.edu","AI","E","2027","8.94","1","Not Placed"
"CB.SC.U4AI23430","Karthik Raman","cb.sc.u4ai23430@cb.students.amrita.edu","AI","E","2027","7.06","0","Not Placed"
"CB.SC.U4AI23431","Meera Das","cb.sc.u4ai23431@cb.students.amrita.edu","AI","E","2027","7.53","2","Placed"
"CB.SC.U4AI23432","Aditya Gupta","cb.sc.u4ai23432@cb.students.amrita.edu","AI","E","2027","9.69","0","Not Placed"
"CB.SC.U4AI23433","Ishaan Joshi","cb.sc.u4ai23433@cb.students.amrita.edu","AI","E","2027","6.57","1","Not Placed"
"CB.SC.U4AI23434","Janani Kulkarni","cb.sc.u4ai23434@cb.students.amrita.edu","AI","E","2027","9.65","1","Placed"
"CB.SC.U4AI23435","Ishaan Raman","cb.sc.u4ai23435@cb.students.amrita.edu","AI","E","2027","9.68","2","Not Placed"
"CB.SC.U4AI23436","Aarav Sharma","cb.sc.u4ai23436@cb.students.amrita.edu","AI","E","2027","6.54","2","Not Placed"
"CB.SC.U4AI23437","Varun Joshi","cb.sc.u4ai23437@cb.students.amrita.edu","AI","E","2027","9.49","2","Placed"
"CB.SC.U4AI23438","Lakshmi Kapoor","cb.sc.u4ai23438@cb.students.amrita.edu","AI","E","2027","7","1","Not Placed"
"CB.SC.U4AI23439","Keerthana Mishra","cb.sc.u4ai23439@cb.students.amrita.edu","AI","E","2027","6.69","0","Not Placed"
"CB.SC.U4AI23440","Karthik Krishnan","cb.sc.u4ai23440@cb.students.amrita.edu","AI","E","2027","8.4","1","Placed"
"CB.SC.U4AI23441","Harish Shetty","cb.sc.u4ai23441@cb.students.amrita.edu","AI","E","2027","8.45","0","Not Placed"
"CB.SC.U4AI23442","Sneha Kapoor","cb.sc.u4ai23442@cb.students.amrita.edu","AI","E","2027","6.04","0","Not Placed"
"CB.SC.U4AI23443","Sanjay Shetty","cb.sc.u4ai23443@cb.students.amrita.edu","AI","E","2027","7.53","2","Placed"
"CB.SC.U4AI23444","Vikram Joshi","cb.sc.u4ai23444@cb.students.amrita.edu","AI","E","2027","6.02","0","Not Placed"
"CB.SC.U4AI23445","Riya Iyer","cb.sc.u4ai23445@cb.students.amrita.edu","AI","E","2027","8.54","2","Not Placed"
"CB.SC.U4AI23446","Janani Patel","cb.sc.u4ai23446@cb.students.amrita.edu","AI","E","2027","6.5","2","Placed"
"CB.SC.U4AI23447","Varun Joshi","cb.sc.u4ai23447@cb.students.amrita.edu","AI","E","2027","9.43","0","Not Placed"
"CB.SC.U4AI23448","Aditya Mishra","cb.sc.u4ai23448@cb.students.amrita.edu","AI","E","2027","6.22","2","Not Placed"
"CB.SC.U4AI23449","Arjun Sharma","cb.sc.u4ai23449@cb.students.amrita.edu","AI","E","2027","7.77","2","Placed"
"CB.SC.U4AI23450","Aditya Pillai","cb.sc.u4ai23450@cb.students.amrita.edu","AI","E","2027","9.46","0","Not Placed"
"CB.SC.U4AI23451","Aishwarya Pillai","cb.sc.u4ai23451@cb.students.amrita.edu","AI","E","2027","6.38","1","Not Placed"
"CB.SC.U4AI23452","Diya Chatterjee","cb.sc.u4ai23452@cb.students.amrita.edu","AI","E","2027","6.42","1","Placed"
"CB.SC.U4AI23453","Ananya Nagarajan","cb.sc.u4ai23453@cb.students.amrita.edu","AI","E","2027","7.02","1","Not Placed"
"CB.SC.U4AI23454","Pooja Joshi","cb.sc.u4ai23454@cb.students.amrita.edu","AI","E","2027","8.78","2","Not Placed"
"CB.SC.U4AI23455","Tanvi Nagarajan","cb.sc.u4ai23455@cb.students.amrita.edu","AI","E","2027","9.78","0","Placed"
"CB.SC.U4AI23456","Ishaan Chatterjee","cb.sc.u4ai23456@cb.students.amrita.edu","AI","E","2027","9.63","2","Not Placed"
"CB.SC.U4AI23457","Vikram Sharma","cb.sc.u4ai23457@cb.students.amrita.edu","AI","E","2027","6.46","0","Not Placed"
"CB.SC.U4AI23458","Surya Chatterjee","cb.sc.u4ai23458@cb.students.amrita.edu","AI","E","2027","6.78","2","Placed"
"CB.SC.U4AI23459","Arjun Kulkarni","cb.sc.u4ai23459@cb.students.amrita.edu","AI","E","2027","9.68","2","Not Placed"
"CB.SC.U4AI23460","Aishwarya Raman","cb.sc.u4ai23460@cb.students.amrita.edu","AI","E","2027","7.33","2","Not Placed"
"CB.EN.U4EEE23001","Lakshmi Patel","cb.en.u4eee23001@cb.students.amrita.edu","EEE","A","2027","6.28","2","Placed"
"CB.EN.U4EEE23002","Harish Mishra","cb.en.u4eee23002@cb.students.amrita.edu","EEE","A","2027","7.86","2","Not Placed"
"CB.EN.U4EEE23003","Lakshmi Gupta","cb.en.u4eee23003@cb.students.amrita.edu","EEE","A","2027","8.65","2","Not Placed"
"CB.EN.U4EEE23004","Ishaan Raman","cb.en.u4eee23004@cb.students.amrita.edu","EEE","A","2027","7.3","2","Placed"
"CB.EN.U4EEE23005","Sneha Iyer","cb.en.u4eee23005@cb.students.amrita.edu","EEE","A","2027","7.09","0","Not Placed"
"CB.EN.U4EEE23006","Keerthana Kulkarni","cb.en.u4eee23006@cb.students.amrita.edu","EEE","A","2027","7.77","0","Not Placed"
"CB.EN.U4EEE23007","Lakshmi Verma","cb.en.u4eee23007@cb.students.amrita.edu","EEE","A","2027","8.34","0","Placed"
"CB.EN.U4EEE23008","Vikram Pillai","cb.en.u4eee23008@cb.students.amrita.edu","EEE","A","2027","8.52","0","Not Placed"
"CB.EN.U4EEE23009","Zara Reddy","cb.en.u4eee23009@cb.students.amrita.edu","EEE","A","2027","9.59","0","Not Placed"
"CB.EN.U4EEE23010","Keerthana Reddy","cb.en.u4eee23010@cb.students.amrita.edu","EEE","A","2027","9.69","1","Placed"
"CB.EN.U4EEE23011","Yash Kulkarni","cb.en.u4eee23011@cb.students.amrita.edu","EEE","A","2027","9.73","2","Not Placed"
"CB.EN.U4EEE23012","Rahul Kulkarni","cb.en.u4eee23012@cb.students.amrita.edu","EEE","A","2027","9.42","1","Not Placed"
"CB.EN.U4EEE23013","Yash Bose","cb.en.u4eee23013@cb.students.amrita.edu","EEE","A","2027","7.65","0","Placed"
"CB.EN.U4EEE23014","Aditya Das","cb.en.u4eee23014@cb.students.amrita.edu","EEE","A","2027","6.64","1","Not Placed"
"CB.EN.U4EEE23015","Diya Gupta","cb.en.u4eee23015@cb.students.amrita.edu","EEE","A","2027","9.63","0","Not Placed"
"CB.EN.U4EEE23016","Akash Pillai","cb.en.u4eee23016@cb.students.amrita.edu","EEE","A","2027","6.82","2","Placed"
"CB.EN.U4EEE23017","Aishwarya Krishnan","cb.en.u4eee23017@cb.students.amrita.edu","EEE","A","2027","6.54","0","Not Placed"
"CB.EN.U4EEE23018","Nikhil Bose","cb.en.u4eee23018@cb.students.amrita.edu","EEE","A","2027","8.44","1","Not Placed"
"CB.EN.U4EEE23019","Ananya Chatterjee","cb.en.u4eee23019@cb.students.amrita.edu","EEE","A","2027","6.59","2","Placed"
"CB.EN.U4EEE23020","Ananya Kapoor","cb.en.u4eee23020@cb.students.amrita.edu","EEE","A","2027","7.59","1","Not Placed"
"CB.EN.U4EEE23021","Ananya Sharma","cb.en.u4eee23021@cb.students.amrita.edu","EEE","A","2027","8.96","0","Not Placed"
"CB.EN.U4EEE23022","Yash Chatterjee","cb.en.u4eee23022@cb.students.amrita.edu","EEE","A","2027","7.82","2","Placed"
"CB.EN.U4EEE23023","Riya Mishra","cb.en.u4eee23023@cb.students.amrita.edu","EEE","A","2027","9.74","1","Not Placed"
"CB.EN.U4EEE23024","Nikhil Sharma","cb.en.u4eee23024@cb.students.amrita.edu","EEE","A","2027","8.57","1","Not Placed"
"CB.EN.U4EEE23025","Arya Pillai","cb.en.u4eee23025@cb.students.amrita.edu","EEE","A","2027","8.3","0","Placed"
"CB.EN.U4EEE23026","Arya Verma","cb.en.u4eee23026@cb.students.amrita.edu","EEE","A","2027","6.62","1","Not Placed"
"CB.EN.U4EEE23027","Surya Menon","cb.en.u4eee23027@cb.students.amrita.edu","EEE","A","2027","6.29","0","Not Placed"
"CB.EN.U4EEE23028","Aditya Nagarajan","cb.en.u4eee23028@cb.students.amrita.edu","EEE","A","2027","9.83","2","Placed"
"CB.EN.U4EEE23029","Aditya Gupta","cb.en.u4eee23029@cb.students.amrita.edu","EEE","A","2027","6.67","0","Not Placed"
"CB.EN.U4EEE23030","Rahul Iyer","cb.en.u4eee23030@cb.students.amrita.edu","EEE","A","2027","7.68","1","Not Placed"
"CB.EN.U4EEE23031","Varun Raman","cb.en.u4eee23031@cb.students.amrita.edu","EEE","A","2027","7.85","0","Placed"
"CB.EN.U4EEE23032","Lakshmi Shetty","cb.en.u4eee23032@cb.students.amrita.edu","EEE","A","2027","7.79","0","Not Placed"
"CB.EN.U4EEE23033","Ananya Raman","cb.en.u4eee23033@cb.students.amrita.edu","EEE","A","2027","9.76","1","Not Placed"
"CB.EN.U4EEE23034","Akash Das","cb.en.u4eee23034@cb.students.amrita.edu","EEE","A","2027","8.47","2","Placed"
"CB.EN.U4EEE23035","Akash Kulkarni","cb.en.u4eee23035@cb.students.amrita.edu","EEE","A","2027","9.89","0","Not Placed"
"CB.EN.U4EEE23036","Surya Patel","cb.en.u4eee23036@cb.students.amrita.edu","EEE","A","2027","6.75","1","Not Placed"
"CB.EN.U4EEE23037","Ananya Bose","cb.en.u4eee23037@cb.students.amrita.edu","EEE","A","2027","7.31","1","Placed"
"CB.EN.U4EEE23038","Keerthana Das","cb.en.u4eee23038@cb.students.amrita.edu","EEE","A","2027","9.62","2","Not Placed"
"CB.EN.U4EEE23039","Surya Joshi","cb.en.u4eee23039@cb.students.amrita.edu","EEE","A","2027","7.48","0","Not Placed"
"CB.EN.U4EEE23040","Aishwarya Bose","cb.en.u4eee23040@cb.students.amrita.edu","EEE","A","2027","7.44","0","Placed"
"CB.EN.U4EEE23041","Varun Reddy","cb.en.u4eee23041@cb.students.amrita.edu","EEE","A","2027","7.09","0","Not Placed"
"CB.EN.U4EEE23042","Karthik Nagarajan","cb.en.u4eee23042@cb.students.amrita.edu","EEE","A","2027","8.56","2","Not Placed"
"CB.EN.U4EEE23043","Rahul Patel","cb.en.u4eee23043@cb.students.amrita.edu","EEE","A","2027","9.7","2","Placed"
"CB.EN.U4EEE23044","Aditya Iyer","cb.en.u4eee23044@cb.students.amrita.edu","EEE","A","2027","6.97","0","Not Placed"
"CB.EN.U4EEE23045","Karthik Krishnan","cb.en.u4eee23045@cb.students.amrita.edu","EEE","A","2027","9.9","0","Not Placed"
"CB.EN.U4EEE23046","Ishaan Mishra","cb.en.u4eee23046@cb.students.amrita.edu","EEE","A","2027","9.02","2","Placed"
"CB.EN.U4EEE23047","Ishaan Patel","cb.en.u4eee23047@cb.students.amrita.edu","EEE","A","2027","7.41","1","Not Placed"
"CB.EN.U4EEE23048","Aditya Chatterjee","cb.en.u4eee23048@cb.students.amrita.edu","EEE","A","2027","8.28","0","Not Placed"
"CB.EN.U4EEE23049","Yash Menon","cb.en.u4eee23049@cb.students.amrita.edu","EEE","A","2027","8.32","0","Placed"
"CB.EN.U4EEE23050","Varun Sharma","cb.en.u4eee23050@cb.students.amrita.edu","EEE","A","2027","7.28","1","Not Placed"
"CB.EN.U4EEE23051","Pooja Raman","cb.en.u4eee23051@cb.students.amrita.edu","EEE","A","2027","6.59","0","Not Placed"
"CB.EN.U4EEE23052","Surya Patel","cb.en.u4eee23052@cb.students.amrita.edu","EEE","A","2027","7.64","1","Placed"
"CB.EN.U4EEE23053","Vikram Das","cb.en.u4eee23053@cb.students.amrita.edu","EEE","A","2027","7.6","2","Not Placed"
"CB.EN.U4EEE23054","Rahul Reddy","cb.en.u4eee23054@cb.students.amrita.edu","EEE","A","2027","9.63","1","Not Placed"
"CB.EN.U4EEE23055","Diya Raman","cb.en.u4eee23055@cb.students.amrita.edu","EEE","A","2027","7.32","0","Placed"
"CB.EN.U4EEE23056","Varun Menon","cb.en.u4eee23056@cb.students.amrita.edu","EEE","A","2027","9.65","2","Not Placed"
"CB.EN.U4EEE23057","Diya Raman","cb.en.u4eee23057@cb.students.amrita.edu","EEE","A","2027","8.18","2","Not Placed"
"CB.EN.U4EEE23058","Vikram Kulkarni","cb.en.u4eee23058@cb.students.amrita.edu","EEE","A","2027","8.6","1","Placed"
"CB.EN.U4EEE23059","Nikhil Gupta","cb.en.u4eee23059@cb.students.amrita.edu","EEE","A","2027","8.67","2","Not Placed"
"CB.EN.U4EEE23060","Arya Mishra","cb.en.u4eee23060@cb.students.amrita.edu","EEE","A","2027","8.01","2","Not Placed"
"CB.EN.U4EEE23101","Pooja Pillai","cb.en.u4eee23101@cb.students.amrita.edu","EEE","B","2027","8.42","0","Placed"
"CB.EN.U4EEE23102","Nikhil Sharma","cb.en.u4eee23102@cb.students.amrita.edu","EEE","B","2027","7.39","0","Not Placed"
"CB.EN.U4EEE23103","Lakshmi Nagarajan","cb.en.u4eee23103@cb.students.amrita.edu","EEE","B","2027","9.23","2","Not Placed"
"CB.EN.U4EEE23104","Ishaan Chatterjee","cb.en.u4eee23104@cb.students.amrita.edu","EEE","B","2027","7.4","0","Placed"
"CB.EN.U4EEE23105","Pooja Patel","cb.en.u4eee23105@cb.students.amrita.edu","EEE","B","2027","7.52","0","Not Placed"
"CB.EN.U4EEE23106","Anirudh Kulkarni","cb.en.u4eee23106@cb.students.amrita.edu","EEE","B","2027","8.93","0","Not Placed"
"CB.EN.U4EEE23107","Surya Shetty","cb.en.u4eee23107@cb.students.amrita.edu","EEE","B","2027","7.1","1","Placed"
"CB.EN.U4EEE23108","Pooja Bose","cb.en.u4eee23108@cb.students.amrita.edu","EEE","B","2027","9.32","2","Not Placed"
"CB.EN.U4EEE23109","Akash Pillai","cb.en.u4eee23109@cb.students.amrita.edu","EEE","B","2027","7.9","2","Not Placed"
"CB.EN.U4EEE23110","Charan Nagarajan","cb.en.u4eee23110@cb.students.amrita.edu","EEE","B","2027","6.71","1","Placed"
"CB.EN.U4EEE23111","Surya Kulkarni","cb.en.u4eee23111@cb.students.amrita.edu","EEE","B","2027","9.89","2","Not Placed"
"CB.EN.U4EEE23112","Arjun Das","cb.en.u4eee23112@cb.students.amrita.edu","EEE","B","2027","7.49","2","Not Placed"
"CB.EN.U4EEE23113","Janani Reddy","cb.en.u4eee23113@cb.students.amrita.edu","EEE","B","2027","6.75","1","Placed"
"CB.EN.U4EEE23114","Nikhil Kulkarni","cb.en.u4eee23114@cb.students.amrita.edu","EEE","B","2027","9.61","2","Not Placed"
"CB.EN.U4EEE23115","Akash Krishnan","cb.en.u4eee23115@cb.students.amrita.edu","EEE","B","2027","7.68","2","Not Placed"
"CB.EN.U4EEE23116","Bhavya Bose","cb.en.u4eee23116@cb.students.amrita.edu","EEE","B","2027","7.51","2","Placed"
"CB.EN.U4EEE23117","Charan Chatterjee","cb.en.u4eee23117@cb.students.amrita.edu","EEE","B","2027","6.04","2","Not Placed"
"CB.EN.U4EEE23118","Karthik Bose","cb.en.u4eee23118@cb.students.amrita.edu","EEE","B","2027","9.75","2","Not Placed"
"CB.EN.U4EEE23119","Meera Raman","cb.en.u4eee23119@cb.students.amrita.edu","EEE","B","2027","7.57","2","Placed"
"CB.EN.U4EEE23120","Keerthana Bose","cb.en.u4eee23120@cb.students.amrita.edu","EEE","B","2027","6.54","1","Not Placed"
"CB.EN.U4EEE23121","Varun Mishra","cb.en.u4eee23121@cb.students.amrita.edu","EEE","B","2027","8.9","2","Not Placed"
"CB.EN.U4EEE23122","Charan Shetty","cb.en.u4eee23122@cb.students.amrita.edu","EEE","B","2027","6.69","0","Placed"
"CB.EN.U4EEE23123","Harish Pillai","cb.en.u4eee23123@cb.students.amrita.edu","EEE","B","2027","6.34","2","Not Placed"
"CB.EN.U4EEE23124","Arya Reddy","cb.en.u4eee23124@cb.students.amrita.edu","EEE","B","2027","9.72","1","Not Placed"
"CB.EN.U4EEE23125","Keerthana Joshi","cb.en.u4eee23125@cb.students.amrita.edu","EEE","B","2027","8.96","1","Placed"
"CB.EN.U4EEE23126","Keerthana Kapoor","cb.en.u4eee23126@cb.students.amrita.edu","EEE","B","2027","6.31","1","Not Placed"
"CB.EN.U4EEE23127","Surya Bose","cb.en.u4eee23127@cb.students.amrita.edu","EEE","B","2027","7.85","0","Not Placed"
"CB.EN.U4EEE23128","Aishwarya Gupta","cb.en.u4eee23128@cb.students.amrita.edu","EEE","B","2027","6.17","2","Placed"
"CB.EN.U4EEE23129","Ishaan Verma","cb.en.u4eee23129@cb.students.amrita.edu","EEE","B","2027","7.3","0","Not Placed"
"CB.EN.U4EEE23130","Ananya Mishra","cb.en.u4eee23130@cb.students.amrita.edu","EEE","B","2027","6.04","1","Not Placed"
"CB.EN.U4EEE23131","Keerthana Sharma","cb.en.u4eee23131@cb.students.amrita.edu","EEE","B","2027","9.18","1","Placed"
"CB.EN.U4EEE23132","Yash Patel","cb.en.u4eee23132@cb.students.amrita.edu","EEE","B","2027","9.63","0","Not Placed"
"CB.EN.U4EEE23133","Tanvi Bose","cb.en.u4eee23133@cb.students.amrita.edu","EEE","B","2027","9.89","0","Not Placed"
"CB.EN.U4EEE23134","Varun Verma","cb.en.u4eee23134@cb.students.amrita.edu","EEE","B","2027","9.08","2","Placed"
"CB.EN.U4EEE23135","Vikram Sharma","cb.en.u4eee23135@cb.students.amrita.edu","EEE","B","2027","6.67","0","Not Placed"
"CB.EN.U4EEE23136","Sanjay Reddy","cb.en.u4eee23136@cb.students.amrita.edu","EEE","B","2027","7.2","1","Not Placed"
"CB.EN.U4EEE23137","Sneha Shetty","cb.en.u4eee23137@cb.students.amrita.edu","EEE","B","2027","9.55","0","Placed"
"CB.EN.U4EEE23138","Ananya Patel","cb.en.u4eee23138@cb.students.amrita.edu","EEE","B","2027","8.25","1","Not Placed"
"CB.EN.U4EEE23139","Akash Nair","cb.en.u4eee23139@cb.students.amrita.edu","EEE","B","2027","6.26","1","Not Placed"
"CB.EN.U4EEE23140","Janani Nair","cb.en.u4eee23140@cb.students.amrita.edu","EEE","B","2027","7.54","1","Placed"
"CB.EN.U4EEE23141","Zara Pillai","cb.en.u4eee23141@cb.students.amrita.edu","EEE","B","2027","8.74","0","Not Placed"
"CB.EN.U4EEE23142","Yash Das","cb.en.u4eee23142@cb.students.amrita.edu","EEE","B","2027","9.31","2","Not Placed"
"CB.EN.U4EEE23143","Aishwarya Raman","cb.en.u4eee23143@cb.students.amrita.edu","EEE","B","2027","8.75","0","Placed"
"CB.EN.U4EEE23144","Keerthana Krishnan","cb.en.u4eee23144@cb.students.amrita.edu","EEE","B","2027","6.98","2","Not Placed"
"CB.EN.U4EEE23145","Aditya Sharma","cb.en.u4eee23145@cb.students.amrita.edu","EEE","B","2027","7.42","2","Not Placed"
"CB.EN.U4EEE23146","Nikhil Menon","cb.en.u4eee23146@cb.students.amrita.edu","EEE","B","2027","8.15","2","Placed"
"CB.EN.U4EEE23147","Anirudh Verma","cb.en.u4eee23147@cb.students.amrita.edu","EEE","B","2027","8.6","0","Not Placed"
"CB.EN.U4EEE23148","Vikram Sharma","cb.en.u4eee23148@cb.students.amrita.edu","EEE","B","2027","8.93","1","Not Placed"
"CB.EN.U4EEE23149","Karthik Gupta","cb.en.u4eee23149@cb.students.amrita.edu","EEE","B","2027","9.89","0","Placed"
"CB.EN.U4EEE23150","Arjun Menon","cb.en.u4eee23150@cb.students.amrita.edu","EEE","B","2027","8.55","0","Not Placed"
"CB.EN.U4EEE23151","Tanvi Kapoor","cb.en.u4eee23151@cb.students.amrita.edu","EEE","B","2027","6.53","0","Not Placed"
"CB.EN.U4EEE23152","Bhavya Sharma","cb.en.u4eee23152@cb.students.amrita.edu","EEE","B","2027","6.21","2","Placed"
"CB.EN.U4EEE23153","Bhavya Mishra","cb.en.u4eee23153@cb.students.amrita.edu","EEE","B","2027","7.2","1","Not Placed"
"CB.EN.U4EEE23154","Ananya Raman","cb.en.u4eee23154@cb.students.amrita.edu","EEE","B","2027","9.52","1","Not Placed"
"CB.EN.U4EEE23155","Keerthana Reddy","cb.en.u4eee23155@cb.students.amrita.edu","EEE","B","2027","8","2","Placed"
"CB.EN.U4EEE23156","Sanjay Mishra","cb.en.u4eee23156@cb.students.amrita.edu","EEE","B","2027","6.65","1","Not Placed"
"CB.EN.U4EEE23157","Riya Mishra","cb.en.u4eee23157@cb.students.amrita.edu","EEE","B","2027","7.02","1","Not Placed"
"CB.EN.U4EEE23158","Nikhil Das","cb.en.u4eee23158@cb.students.amrita.edu","EEE","B","2027","7.25","1","Placed"
"CB.EN.U4EEE23159","Aarav Patel","cb.en.u4eee23159@cb.students.amrita.edu","EEE","B","2027","6.9","2","Not Placed"
"CB.EN.U4EEE23160","Meera Mishra","cb.en.u4eee23160@cb.students.amrita.edu","EEE","B","2027","9.32","0","Not Placed"
"CB.EN.U4EEE23201","Tanvi Gupta","cb.en.u4eee23201@cb.students.amrita.edu","EEE","C","2027","6.7","1","Placed"
"CB.EN.U4EEE23202","Surya Joshi","cb.en.u4eee23202@cb.students.amrita.edu","EEE","C","2027","8.25","1","Not Placed"
"CB.EN.U4EEE23203","Sanjay Iyer","cb.en.u4eee23203@cb.students.amrita.edu","EEE","C","2027","7.47","1","Not Placed"
"CB.EN.U4EEE23204","Meera Nair","cb.en.u4eee23204@cb.students.amrita.edu","EEE","C","2027","8.67","1","Placed"
"CB.EN.U4EEE23205","Riya Menon","cb.en.u4eee23205@cb.students.amrita.edu","EEE","C","2027","9.57","2","Not Placed"
"CB.EN.U4EEE23206","Surya Menon","cb.en.u4eee23206@cb.students.amrita.edu","EEE","C","2027","9.18","2","Not Placed"
"CB.EN.U4EEE23207","Charan Iyer","cb.en.u4eee23207@cb.students.amrita.edu","EEE","C","2027","7.49","1","Placed"
"CB.EN.U4EEE23208","Vikram Bose","cb.en.u4eee23208@cb.students.amrita.edu","EEE","C","2027","8.8","2","Not Placed"
"CB.EN.U4EEE23209","Varun Das","cb.en.u4eee23209@cb.students.amrita.edu","EEE","C","2027","6.27","0","Not Placed"
"CB.EN.U4EEE23210","Zara Chatterjee","cb.en.u4eee23210@cb.students.amrita.edu","EEE","C","2027","9.37","2","Placed"
"CB.EN.U4EEE23211","Anirudh Sharma","cb.en.u4eee23211@cb.students.amrita.edu","EEE","C","2027","8.02","2","Not Placed"
"CB.EN.U4EEE23212","Akash Menon","cb.en.u4eee23212@cb.students.amrita.edu","EEE","C","2027","9.87","0","Not Placed"
"CB.EN.U4EEE23213","Rahul Bose","cb.en.u4eee23213@cb.students.amrita.edu","EEE","C","2027","9.31","0","Placed"
"CB.EN.U4EEE23214","Ananya Kulkarni","cb.en.u4eee23214@cb.students.amrita.edu","EEE","C","2027","9.46","2","Not Placed"
"CB.EN.U4EEE23215","Keerthana Iyer","cb.en.u4eee23215@cb.students.amrita.edu","EEE","C","2027","9.62","0","Not Placed"
"CB.EN.U4EEE23216","Karthik Raman","cb.en.u4eee23216@cb.students.amrita.edu","EEE","C","2027","9.8","2","Placed"
"CB.EN.U4EEE23217","Zara Menon","cb.en.u4eee23217@cb.students.amrita.edu","EEE","C","2027","9.46","1","Not Placed"
"CB.EN.U4EEE23218","Harish Shetty","cb.en.u4eee23218@cb.students.amrita.edu","EEE","C","2027","6.69","1","Not Placed"
"CB.EN.U4EEE23219","Nikhil Kapoor","cb.en.u4eee23219@cb.students.amrita.edu","EEE","C","2027","9.78","2","Placed"
"CB.EN.U4EEE23220","Anirudh Mishra","cb.en.u4eee23220@cb.students.amrita.edu","EEE","C","2027","6.73","0","Not Placed"
"CB.EN.U4EEE23221","Vikram Shetty","cb.en.u4eee23221@cb.students.amrita.edu","EEE","C","2027","9.79","2","Not Placed"
"CB.EN.U4EEE23222","Varun Kapoor","cb.en.u4eee23222@cb.students.amrita.edu","EEE","C","2027","6.88","2","Placed"
"CB.EN.U4EEE23223","Aishwarya Gupta","cb.en.u4eee23223@cb.students.amrita.edu","EEE","C","2027","9.3","2","Not Placed"
"CB.EN.U4EEE23224","Vikram Chatterjee","cb.en.u4eee23224@cb.students.amrita.edu","EEE","C","2027","9.13","0","Not Placed"
"CB.EN.U4EEE23225","Aditya Nair","cb.en.u4eee23225@cb.students.amrita.edu","EEE","C","2027","7.53","0","Placed"
"CB.EN.U4EEE23226","Zara Raman","cb.en.u4eee23226@cb.students.amrita.edu","EEE","C","2027","9.03","0","Not Placed"
"CB.EN.U4EEE23227","Arya Reddy","cb.en.u4eee23227@cb.students.amrita.edu","EEE","C","2027","6.86","2","Not Placed"
"CB.EN.U4EEE23228","Akash Menon","cb.en.u4eee23228@cb.students.amrita.edu","EEE","C","2027","6.87","0","Placed"
"CB.EN.U4EEE23229","Tanvi Menon","cb.en.u4eee23229@cb.students.amrita.edu","EEE","C","2027","8.69","1","Not Placed"
"CB.EN.U4EEE23230","Surya Das","cb.en.u4eee23230@cb.students.amrita.edu","EEE","C","2027","7.73","1","Not Placed"
"CB.EN.U4EEE23231","Yash Mishra","cb.en.u4eee23231@cb.students.amrita.edu","EEE","C","2027","8.21","0","Placed"
"CB.EN.U4EEE23232","Zara Iyer","cb.en.u4eee23232@cb.students.amrita.edu","EEE","C","2027","8.42","1","Not Placed"
"CB.EN.U4EEE23233","Arjun Raman","cb.en.u4eee23233@cb.students.amrita.edu","EEE","C","2027","9.54","1","Not Placed"
"CB.EN.U4EEE23234","Rahul Shetty","cb.en.u4eee23234@cb.students.amrita.edu","EEE","C","2027","8.09","0","Placed"
"CB.EN.U4EEE23235","Diya Joshi","cb.en.u4eee23235@cb.students.amrita.edu","EEE","C","2027","8.39","0","Not Placed"
"CB.EN.U4EEE23236","Janani Chatterjee","cb.en.u4eee23236@cb.students.amrita.edu","EEE","C","2027","6.58","2","Not Placed"
"CB.EN.U4EEE23237","Aishwarya Reddy","cb.en.u4eee23237@cb.students.amrita.edu","EEE","C","2027","9.42","2","Placed"
"CB.EN.U4EEE23238","Janani Sharma","cb.en.u4eee23238@cb.students.amrita.edu","EEE","C","2027","9.05","0","Not Placed"
"CB.EN.U4EEE23239","Meera Pillai","cb.en.u4eee23239@cb.students.amrita.edu","EEE","C","2027","6.81","2","Not Placed"
"CB.EN.U4EEE23240","Nikhil Nair","cb.en.u4eee23240@cb.students.amrita.edu","EEE","C","2027","7.57","0","Placed"
"CB.EN.U4EEE23241","Nikhil Nair","cb.en.u4eee23241@cb.students.amrita.edu","EEE","C","2027","7.17","1","Not Placed"
"CB.EN.U4EEE23242","Sanjay Verma","cb.en.u4eee23242@cb.students.amrita.edu","EEE","C","2027","6.85","2","Not Placed"
"CB.EN.U4EEE23243","Charan Sharma","cb.en.u4eee23243@cb.students.amrita.edu","EEE","C","2027","6.08","1","Placed"
"CB.EN.U4EEE23244","Ishaan Sharma","cb.en.u4eee23244@cb.students.amrita.edu","EEE","C","2027","9.45","0","Not Placed"
"CB.EN.U4EEE23245","Sneha Sharma","cb.en.u4eee23245@cb.students.amrita.edu","EEE","C","2027","6.46","2","Not Placed"
"CB.EN.U4EEE23246","Sanjay Joshi","cb.en.u4eee23246@cb.students.amrita.edu","EEE","C","2027","7.16","0","Placed"
"CB.EN.U4EEE23247","Arya Gupta","cb.en.u4eee23247@cb.students.amrita.edu","EEE","C","2027","7.11","0","Not Placed"
"CB.EN.U4EEE23248","Anirudh Bose","cb.en.u4eee23248@cb.students.amrita.edu","EEE","C","2027","9.49","0","Not Placed"
"CB.EN.U4EEE23249","Anirudh Kapoor","cb.en.u4eee23249@cb.students.amrita.edu","EEE","C","2027","9.6","2","Placed"
"CB.EN.U4EEE23250","Ishaan Raman","cb.en.u4eee23250@cb.students.amrita.edu","EEE","C","2027","8.21","2","Not Placed"
"CB.EN.U4EEE23251","Harish Mishra","cb.en.u4eee23251@cb.students.amrita.edu","EEE","C","2027","8.74","0","Not Placed"
"CB.EN.U4EEE23252","Keerthana Sharma","cb.en.u4eee23252@cb.students.amrita.edu","EEE","C","2027","8.68","2","Placed"
"CB.EN.U4EEE23253","Aarav Verma","cb.en.u4eee23253@cb.students.amrita.edu","EEE","C","2027","7.12","1","Not Placed"
"CB.EN.U4EEE23254","Rahul Chatterjee","cb.en.u4eee23254@cb.students.amrita.edu","EEE","C","2027","9.9","0","Not Placed"
"CB.EN.U4EEE23255","Akash Raman","cb.en.u4eee23255@cb.students.amrita.edu","EEE","C","2027","9.84","0","Placed"
"CB.EN.U4EEE23256","Akash Patel","cb.en.u4eee23256@cb.students.amrita.edu","EEE","C","2027","6.01","2","Not Placed"
"CB.EN.U4EEE23257","Arya Menon","cb.en.u4eee23257@cb.students.amrita.edu","EEE","C","2027","9.74","2","Not Placed"
"CB.EN.U4EEE23258","Varun Shetty","cb.en.u4eee23258@cb.students.amrita.edu","EEE","C","2027","8.91","1","Placed"
"CB.EN.U4EEE23259","Ananya Iyer","cb.en.u4eee23259@cb.students.amrita.edu","EEE","C","2027","6.45","1","Not Placed"
"CB.EN.U4EEE23260","Ishaan Chatterjee","cb.en.u4eee23260@cb.students.amrita.edu","EEE","C","2027","7.3","2","Not Placed"
"CB.EN.U4EEE23301","Diya Pillai","cb.en.u4eee23301@cb.students.amrita.edu","EEE","D","2027","9.06","2","Placed"
"CB.EN.U4EEE23302","Zara Reddy","cb.en.u4eee23302@cb.students.amrita.edu","EEE","D","2027","9.6","2","Not Placed"
"CB.EN.U4EEE23303","Nikhil Iyer","cb.en.u4eee23303@cb.students.amrita.edu","EEE","D","2027","6.86","0","Not Placed"
"CB.EN.U4EEE23304","Yash Mishra","cb.en.u4eee23304@cb.students.amrita.edu","EEE","D","2027","7.59","2","Placed"
"CB.EN.U4EEE23305","Ananya Bose","cb.en.u4eee23305@cb.students.amrita.edu","EEE","D","2027","8.29","0","Not Placed"
"CB.EN.U4EEE23306","Surya Gupta","cb.en.u4eee23306@cb.students.amrita.edu","EEE","D","2027","8.79","1","Not Placed"
"CB.EN.U4EEE23307","Arya Pillai","cb.en.u4eee23307@cb.students.amrita.edu","EEE","D","2027","8.48","1","Placed"
"CB.EN.U4EEE23308","Aarav Gupta","cb.en.u4eee23308@cb.students.amrita.edu","EEE","D","2027","6.62","2","Not Placed"
"CB.EN.U4EEE23309","Aarav Sharma","cb.en.u4eee23309@cb.students.amrita.edu","EEE","D","2027","8.87","2","Not Placed"
"CB.EN.U4EEE23310","Akash Das","cb.en.u4eee23310@cb.students.amrita.edu","EEE","D","2027","8.64","0","Placed"
"CB.EN.U4EEE23311","Yash Pillai","cb.en.u4eee23311@cb.students.amrita.edu","EEE","D","2027","7.88","0","Not Placed"
"CB.EN.U4EEE23312","Ananya Patel","cb.en.u4eee23312@cb.students.amrita.edu","EEE","D","2027","9.38","1","Not Placed"
"CB.EN.U4EEE23313","Lakshmi Patel","cb.en.u4eee23313@cb.students.amrita.edu","EEE","D","2027","8.53","0","Placed"
"CB.EN.U4EEE23314","Keerthana Pillai","cb.en.u4eee23314@cb.students.amrita.edu","EEE","D","2027","7.15","0","Not Placed"
"CB.EN.U4EEE23315","Varun Raman","cb.en.u4eee23315@cb.students.amrita.edu","EEE","D","2027","7.25","0","Not Placed"
"CB.EN.U4EEE23316","Riya Nair","cb.en.u4eee23316@cb.students.amrita.edu","EEE","D","2027","9.63","1","Placed"
"CB.EN.U4EEE23317","Anirudh Mishra","cb.en.u4eee23317@cb.students.amrita.edu","EEE","D","2027","9.62","0","Not Placed"
"CB.EN.U4EEE23318","Rahul Das","cb.en.u4eee23318@cb.students.amrita.edu","EEE","D","2027","9.3","1","Not Placed"
"CB.EN.U4EEE23319","Ishaan Iyer","cb.en.u4eee23319@cb.students.amrita.edu","EEE","D","2027","9.28","0","Placed"
"CB.EN.U4EEE23320","Rahul Kapoor","cb.en.u4eee23320@cb.students.amrita.edu","EEE","D","2027","8.35","2","Not Placed"
"CB.EN.U4EEE23321","Sneha Iyer","cb.en.u4eee23321@cb.students.amrita.edu","EEE","D","2027","6.6","2","Not Placed"
"CB.EN.U4EEE23322","Lakshmi Gupta","cb.en.u4eee23322@cb.students.amrita.edu","EEE","D","2027","6.89","1","Placed"
"CB.EN.U4EEE23323","Zara Mishra","cb.en.u4eee23323@cb.students.amrita.edu","EEE","D","2027","7.89","2","Not Placed"
"CB.EN.U4EEE23324","Karthik Reddy","cb.en.u4eee23324@cb.students.amrita.edu","EEE","D","2027","8.6","0","Not Placed"
"CB.EN.U4EEE23325","Zara Raman","cb.en.u4eee23325@cb.students.amrita.edu","EEE","D","2027","9.82","2","Placed"
"CB.EN.U4EEE23326","Zara Bose","cb.en.u4eee23326@cb.students.amrita.edu","EEE","D","2027","7.96","0","Not Placed"
"CB.EN.U4EEE23327","Sanjay Kulkarni","cb.en.u4eee23327@cb.students.amrita.edu","EEE","D","2027","8.07","2","Not Placed"
"CB.EN.U4EEE23328","Varun Kapoor","cb.en.u4eee23328@cb.students.amrita.edu","EEE","D","2027","9.22","1","Placed"
"CB.EN.U4EEE23329","Anirudh Gupta","cb.en.u4eee23329@cb.students.amrita.edu","EEE","D","2027","7.28","1","Not Placed"
"CB.EN.U4EEE23330","Keerthana Kapoor","cb.en.u4eee23330@cb.students.amrita.edu","EEE","D","2027","9.38","2","Not Placed"
"CB.EN.U4EEE23331","Charan Joshi","cb.en.u4eee23331@cb.students.amrita.edu","EEE","D","2027","8.84","2","Placed"
"CB.EN.U4EEE23332","Lakshmi Chatterjee","cb.en.u4eee23332@cb.students.amrita.edu","EEE","D","2027","7.54","1","Not Placed"
"CB.EN.U4EEE23333","Arjun Mishra","cb.en.u4eee23333@cb.students.amrita.edu","EEE","D","2027","9.41","0","Not Placed"
"CB.EN.U4EEE23334","Surya Gupta","cb.en.u4eee23334@cb.students.amrita.edu","EEE","D","2027","7.99","0","Placed"
"CB.EN.U4EEE23335","Aarav Kapoor","cb.en.u4eee23335@cb.students.amrita.edu","EEE","D","2027","9.82","1","Not Placed"
"CB.EN.U4EEE23336","Surya Reddy","cb.en.u4eee23336@cb.students.amrita.edu","EEE","D","2027","9.47","0","Not Placed"
"CB.EN.U4EEE23337","Charan Shetty","cb.en.u4eee23337@cb.students.amrita.edu","EEE","D","2027","8.85","2","Placed"
"CB.EN.U4EEE23338","Meera Iyer","cb.en.u4eee23338@cb.students.amrita.edu","EEE","D","2027","9.55","2","Not Placed"
"CB.EN.U4EEE23339","Pooja Das","cb.en.u4eee23339@cb.students.amrita.edu","EEE","D","2027","8.06","1","Not Placed"
"CB.EN.U4EEE23340","Varun Gupta","cb.en.u4eee23340@cb.students.amrita.edu","EEE","D","2027","6.55","0","Placed"
"CB.EN.U4EEE23341","Meera Bose","cb.en.u4eee23341@cb.students.amrita.edu","EEE","D","2027","8.28","0","Not Placed"
"CB.EN.U4EEE23342","Bhavya Shetty","cb.en.u4eee23342@cb.students.amrita.edu","EEE","D","2027","9.45","1","Not Placed"
"CB.EN.U4EEE23343","Nikhil Das","cb.en.u4eee23343@cb.students.amrita.edu","EEE","D","2027","6.01","2","Placed"
"CB.EN.U4EEE23344","Rahul Kulkarni","cb.en.u4eee23344@cb.students.amrita.edu","EEE","D","2027","7.3","0","Not Placed"
"CB.EN.U4EEE23345","Sneha Shetty","cb.en.u4eee23345@cb.students.amrita.edu","EEE","D","2027","7.06","1","Not Placed"
"CB.EN.U4EEE23346","Akash Kapoor","cb.en.u4eee23346@cb.students.amrita.edu","EEE","D","2027","9.85","2","Placed"
"CB.EN.U4EEE23347","Ananya Verma","cb.en.u4eee23347@cb.students.amrita.edu","EEE","D","2027","6.91","2","Not Placed"
"CB.EN.U4EEE23348","Sanjay Nagarajan","cb.en.u4eee23348@cb.students.amrita.edu","EEE","D","2027","9.2","2","Not Placed"
"CB.EN.U4EEE23349","Arjun Nair","cb.en.u4eee23349@cb.students.amrita.edu","EEE","D","2027","9.86","0","Placed"
"CB.EN.U4EEE23350","Akash Iyer","cb.en.u4eee23350@cb.students.amrita.edu","EEE","D","2027","9.21","0","Not Placed"
"CB.EN.U4EEE23351","Nikhil Mishra","cb.en.u4eee23351@cb.students.amrita.edu","EEE","D","2027","8.74","2","Not Placed"
"CB.EN.U4EEE23352","Vikram Verma","cb.en.u4eee23352@cb.students.amrita.edu","EEE","D","2027","9.19","1","Placed"
"CB.EN.U4EEE23353","Keerthana Das","cb.en.u4eee23353@cb.students.amrita.edu","EEE","D","2027","7.08","0","Not Placed"
"CB.EN.U4EEE23354","Aditya Pillai","cb.en.u4eee23354@cb.students.amrita.edu","EEE","D","2027","7.29","2","Not Placed"
"CB.EN.U4EEE23355","Vikram Pillai","cb.en.u4eee23355@cb.students.amrita.edu","EEE","D","2027","9.76","1","Placed"
"CB.EN.U4EEE23356","Pooja Bose","cb.en.u4eee23356@cb.students.amrita.edu","EEE","D","2027","7.08","0","Not Placed"
"CB.EN.U4EEE23357","Yash Bose","cb.en.u4eee23357@cb.students.amrita.edu","EEE","D","2027","7.73","0","Not Placed"
"CB.EN.U4EEE23358","Charan Kapoor","cb.en.u4eee23358@cb.students.amrita.edu","EEE","D","2027","6.62","1","Placed"
"CB.EN.U4EEE23359","Bhavya Das","cb.en.u4eee23359@cb.students.amrita.edu","EEE","D","2027","9.01","0","Not Placed"
"CB.EN.U4EEE23360","Varun Nair","cb.en.u4eee23360@cb.students.amrita.edu","EEE","D","2027","7.43","1","Not Placed"
"CB.EN.U4EEE23401","Varun Kapoor","cb.en.u4eee23401@cb.students.amrita.edu","EEE","E","2027","6.43","1","Placed"
"CB.EN.U4EEE23402","Anirudh Gupta","cb.en.u4eee23402@cb.students.amrita.edu","EEE","E","2027","9.58","2","Not Placed"
"CB.EN.U4EEE23403","Vikram Shetty","cb.en.u4eee23403@cb.students.amrita.edu","EEE","E","2027","9.19","1","Not Placed"
"CB.EN.U4EEE23404","Tanvi Pillai","cb.en.u4eee23404@cb.students.amrita.edu","EEE","E","2027","9.4","2","Placed"
"CB.EN.U4EEE23405","Arya Mishra","cb.en.u4eee23405@cb.students.amrita.edu","EEE","E","2027","8.03","2","Not Placed"
"CB.EN.U4EEE23406","Riya Krishnan","cb.en.u4eee23406@cb.students.amrita.edu","EEE","E","2027","7.16","1","Not Placed"
"CB.EN.U4EEE23407","Zara Das","cb.en.u4eee23407@cb.students.amrita.edu","EEE","E","2027","7.5","1","Placed"
"CB.EN.U4EEE23408","Rahul Nair","cb.en.u4eee23408@cb.students.amrita.edu","EEE","E","2027","9.24","1","Not Placed"
"CB.EN.U4EEE23409","Ananya Gupta","cb.en.u4eee23409@cb.students.amrita.edu","EEE","E","2027","8.09","1","Not Placed"
"CB.EN.U4EEE23410","Aarav Mishra","cb.en.u4eee23410@cb.students.amrita.edu","EEE","E","2027","9.45","2","Placed"
"CB.EN.U4EEE23411","Tanvi Sharma","cb.en.u4eee23411@cb.students.amrita.edu","EEE","E","2027","8.55","1","Not Placed"
"CB.EN.U4EEE23412","Sanjay Krishnan","cb.en.u4eee23412@cb.students.amrita.edu","EEE","E","2027","8.88","0","Not Placed"
"CB.EN.U4EEE23413","Sneha Raman","cb.en.u4eee23413@cb.students.amrita.edu","EEE","E","2027","7.86","0","Placed"
"CB.EN.U4EEE23414","Sanjay Bose","cb.en.u4eee23414@cb.students.amrita.edu","EEE","E","2027","7.86","2","Not Placed"
"CB.EN.U4EEE23415","Vikram Mishra","cb.en.u4eee23415@cb.students.amrita.edu","EEE","E","2027","7.95","2","Not Placed"
"CB.EN.U4EEE23416","Bhavya Verma","cb.en.u4eee23416@cb.students.amrita.edu","EEE","E","2027","8.09","0","Placed"
"CB.EN.U4EEE23417","Riya Das","cb.en.u4eee23417@cb.students.amrita.edu","EEE","E","2027","6.27","2","Not Placed"
"CB.EN.U4EEE23418","Sneha Nagarajan","cb.en.u4eee23418@cb.students.amrita.edu","EEE","E","2027","7.47","2","Not Placed"
"CB.EN.U4EEE23419","Tanvi Verma","cb.en.u4eee23419@cb.students.amrita.edu","EEE","E","2027","8.08","2","Placed"
"CB.EN.U4EEE23420","Vikram Krishnan","cb.en.u4eee23420@cb.students.amrita.edu","EEE","E","2027","8.96","2","Not Placed"
"CB.EN.U4EEE23421","Ananya Kulkarni","cb.en.u4eee23421@cb.students.amrita.edu","EEE","E","2027","6.34","1","Not Placed"
"CB.EN.U4EEE23422","Surya Raman","cb.en.u4eee23422@cb.students.amrita.edu","EEE","E","2027","7.37","0","Placed"
"CB.EN.U4EEE23423","Pooja Pillai","cb.en.u4eee23423@cb.students.amrita.edu","EEE","E","2027","7.16","1","Not Placed"
"CB.EN.U4EEE23424","Nikhil Chatterjee","cb.en.u4eee23424@cb.students.amrita.edu","EEE","E","2027","8.18","0","Not Placed"
"CB.EN.U4EEE23425","Charan Verma","cb.en.u4eee23425@cb.students.amrita.edu","EEE","E","2027","6.68","0","Placed"
"CB.EN.U4EEE23426","Bhavya Sharma","cb.en.u4eee23426@cb.students.amrita.edu","EEE","E","2027","7.58","0","Not Placed"
"CB.EN.U4EEE23427","Riya Joshi","cb.en.u4eee23427@cb.students.amrita.edu","EEE","E","2027","8.4","2","Not Placed"
"CB.EN.U4EEE23428","Arya Menon","cb.en.u4eee23428@cb.students.amrita.edu","EEE","E","2027","8.75","0","Placed"
"CB.EN.U4EEE23429","Zara Shetty","cb.en.u4eee23429@cb.students.amrita.edu","EEE","E","2027","6.13","2","Not Placed"
"CB.EN.U4EEE23430","Arjun Krishnan","cb.en.u4eee23430@cb.students.amrita.edu","EEE","E","2027","9.47","0","Not Placed"
"CB.EN.U4EEE23431","Harish Kapoor","cb.en.u4eee23431@cb.students.amrita.edu","EEE","E","2027","6.05","0","Placed"
"CB.EN.U4EEE23432","Janani Kapoor","cb.en.u4eee23432@cb.students.amrita.edu","EEE","E","2027","7.21","1","Not Placed"
"CB.EN.U4EEE23433","Surya Gupta","cb.en.u4eee23433@cb.students.amrita.edu","EEE","E","2027","9.83","0","Not Placed"
"CB.EN.U4EEE23434","Nikhil Mishra","cb.en.u4eee23434@cb.students.amrita.edu","EEE","E","2027","8.15","2","Placed"
"CB.EN.U4EEE23435","Aditya Nair","cb.en.u4eee23435@cb.students.amrita.edu","EEE","E","2027","6.93","0","Not Placed"
"CB.EN.U4EEE23436","Aarav Bose","cb.en.u4eee23436@cb.students.amrita.edu","EEE","E","2027","7.13","2","Not Placed"
"CB.EN.U4EEE23437","Aditya Mishra","cb.en.u4eee23437@cb.students.amrita.edu","EEE","E","2027","6.78","2","Placed"
"CB.EN.U4EEE23438","Arjun Pillai","cb.en.u4eee23438@cb.students.amrita.edu","EEE","E","2027","8.68","0","Not Placed"
"CB.EN.U4EEE23439","Karthik Bose","cb.en.u4eee23439@cb.students.amrita.edu","EEE","E","2027","7.19","1","Not Placed"
"CB.EN.U4EEE23440","Pooja Patel","cb.en.u4eee23440@cb.students.amrita.edu","EEE","E","2027","6.41","2","Placed"
"CB.EN.U4EEE23441","Tanvi Joshi","cb.en.u4eee23441@cb.students.amrita.edu","EEE","E","2027","9.49","1","Not Placed"
"CB.EN.U4EEE23442","Diya Krishnan","cb.en.u4eee23442@cb.students.amrita.edu","EEE","E","2027","9.73","2","Not Placed"
"CB.EN.U4EEE23443","Lakshmi Raman","cb.en.u4eee23443@cb.students.amrita.edu","EEE","E","2027","8.65","1","Placed"
"CB.EN.U4EEE23444","Arya Patel","cb.en.u4eee23444@cb.students.amrita.edu","EEE","E","2027","9.84","2","Not Placed"
"CB.EN.U4EEE23445","Ishaan Nagarajan","cb.en.u4eee23445@cb.students.amrita.edu","EEE","E","2027","7.99","2","Not Placed"
"CB.EN.U4EEE23446","Meera Das","cb.en.u4eee23446@cb.students.amrita.edu","EEE","E","2027","8.12","0","Placed"
"CB.EN.U4EEE23447","Akash Das","cb.en.u4eee23447@cb.students.amrita.edu","EEE","E","2027","9.39","1","Not Placed"
"CB.EN.U4EEE23448","Arjun Nair","cb.en.u4eee23448@cb.students.amrita.edu","EEE","E","2027","7.37","2","Not Placed"
"CB.EN.U4EEE23449","Aishwarya Das","cb.en.u4eee23449@cb.students.amrita.edu","EEE","E","2027","7.82","2","Placed"
"CB.EN.U4EEE23450","Karthik Chatterjee","cb.en.u4eee23450@cb.students.amrita.edu","EEE","E","2027","7.69","1","Not Placed"
"CB.EN.U4EEE23451","Surya Nagarajan","cb.en.u4eee23451@cb.students.amrita.edu","EEE","E","2027","8.93","1","Not Placed"
"CB.EN.U4EEE23452","Aditya Mishra","cb.en.u4eee23452@cb.students.amrita.edu","EEE","E","2027","6.86","2","Placed"
"CB.EN.U4EEE23453","Karthik Reddy","cb.en.u4eee23453@cb.students.amrita.edu","EEE","E","2027","6.98","1","Not Placed"
"CB.EN.U4EEE23454","Surya Kapoor","cb.en.u4eee23454@cb.students.amrita.edu","EEE","E","2027","7.8","2","Not Placed"
"CB.EN.U4EEE23455","Vikram Shetty","cb.en.u4eee23455@cb.students.amrita.edu","EEE","E","2027","8.54","2","Placed"
"CB.EN.U4EEE23456","Keerthana Chatterjee","cb.en.u4eee23456@cb.students.amrita.edu","EEE","E","2027","7.18","1","Not Placed"
"CB.EN.U4EEE23457","Aarav Bose","cb.en.u4eee23457@cb.students.amrita.edu","EEE","E","2027","7.26","1","Not Placed"
"CB.EN.U4EEE23458","Bhavya Patel","cb.en.u4eee23458@cb.students.amrita.edu","EEE","E","2027","9.34","2","Placed"
"CB.EN.U4EEE23459","Meera Iyer","cb.en.u4eee23459@cb.students.amrita.edu","EEE","E","2027","6.47","0","Not Placed"
"CB.EN.U4EEE23460","Bhavya Nagarajan","cb.en.u4eee23460@cb.students.amrita.edu","EEE","E","2027","9.52","1","Not Placed"
"CB.EN.U4ECE23001","Ananya Gupta","cb.en.u4ece23001@cb.students.amrita.edu","ECE","A","2027","9.14","2","Placed"
"CB.EN.U4ECE23002","Bhavya Gupta","cb.en.u4ece23002@cb.students.amrita.edu","ECE","A","2027","7.13","2","Not Placed"
"CB.EN.U4ECE23003","Zara Kapoor","cb.en.u4ece23003@cb.students.amrita.edu","ECE","A","2027","7.61","0","Not Placed"
"CB.EN.U4ECE23004","Janani Kulkarni","cb.en.u4ece23004@cb.students.amrita.edu","ECE","A","2027","7.21","0","Placed"
"CB.EN.U4ECE23005","Aarav Verma","cb.en.u4ece23005@cb.students.amrita.edu","ECE","A","2027","7.79","2","Not Placed"
"CB.EN.U4ECE23006","Sanjay Menon","cb.en.u4ece23006@cb.students.amrita.edu","ECE","A","2027","9.25","1","Not Placed"
"CB.EN.U4ECE23007","Keerthana Nagarajan","cb.en.u4ece23007@cb.students.amrita.edu","ECE","A","2027","7.77","2","Placed"
"CB.EN.U4ECE23008","Keerthana Shetty","cb.en.u4ece23008@cb.students.amrita.edu","ECE","A","2027","6.58","2","Not Placed"
"CB.EN.U4ECE23009","Riya Das","cb.en.u4ece23009@cb.students.amrita.edu","ECE","A","2027","6.5","1","Not Placed"
"CB.EN.U4ECE23010","Arjun Nagarajan","cb.en.u4ece23010@cb.students.amrita.edu","ECE","A","2027","8.09","1","Placed"
"CB.EN.U4ECE23011","Karthik Reddy","cb.en.u4ece23011@cb.students.amrita.edu","ECE","A","2027","7.43","1","Not Placed"
"CB.EN.U4ECE23012","Yash Chatterjee","cb.en.u4ece23012@cb.students.amrita.edu","ECE","A","2027","6.52","0","Not Placed"
"CB.EN.U4ECE23013","Akash Nair","cb.en.u4ece23013@cb.students.amrita.edu","ECE","A","2027","8.92","1","Placed"
"CB.EN.U4ECE23014","Nikhil Joshi","cb.en.u4ece23014@cb.students.amrita.edu","ECE","A","2027","6.08","0","Not Placed"
"CB.EN.U4ECE23015","Aarav Kulkarni","cb.en.u4ece23015@cb.students.amrita.edu","ECE","A","2027","6.37","1","Not Placed"
"CB.EN.U4ECE23016","Meera Joshi","cb.en.u4ece23016@cb.students.amrita.edu","ECE","A","2027","7.41","1","Placed"
"CB.EN.U4ECE23017","Arya Raman","cb.en.u4ece23017@cb.students.amrita.edu","ECE","A","2027","8.57","0","Not Placed"
"CB.EN.U4ECE23018","Aishwarya Patel","cb.en.u4ece23018@cb.students.amrita.edu","ECE","A","2027","7.98","0","Not Placed"
"CB.EN.U4ECE23019","Sanjay Nagarajan","cb.en.u4ece23019@cb.students.amrita.edu","ECE","A","2027","8.29","0","Placed"
"CB.EN.U4ECE23020","Nikhil Kapoor","cb.en.u4ece23020@cb.students.amrita.edu","ECE","A","2027","6.32","0","Not Placed"
"CB.EN.U4ECE23021","Lakshmi Menon","cb.en.u4ece23021@cb.students.amrita.edu","ECE","A","2027","9.01","2","Not Placed"
"CB.EN.U4ECE23022","Vikram Kulkarni","cb.en.u4ece23022@cb.students.amrita.edu","ECE","A","2027","7.88","2","Placed"
"CB.EN.U4ECE23023","Ishaan Iyer","cb.en.u4ece23023@cb.students.amrita.edu","ECE","A","2027","9.17","1","Not Placed"
"CB.EN.U4ECE23024","Aishwarya Nagarajan","cb.en.u4ece23024@cb.students.amrita.edu","ECE","A","2027","7.9","2","Not Placed"
"CB.EN.U4ECE23025","Arya Verma","cb.en.u4ece23025@cb.students.amrita.edu","ECE","A","2027","8.08","2","Placed"
"CB.EN.U4ECE23026","Yash Reddy","cb.en.u4ece23026@cb.students.amrita.edu","ECE","A","2027","9.68","1","Not Placed"
"CB.EN.U4ECE23027","Charan Kapoor","cb.en.u4ece23027@cb.students.amrita.edu","ECE","A","2027","7.32","1","Not Placed"
"CB.EN.U4ECE23028","Tanvi Kulkarni","cb.en.u4ece23028@cb.students.amrita.edu","ECE","A","2027","6.53","0","Placed"
"CB.EN.U4ECE23029","Tanvi Kulkarni","cb.en.u4ece23029@cb.students.amrita.edu","ECE","A","2027","6.81","0","Not Placed"
"CB.EN.U4ECE23030","Aarav Kapoor","cb.en.u4ece23030@cb.students.amrita.edu","ECE","A","2027","9.59","1","Not Placed"
"CB.EN.U4ECE23031","Pooja Joshi","cb.en.u4ece23031@cb.students.amrita.edu","ECE","A","2027","6.21","0","Placed"
"CB.EN.U4ECE23032","Rahul Verma","cb.en.u4ece23032@cb.students.amrita.edu","ECE","A","2027","8.71","0","Not Placed"
"CB.EN.U4ECE23033","Surya Krishnan","cb.en.u4ece23033@cb.students.amrita.edu","ECE","A","2027","8.14","1","Not Placed"
"CB.EN.U4ECE23034","Akash Krishnan","cb.en.u4ece23034@cb.students.amrita.edu","ECE","A","2027","7.33","1","Placed"
"CB.EN.U4ECE23035","Sanjay Nair","cb.en.u4ece23035@cb.students.amrita.edu","ECE","A","2027","9.59","2","Not Placed"
"CB.EN.U4ECE23036","Rahul Pillai","cb.en.u4ece23036@cb.students.amrita.edu","ECE","A","2027","7.5","1","Not Placed"
"CB.EN.U4ECE23037","Aditya Joshi","cb.en.u4ece23037@cb.students.amrita.edu","ECE","A","2027","9.38","2","Placed"
"CB.EN.U4ECE23038","Anirudh Menon","cb.en.u4ece23038@cb.students.amrita.edu","ECE","A","2027","9.82","0","Not Placed"
"CB.EN.U4ECE23039","Ananya Reddy","cb.en.u4ece23039@cb.students.amrita.edu","ECE","A","2027","6.13","1","Not Placed"
"CB.EN.U4ECE23040","Charan Menon","cb.en.u4ece23040@cb.students.amrita.edu","ECE","A","2027","6.92","0","Placed"
"CB.EN.U4ECE23041","Anirudh Gupta","cb.en.u4ece23041@cb.students.amrita.edu","ECE","A","2027","8.73","2","Not Placed"
"CB.EN.U4ECE23042","Bhavya Kulkarni","cb.en.u4ece23042@cb.students.amrita.edu","ECE","A","2027","9.31","1","Not Placed"
"CB.EN.U4ECE23043","Anirudh Iyer","cb.en.u4ece23043@cb.students.amrita.edu","ECE","A","2027","7.72","2","Placed"
"CB.EN.U4ECE23044","Sneha Reddy","cb.en.u4ece23044@cb.students.amrita.edu","ECE","A","2027","7.64","0","Not Placed"
"CB.EN.U4ECE23045","Keerthana Bose","cb.en.u4ece23045@cb.students.amrita.edu","ECE","A","2027","7.36","2","Not Placed"
"CB.EN.U4ECE23046","Bhavya Kapoor","cb.en.u4ece23046@cb.students.amrita.edu","ECE","A","2027","8.8","0","Placed"
"CB.EN.U4ECE23047","Akash Kapoor","cb.en.u4ece23047@cb.students.amrita.edu","ECE","A","2027","7.44","0","Not Placed"
"CB.EN.U4ECE23048","Charan Bose","cb.en.u4ece23048@cb.students.amrita.edu","ECE","A","2027","6","2","Not Placed"
"CB.EN.U4ECE23049","Diya Patel","cb.en.u4ece23049@cb.students.amrita.edu","ECE","A","2027","6.9","2","Placed"
"CB.EN.U4ECE23050","Vikram Verma","cb.en.u4ece23050@cb.students.amrita.edu","ECE","A","2027","8.45","0","Not Placed"
"CB.EN.U4ECE23051","Diya Iyer","cb.en.u4ece23051@cb.students.amrita.edu","ECE","A","2027","8.62","0","Not Placed"
"CB.EN.U4ECE23052","Aarav Kapoor","cb.en.u4ece23052@cb.students.amrita.edu","ECE","A","2027","9.7","1","Placed"
"CB.EN.U4ECE23053","Charan Nagarajan","cb.en.u4ece23053@cb.students.amrita.edu","ECE","A","2027","6.65","1","Not Placed"
"CB.EN.U4ECE23054","Aarav Nair","cb.en.u4ece23054@cb.students.amrita.edu","ECE","A","2027","8.59","1","Not Placed"
"CB.EN.U4ECE23055","Janani Menon","cb.en.u4ece23055@cb.students.amrita.edu","ECE","A","2027","8.25","2","Placed"
"CB.EN.U4ECE23056","Ananya Kapoor","cb.en.u4ece23056@cb.students.amrita.edu","ECE","A","2027","9.4","1","Not Placed"
"CB.EN.U4ECE23057","Riya Pillai","cb.en.u4ece23057@cb.students.amrita.edu","ECE","A","2027","6.65","2","Not Placed"
"CB.EN.U4ECE23058","Bhavya Sharma","cb.en.u4ece23058@cb.students.amrita.edu","ECE","A","2027","9.35","1","Placed"
"CB.EN.U4ECE23059","Pooja Krishnan","cb.en.u4ece23059@cb.students.amrita.edu","ECE","A","2027","9.53","0","Not Placed"
"CB.EN.U4ECE23060","Rahul Chatterjee","cb.en.u4ece23060@cb.students.amrita.edu","ECE","A","2027","9.05","1","Not Placed"
"CB.EN.U4ECE23101","Charan Patel","cb.en.u4ece23101@cb.students.amrita.edu","ECE","B","2027","8.81","1","Placed"
"CB.EN.U4ECE23102","Surya Joshi","cb.en.u4ece23102@cb.students.amrita.edu","ECE","B","2027","6.74","1","Not Placed"
"CB.EN.U4ECE23103","Anirudh Das","cb.en.u4ece23103@cb.students.amrita.edu","ECE","B","2027","6.53","1","Not Placed"
"CB.EN.U4ECE23104","Pooja Shetty","cb.en.u4ece23104@cb.students.amrita.edu","ECE","B","2027","6.77","1","Placed"
"CB.EN.U4ECE23105","Riya Bose","cb.en.u4ece23105@cb.students.amrita.edu","ECE","B","2027","9.2","1","Not Placed"
"CB.EN.U4ECE23106","Pooja Menon","cb.en.u4ece23106@cb.students.amrita.edu","ECE","B","2027","7.45","2","Not Placed"
"CB.EN.U4ECE23107","Arya Patel","cb.en.u4ece23107@cb.students.amrita.edu","ECE","B","2027","6.65","2","Placed"
"CB.EN.U4ECE23108","Akash Iyer","cb.en.u4ece23108@cb.students.amrita.edu","ECE","B","2027","8.83","2","Not Placed"
"CB.EN.U4ECE23109","Ananya Gupta","cb.en.u4ece23109@cb.students.amrita.edu","ECE","B","2027","8.47","2","Not Placed"
"CB.EN.U4ECE23110","Charan Raman","cb.en.u4ece23110@cb.students.amrita.edu","ECE","B","2027","9.31","1","Placed"
"CB.EN.U4ECE23111","Tanvi Raman","cb.en.u4ece23111@cb.students.amrita.edu","ECE","B","2027","6.15","1","Not Placed"
"CB.EN.U4ECE23112","Sneha Gupta","cb.en.u4ece23112@cb.students.amrita.edu","ECE","B","2027","8.27","2","Not Placed"
"CB.EN.U4ECE23113","Meera Das","cb.en.u4ece23113@cb.students.amrita.edu","ECE","B","2027","9.81","1","Placed"
"CB.EN.U4ECE23114","Aarav Bose","cb.en.u4ece23114@cb.students.amrita.edu","ECE","B","2027","8.12","1","Not Placed"
"CB.EN.U4ECE23115","Yash Shetty","cb.en.u4ece23115@cb.students.amrita.edu","ECE","B","2027","9.7","2","Not Placed"
"CB.EN.U4ECE23116","Ananya Mishra","cb.en.u4ece23116@cb.students.amrita.edu","ECE","B","2027","8.4","2","Placed"
"CB.EN.U4ECE23117","Arjun Patel","cb.en.u4ece23117@cb.students.amrita.edu","ECE","B","2027","7.85","1","Not Placed"
"CB.EN.U4ECE23118","Bhavya Raman","cb.en.u4ece23118@cb.students.amrita.edu","ECE","B","2027","6.88","0","Not Placed"
"CB.EN.U4ECE23119","Akash Joshi","cb.en.u4ece23119@cb.students.amrita.edu","ECE","B","2027","6.79","2","Placed"
"CB.EN.U4ECE23120","Vikram Krishnan","cb.en.u4ece23120@cb.students.amrita.edu","ECE","B","2027","8.37","0","Not Placed"
"CB.EN.U4ECE23121","Bhavya Shetty","cb.en.u4ece23121@cb.students.amrita.edu","ECE","B","2027","9.5","1","Not Placed"
"CB.EN.U4ECE23122","Harish Nair","cb.en.u4ece23122@cb.students.amrita.edu","ECE","B","2027","9.23","2","Placed"
"CB.EN.U4ECE23123","Aditya Patel","cb.en.u4ece23123@cb.students.amrita.edu","ECE","B","2027","8.36","1","Not Placed"
"CB.EN.U4ECE23124","Aditya Nagarajan","cb.en.u4ece23124@cb.students.amrita.edu","ECE","B","2027","9.24","1","Not Placed"
"CB.EN.U4ECE23125","Aditya Iyer","cb.en.u4ece23125@cb.students.amrita.edu","ECE","B","2027","9.18","0","Placed"
"CB.EN.U4ECE23126","Karthik Pillai","cb.en.u4ece23126@cb.students.amrita.edu","ECE","B","2027","9.68","2","Not Placed"
"CB.EN.U4ECE23127","Diya Iyer","cb.en.u4ece23127@cb.students.amrita.edu","ECE","B","2027","6.55","1","Not Placed"
"CB.EN.U4ECE23128","Vikram Raman","cb.en.u4ece23128@cb.students.amrita.edu","ECE","B","2027","8.66","2","Placed"
"CB.EN.U4ECE23129","Yash Menon","cb.en.u4ece23129@cb.students.amrita.edu","ECE","B","2027","6.76","0","Not Placed"
"CB.EN.U4ECE23130","Vikram Das","cb.en.u4ece23130@cb.students.amrita.edu","ECE","B","2027","9.2","0","Not Placed"
"CB.EN.U4ECE23131","Anirudh Chatterjee","cb.en.u4ece23131@cb.students.amrita.edu","ECE","B","2027","8.24","2","Placed"
"CB.EN.U4ECE23132","Riya Das","cb.en.u4ece23132@cb.students.amrita.edu","ECE","B","2027","7.11","1","Not Placed"
"CB.EN.U4ECE23133","Meera Patel","cb.en.u4ece23133@cb.students.amrita.edu","ECE","B","2027","8.57","1","Not Placed"
"CB.EN.U4ECE23134","Aditya Krishnan","cb.en.u4ece23134@cb.students.amrita.edu","ECE","B","2027","6.07","1","Placed"
"CB.EN.U4ECE23135","Zara Mishra","cb.en.u4ece23135@cb.students.amrita.edu","ECE","B","2027","9.41","1","Not Placed"
"CB.EN.U4ECE23136","Sneha Chatterjee","cb.en.u4ece23136@cb.students.amrita.edu","ECE","B","2027","6.08","0","Not Placed"
"CB.EN.U4ECE23137","Harish Kapoor","cb.en.u4ece23137@cb.students.amrita.edu","ECE","B","2027","7.23","1","Placed"
"CB.EN.U4ECE23138","Yash Pillai","cb.en.u4ece23138@cb.students.amrita.edu","ECE","B","2027","6.68","0","Not Placed"
"CB.EN.U4ECE23139","Vikram Mishra","cb.en.u4ece23139@cb.students.amrita.edu","ECE","B","2027","8.46","0","Not Placed"
"CB.EN.U4ECE23140","Zara Sharma","cb.en.u4ece23140@cb.students.amrita.edu","ECE","B","2027","7.64","1","Placed"
"CB.EN.U4ECE23141","Zara Patel","cb.en.u4ece23141@cb.students.amrita.edu","ECE","B","2027","9.57","0","Not Placed"
"CB.EN.U4ECE23142","Arjun Reddy","cb.en.u4ece23142@cb.students.amrita.edu","ECE","B","2027","7.96","2","Not Placed"
"CB.EN.U4ECE23143","Sneha Pillai","cb.en.u4ece23143@cb.students.amrita.edu","ECE","B","2027","8.04","1","Placed"
"CB.EN.U4ECE23144","Arya Kapoor","cb.en.u4ece23144@cb.students.amrita.edu","ECE","B","2027","7.82","2","Not Placed"
"CB.EN.U4ECE23145","Karthik Sharma","cb.en.u4ece23145@cb.students.amrita.edu","ECE","B","2027","8.79","1","Not Placed"
"CB.EN.U4ECE23146","Tanvi Gupta","cb.en.u4ece23146@cb.students.amrita.edu","ECE","B","2027","9.38","2","Placed"
"CB.EN.U4ECE23147","Varun Joshi","cb.en.u4ece23147@cb.students.amrita.edu","ECE","B","2027","6.72","0","Not Placed"
"CB.EN.U4ECE23148","Aditya Gupta","cb.en.u4ece23148@cb.students.amrita.edu","ECE","B","2027","7.88","0","Not Placed"
"CB.EN.U4ECE23149","Varun Das","cb.en.u4ece23149@cb.students.amrita.edu","ECE","B","2027","9.34","2","Placed"
"CB.EN.U4ECE23150","Rahul Reddy","cb.en.u4ece23150@cb.students.amrita.edu","ECE","B","2027","8.6","1","Not Placed"
"CB.EN.U4ECE23151","Pooja Sharma","cb.en.u4ece23151@cb.students.amrita.edu","ECE","B","2027","7.93","2","Not Placed"
"CB.EN.U4ECE23152","Charan Patel","cb.en.u4ece23152@cb.students.amrita.edu","ECE","B","2027","9.65","1","Placed"
"CB.EN.U4ECE23153","Lakshmi Bose","cb.en.u4ece23153@cb.students.amrita.edu","ECE","B","2027","8.26","0","Not Placed"
"CB.EN.U4ECE23154","Aarav Mishra","cb.en.u4ece23154@cb.students.amrita.edu","ECE","B","2027","7.71","1","Not Placed"
"CB.EN.U4ECE23155","Arjun Gupta","cb.en.u4ece23155@cb.students.amrita.edu","ECE","B","2027","6.5","0","Placed"
"CB.EN.U4ECE23156","Vikram Joshi","cb.en.u4ece23156@cb.students.amrita.edu","ECE","B","2027","9.09","1","Not Placed"
"CB.EN.U4ECE23157","Tanvi Gupta","cb.en.u4ece23157@cb.students.amrita.edu","ECE","B","2027","8.17","0","Not Placed"
"CB.EN.U4ECE23158","Sanjay Sharma","cb.en.u4ece23158@cb.students.amrita.edu","ECE","B","2027","9.37","0","Placed"
"CB.EN.U4ECE23159","Nikhil Bose","cb.en.u4ece23159@cb.students.amrita.edu","ECE","B","2027","7.2","2","Not Placed"
"CB.EN.U4ECE23160","Surya Kulkarni","cb.en.u4ece23160@cb.students.amrita.edu","ECE","B","2027","8.15","2","Not Placed"
"CB.EN.U4ECE23201","Ishaan Raman","cb.en.u4ece23201@cb.students.amrita.edu","ECE","C","2027","8.33","2","Placed"
"CB.EN.U4ECE23202","Zara Sharma","cb.en.u4ece23202@cb.students.amrita.edu","ECE","C","2027","7.12","1","Not Placed"
"CB.EN.U4ECE23203","Meera Verma","cb.en.u4ece23203@cb.students.amrita.edu","ECE","C","2027","9.83","1","Not Placed"
"CB.EN.U4ECE23204","Aditya Kapoor","cb.en.u4ece23204@cb.students.amrita.edu","ECE","C","2027","8.1","2","Placed"
"CB.EN.U4ECE23205","Karthik Bose","cb.en.u4ece23205@cb.students.amrita.edu","ECE","C","2027","8.41","1","Not Placed"
"CB.EN.U4ECE23206","Harish Mishra","cb.en.u4ece23206@cb.students.amrita.edu","ECE","C","2027","8.47","0","Not Placed"
"CB.EN.U4ECE23207","Sanjay Raman","cb.en.u4ece23207@cb.students.amrita.edu","ECE","C","2027","7.42","0","Placed"
"CB.EN.U4ECE23208","Lakshmi Nagarajan","cb.en.u4ece23208@cb.students.amrita.edu","ECE","C","2027","9.07","2","Not Placed"
"CB.EN.U4ECE23209","Aishwarya Raman","cb.en.u4ece23209@cb.students.amrita.edu","ECE","C","2027","9.2","2","Not Placed"
"CB.EN.U4ECE23210","Varun Menon","cb.en.u4ece23210@cb.students.amrita.edu","ECE","C","2027","7.86","1","Placed"
"CB.EN.U4ECE23211","Rahul Kulkarni","cb.en.u4ece23211@cb.students.amrita.edu","ECE","C","2027","6.27","2","Not Placed"
"CB.EN.U4ECE23212","Arya Iyer","cb.en.u4ece23212@cb.students.amrita.edu","ECE","C","2027","7.21","0","Not Placed"
"CB.EN.U4ECE23213","Rahul Shetty","cb.en.u4ece23213@cb.students.amrita.edu","ECE","C","2027","6.14","2","Placed"
"CB.EN.U4ECE23214","Rahul Chatterjee","cb.en.u4ece23214@cb.students.amrita.edu","ECE","C","2027","6.12","1","Not Placed"
"CB.EN.U4ECE23215","Karthik Das","cb.en.u4ece23215@cb.students.amrita.edu","ECE","C","2027","7.18","1","Not Placed"
"CB.EN.U4ECE23216","Aishwarya Gupta","cb.en.u4ece23216@cb.students.amrita.edu","ECE","C","2027","7.71","0","Placed"
"CB.EN.U4ECE23217","Meera Sharma","cb.en.u4ece23217@cb.students.amrita.edu","ECE","C","2027","6.05","1","Not Placed"
"CB.EN.U4ECE23218","Yash Nair","cb.en.u4ece23218@cb.students.amrita.edu","ECE","C","2027","6.58","1","Not Placed"
"CB.EN.U4ECE23219","Arya Nair","cb.en.u4ece23219@cb.students.amrita.edu","ECE","C","2027","9.03","0","Placed"
"CB.EN.U4ECE23220","Anirudh Gupta","cb.en.u4ece23220@cb.students.amrita.edu","ECE","C","2027","9.42","2","Not Placed"
"CB.EN.U4ECE23221","Aarav Chatterjee","cb.en.u4ece23221@cb.students.amrita.edu","ECE","C","2027","6.27","2","Not Placed"
"CB.EN.U4ECE23222","Anirudh Menon","cb.en.u4ece23222@cb.students.amrita.edu","ECE","C","2027","8.22","2","Placed"
"CB.EN.U4ECE23223","Riya Sharma","cb.en.u4ece23223@cb.students.amrita.edu","ECE","C","2027","7.06","2","Not Placed"
"CB.EN.U4ECE23224","Janani Krishnan","cb.en.u4ece23224@cb.students.amrita.edu","ECE","C","2027","9.59","0","Not Placed"
"CB.EN.U4ECE23225","Lakshmi Chatterjee","cb.en.u4ece23225@cb.students.amrita.edu","ECE","C","2027","9.86","1","Placed"
"CB.EN.U4ECE23226","Zara Nagarajan","cb.en.u4ece23226@cb.students.amrita.edu","ECE","C","2027","7.28","1","Not Placed"
"CB.EN.U4ECE23227","Surya Mishra","cb.en.u4ece23227@cb.students.amrita.edu","ECE","C","2027","7.36","2","Not Placed"
"CB.EN.U4ECE23228","Meera Chatterjee","cb.en.u4ece23228@cb.students.amrita.edu","ECE","C","2027","8.2","1","Placed"
"CB.EN.U4ECE23229","Keerthana Krishnan","cb.en.u4ece23229@cb.students.amrita.edu","ECE","C","2027","8.52","0","Not Placed"
"CB.EN.U4ECE23230","Riya Kapoor","cb.en.u4ece23230@cb.students.amrita.edu","ECE","C","2027","6.27","2","Not Placed"
"CB.EN.U4ECE23231","Meera Gupta","cb.en.u4ece23231@cb.students.amrita.edu","ECE","C","2027","6.78","1","Placed"
"CB.EN.U4ECE23232","Varun Kulkarni","cb.en.u4ece23232@cb.students.amrita.edu","ECE","C","2027","8.66","1","Not Placed"
"CB.EN.U4ECE23233","Harish Kapoor","cb.en.u4ece23233@cb.students.amrita.edu","ECE","C","2027","6.04","1","Not Placed"
"CB.EN.U4ECE23234","Karthik Patel","cb.en.u4ece23234@cb.students.amrita.edu","ECE","C","2027","9.79","1","Placed"
"CB.EN.U4ECE23235","Karthik Das","cb.en.u4ece23235@cb.students.amrita.edu","ECE","C","2027","6.4","0","Not Placed"
"CB.EN.U4ECE23236","Tanvi Gupta","cb.en.u4ece23236@cb.students.amrita.edu","ECE","C","2027","9.02","1","Not Placed"
"CB.EN.U4ECE23237","Aishwarya Kulkarni","cb.en.u4ece23237@cb.students.amrita.edu","ECE","C","2027","8.99","1","Placed"
"CB.EN.U4ECE23238","Harish Kapoor","cb.en.u4ece23238@cb.students.amrita.edu","ECE","C","2027","7.3","2","Not Placed"
"CB.EN.U4ECE23239","Aditya Sharma","cb.en.u4ece23239@cb.students.amrita.edu","ECE","C","2027","7.81","1","Not Placed"
"CB.EN.U4ECE23240","Aarav Raman","cb.en.u4ece23240@cb.students.amrita.edu","ECE","C","2027","9.13","2","Placed"
"CB.EN.U4ECE23241","Zara Gupta","cb.en.u4ece23241@cb.students.amrita.edu","ECE","C","2027","6.57","2","Not Placed"
"CB.EN.U4ECE23242","Lakshmi Kulkarni","cb.en.u4ece23242@cb.students.amrita.edu","ECE","C","2027","8.72","1","Not Placed"
"CB.EN.U4ECE23243","Diya Pillai","cb.en.u4ece23243@cb.students.amrita.edu","ECE","C","2027","8.5","1","Placed"
"CB.EN.U4ECE23244","Tanvi Krishnan","cb.en.u4ece23244@cb.students.amrita.edu","ECE","C","2027","7.14","2","Not Placed"
"CB.EN.U4ECE23245","Rahul Mishra","cb.en.u4ece23245@cb.students.amrita.edu","ECE","C","2027","8.44","0","Not Placed"
"CB.EN.U4ECE23246","Karthik Krishnan","cb.en.u4ece23246@cb.students.amrita.edu","ECE","C","2027","8.49","2","Placed"
"CB.EN.U4ECE23247","Aarav Kulkarni","cb.en.u4ece23247@cb.students.amrita.edu","ECE","C","2027","9.56","1","Not Placed"
"CB.EN.U4ECE23248","Ishaan Chatterjee","cb.en.u4ece23248@cb.students.amrita.edu","ECE","C","2027","9.24","1","Not Placed"
"CB.EN.U4ECE23249","Zara Raman","cb.en.u4ece23249@cb.students.amrita.edu","ECE","C","2027","9.01","0","Placed"
"CB.EN.U4ECE23250","Ishaan Pillai","cb.en.u4ece23250@cb.students.amrita.edu","ECE","C","2027","6.89","1","Not Placed"
"CB.EN.U4ECE23251","Bhavya Verma","cb.en.u4ece23251@cb.students.amrita.edu","ECE","C","2027","6.25","1","Not Placed"
"CB.EN.U4ECE23252","Keerthana Das","cb.en.u4ece23252@cb.students.amrita.edu","ECE","C","2027","7.42","2","Placed"
"CB.EN.U4ECE23253","Rahul Das","cb.en.u4ece23253@cb.students.amrita.edu","ECE","C","2027","8.04","0","Not Placed"
"CB.EN.U4ECE23254","Meera Patel","cb.en.u4ece23254@cb.students.amrita.edu","ECE","C","2027","9.62","1","Not Placed"
"CB.EN.U4ECE23255","Sneha Menon","cb.en.u4ece23255@cb.students.amrita.edu","ECE","C","2027","6.98","2","Placed"
"CB.EN.U4ECE23256","Meera Das","cb.en.u4ece23256@cb.students.amrita.edu","ECE","C","2027","6.06","2","Not Placed"
"CB.EN.U4ECE23257","Aarav Pillai","cb.en.u4ece23257@cb.students.amrita.edu","ECE","C","2027","8.17","2","Not Placed"
"CB.EN.U4ECE23258","Anirudh Joshi","cb.en.u4ece23258@cb.students.amrita.edu","ECE","C","2027","8.35","1","Placed"
"CB.EN.U4ECE23259","Pooja Joshi","cb.en.u4ece23259@cb.students.amrita.edu","ECE","C","2027","6.46","0","Not Placed"
"CB.EN.U4ECE23260","Vikram Verma","cb.en.u4ece23260@cb.students.amrita.edu","ECE","C","2027","7.6","0","Not Placed"
"CB.EN.U4ECE23301","Tanvi Chatterjee","cb.en.u4ece23301@cb.students.amrita.edu","ECE","D","2027","9.16","1","Placed"
"CB.EN.U4ECE23302","Janani Gupta","cb.en.u4ece23302@cb.students.amrita.edu","ECE","D","2027","7.91","2","Not Placed"
"CB.EN.U4ECE23303","Janani Pillai","cb.en.u4ece23303@cb.students.amrita.edu","ECE","D","2027","7.88","1","Not Placed"
"CB.EN.U4ECE23304","Karthik Gupta","cb.en.u4ece23304@cb.students.amrita.edu","ECE","D","2027","7.93","1","Placed"
"CB.EN.U4ECE23305","Anirudh Nagarajan","cb.en.u4ece23305@cb.students.amrita.edu","ECE","D","2027","9.79","1","Not Placed"
"CB.EN.U4ECE23306","Harish Shetty","cb.en.u4ece23306@cb.students.amrita.edu","ECE","D","2027","7.62","0","Not Placed"
"CB.EN.U4ECE23307","Ishaan Kapoor","cb.en.u4ece23307@cb.students.amrita.edu","ECE","D","2027","9.38","0","Placed"
"CB.EN.U4ECE23308","Akash Reddy","cb.en.u4ece23308@cb.students.amrita.edu","ECE","D","2027","9.27","1","Not Placed"
"CB.EN.U4ECE23309","Bhavya Joshi","cb.en.u4ece23309@cb.students.amrita.edu","ECE","D","2027","8.08","0","Not Placed"
"CB.EN.U4ECE23310","Arya Shetty","cb.en.u4ece23310@cb.students.amrita.edu","ECE","D","2027","9.35","2","Placed"
"CB.EN.U4ECE23311","Janani Kapoor","cb.en.u4ece23311@cb.students.amrita.edu","ECE","D","2027","9.65","1","Not Placed"
"CB.EN.U4ECE23312","Aishwarya Mishra","cb.en.u4ece23312@cb.students.amrita.edu","ECE","D","2027","7.66","2","Not Placed"
"CB.EN.U4ECE23313","Yash Pillai","cb.en.u4ece23313@cb.students.amrita.edu","ECE","D","2027","6.27","1","Placed"
"CB.EN.U4ECE23314","Keerthana Menon","cb.en.u4ece23314@cb.students.amrita.edu","ECE","D","2027","9.03","1","Not Placed"
"CB.EN.U4ECE23315","Sanjay Raman","cb.en.u4ece23315@cb.students.amrita.edu","ECE","D","2027","7.69","1","Not Placed"
"CB.EN.U4ECE23316","Aditya Iyer","cb.en.u4ece23316@cb.students.amrita.edu","ECE","D","2027","9.25","0","Placed"
"CB.EN.U4ECE23317","Zara Kulkarni","cb.en.u4ece23317@cb.students.amrita.edu","ECE","D","2027","6.34","1","Not Placed"
"CB.EN.U4ECE23318","Arjun Chatterjee","cb.en.u4ece23318@cb.students.amrita.edu","ECE","D","2027","6.96","2","Not Placed"
"CB.EN.U4ECE23319","Harish Pillai","cb.en.u4ece23319@cb.students.amrita.edu","ECE","D","2027","7.9","1","Placed"
"CB.EN.U4ECE23320","Pooja Nair","cb.en.u4ece23320@cb.students.amrita.edu","ECE","D","2027","6.68","1","Not Placed"
"CB.EN.U4ECE23321","Vikram Mishra","cb.en.u4ece23321@cb.students.amrita.edu","ECE","D","2027","6.06","2","Not Placed"
"CB.EN.U4ECE23322","Anirudh Verma","cb.en.u4ece23322@cb.students.amrita.edu","ECE","D","2027","8.72","1","Placed"
"CB.EN.U4ECE23323","Yash Chatterjee","cb.en.u4ece23323@cb.students.amrita.edu","ECE","D","2027","7.11","0","Not Placed"
"CB.EN.U4ECE23324","Arya Raman","cb.en.u4ece23324@cb.students.amrita.edu","ECE","D","2027","6.2","2","Not Placed"
"CB.EN.U4ECE23325","Arya Verma","cb.en.u4ece23325@cb.students.amrita.edu","ECE","D","2027","7.43","2","Placed"
"CB.EN.U4ECE23326","Aarav Nagarajan","cb.en.u4ece23326@cb.students.amrita.edu","ECE","D","2027","9.14","1","Not Placed"
"CB.EN.U4ECE23327","Anirudh Nagarajan","cb.en.u4ece23327@cb.students.amrita.edu","ECE","D","2027","9.33","1","Not Placed"
"CB.EN.U4ECE23328","Riya Gupta","cb.en.u4ece23328@cb.students.amrita.edu","ECE","D","2027","6.67","0","Placed"
"CB.EN.U4ECE23329","Harish Nair","cb.en.u4ece23329@cb.students.amrita.edu","ECE","D","2027","8.87","1","Not Placed"
"CB.EN.U4ECE23330","Diya Nagarajan","cb.en.u4ece23330@cb.students.amrita.edu","ECE","D","2027","6.06","1","Not Placed"
"CB.EN.U4ECE23331","Rahul Raman","cb.en.u4ece23331@cb.students.amrita.edu","ECE","D","2027","9.6","1","Placed"
"CB.EN.U4ECE23332","Arjun Kulkarni","cb.en.u4ece23332@cb.students.amrita.edu","ECE","D","2027","7.02","0","Not Placed"
"CB.EN.U4ECE23333","Sneha Nagarajan","cb.en.u4ece23333@cb.students.amrita.edu","ECE","D","2027","9.76","2","Not Placed"
"CB.EN.U4ECE23334","Sneha Kapoor","cb.en.u4ece23334@cb.students.amrita.edu","ECE","D","2027","8.27","1","Placed"
"CB.EN.U4ECE23335","Ishaan Sharma","cb.en.u4ece23335@cb.students.amrita.edu","ECE","D","2027","8.56","0","Not Placed"
"CB.EN.U4ECE23336","Pooja Kapoor","cb.en.u4ece23336@cb.students.amrita.edu","ECE","D","2027","9.76","2","Not Placed"
"CB.EN.U4ECE23337","Harish Chatterjee","cb.en.u4ece23337@cb.students.amrita.edu","ECE","D","2027","8.63","1","Placed"
"CB.EN.U4ECE23338","Diya Menon","cb.en.u4ece23338@cb.students.amrita.edu","ECE","D","2027","6.5","0","Not Placed"
"CB.EN.U4ECE23339","Diya Nagarajan","cb.en.u4ece23339@cb.students.amrita.edu","ECE","D","2027","6.89","0","Not Placed"
"CB.EN.U4ECE23340","Charan Nair","cb.en.u4ece23340@cb.students.amrita.edu","ECE","D","2027","7.67","1","Placed"
"CB.EN.U4ECE23341","Rahul Joshi","cb.en.u4ece23341@cb.students.amrita.edu","ECE","D","2027","7.33","1","Not Placed"
"CB.EN.U4ECE23342","Harish Gupta","cb.en.u4ece23342@cb.students.amrita.edu","ECE","D","2027","7.82","1","Not Placed"
"CB.EN.U4ECE23343","Akash Pillai","cb.en.u4ece23343@cb.students.amrita.edu","ECE","D","2027","7.64","0","Placed"
"CB.EN.U4ECE23344","Lakshmi Nair","cb.en.u4ece23344@cb.students.amrita.edu","ECE","D","2027","7.06","1","Not Placed"
"CB.EN.U4ECE23345","Aishwarya Chatterjee","cb.en.u4ece23345@cb.students.amrita.edu","ECE","D","2027","6.72","0","Not Placed"
"CB.EN.U4ECE23346","Arjun Patel","cb.en.u4ece23346@cb.students.amrita.edu","ECE","D","2027","8.22","0","Placed"
"CB.EN.U4ECE23347","Anirudh Kulkarni","cb.en.u4ece23347@cb.students.amrita.edu","ECE","D","2027","6.31","0","Not Placed"
"CB.EN.U4ECE23348","Aishwarya Iyer","cb.en.u4ece23348@cb.students.amrita.edu","ECE","D","2027","8.11","1","Not Placed"
"CB.EN.U4ECE23349","Sneha Chatterjee","cb.en.u4ece23349@cb.students.amrita.edu","ECE","D","2027","7.18","1","Placed"
"CB.EN.U4ECE23350","Aditya Menon","cb.en.u4ece23350@cb.students.amrita.edu","ECE","D","2027","8.49","2","Not Placed"
"CB.EN.U4ECE23351","Charan Patel","cb.en.u4ece23351@cb.students.amrita.edu","ECE","D","2027","8.55","1","Not Placed"
"CB.EN.U4ECE23352","Varun Verma","cb.en.u4ece23352@cb.students.amrita.edu","ECE","D","2027","8.56","1","Placed"
"CB.EN.U4ECE23353","Varun Kapoor","cb.en.u4ece23353@cb.students.amrita.edu","ECE","D","2027","6.73","1","Not Placed"
"CB.EN.U4ECE23354","Arjun Joshi","cb.en.u4ece23354@cb.students.amrita.edu","ECE","D","2027","8.12","2","Not Placed"
"CB.EN.U4ECE23355","Keerthana Das","cb.en.u4ece23355@cb.students.amrita.edu","ECE","D","2027","8.1","1","Placed"
"CB.EN.U4ECE23356","Anirudh Mishra","cb.en.u4ece23356@cb.students.amrita.edu","ECE","D","2027","9.38","0","Not Placed"
"CB.EN.U4ECE23357","Tanvi Verma","cb.en.u4ece23357@cb.students.amrita.edu","ECE","D","2027","9.7","0","Not Placed"
"CB.EN.U4ECE23358","Yash Pillai","cb.en.u4ece23358@cb.students.amrita.edu","ECE","D","2027","6.41","2","Placed"
"CB.EN.U4ECE23359","Nikhil Sharma","cb.en.u4ece23359@cb.students.amrita.edu","ECE","D","2027","8.23","0","Not Placed"
"CB.EN.U4ECE23360","Lakshmi Joshi","cb.en.u4ece23360@cb.students.amrita.edu","ECE","D","2027","9.33","1","Not Placed"
"CB.EN.U4ECE23401","Charan Reddy","cb.en.u4ece23401@cb.students.amrita.edu","ECE","E","2027","9.64","1","Placed"
"CB.EN.U4ECE23402","Vikram Das","cb.en.u4ece23402@cb.students.amrita.edu","ECE","E","2027","6.11","2","Not Placed"
"CB.EN.U4ECE23403","Harish Bose","cb.en.u4ece23403@cb.students.amrita.edu","ECE","E","2027","9.13","2","Not Placed"
"CB.EN.U4ECE23404","Aarav Nair","cb.en.u4ece23404@cb.students.amrita.edu","ECE","E","2027","8.26","2","Placed"
"CB.EN.U4ECE23405","Charan Das","cb.en.u4ece23405@cb.students.amrita.edu","ECE","E","2027","8.18","0","Not Placed"
"CB.EN.U4ECE23406","Surya Krishnan","cb.en.u4ece23406@cb.students.amrita.edu","ECE","E","2027","9.19","2","Not Placed"
"CB.EN.U4ECE23407","Lakshmi Das","cb.en.u4ece23407@cb.students.amrita.edu","ECE","E","2027","8.69","1","Placed"
"CB.EN.U4ECE23408","Lakshmi Pillai","cb.en.u4ece23408@cb.students.amrita.edu","ECE","E","2027","8.39","0","Not Placed"
"CB.EN.U4ECE23409","Akash Nagarajan","cb.en.u4ece23409@cb.students.amrita.edu","ECE","E","2027","8.5","2","Not Placed"
"CB.EN.U4ECE23410","Pooja Krishnan","cb.en.u4ece23410@cb.students.amrita.edu","ECE","E","2027","7.73","1","Placed"
"CB.EN.U4ECE23411","Diya Mishra","cb.en.u4ece23411@cb.students.amrita.edu","ECE","E","2027","8.94","0","Not Placed"
"CB.EN.U4ECE23412","Lakshmi Kulkarni","cb.en.u4ece23412@cb.students.amrita.edu","ECE","E","2027","8.73","2","Not Placed"
"CB.EN.U4ECE23413","Karthik Verma","cb.en.u4ece23413@cb.students.amrita.edu","ECE","E","2027","8.35","0","Placed"
"CB.EN.U4ECE23414","Diya Patel","cb.en.u4ece23414@cb.students.amrita.edu","ECE","E","2027","7.61","0","Not Placed"
"CB.EN.U4ECE23415","Charan Krishnan","cb.en.u4ece23415@cb.students.amrita.edu","ECE","E","2027","7.17","1","Not Placed"
"CB.EN.U4ECE23416","Lakshmi Kapoor","cb.en.u4ece23416@cb.students.amrita.edu","ECE","E","2027","7.09","2","Placed"
"CB.EN.U4ECE23417","Arjun Kapoor","cb.en.u4ece23417@cb.students.amrita.edu","ECE","E","2027","8.22","0","Not Placed"
"CB.EN.U4ECE23418","Sneha Kapoor","cb.en.u4ece23418@cb.students.amrita.edu","ECE","E","2027","8.87","2","Not Placed"
"CB.EN.U4ECE23419","Rahul Shetty","cb.en.u4ece23419@cb.students.amrita.edu","ECE","E","2027","7.47","0","Placed"
"CB.EN.U4ECE23420","Arya Mishra","cb.en.u4ece23420@cb.students.amrita.edu","ECE","E","2027","7.44","1","Not Placed"
"CB.EN.U4ECE23421","Aishwarya Bose","cb.en.u4ece23421@cb.students.amrita.edu","ECE","E","2027","7.18","2","Not Placed"
"CB.EN.U4ECE23422","Lakshmi Sharma","cb.en.u4ece23422@cb.students.amrita.edu","ECE","E","2027","7.66","1","Placed"
"CB.EN.U4ECE23423","Akash Bose","cb.en.u4ece23423@cb.students.amrita.edu","ECE","E","2027","6.38","1","Not Placed"
"CB.EN.U4ECE23424","Zara Gupta","cb.en.u4ece23424@cb.students.amrita.edu","ECE","E","2027","7.53","0","Not Placed"
"CB.EN.U4ECE23425","Harish Krishnan","cb.en.u4ece23425@cb.students.amrita.edu","ECE","E","2027","7.31","2","Placed"
"CB.EN.U4ECE23426","Zara Nair","cb.en.u4ece23426@cb.students.amrita.edu","ECE","E","2027","8.69","2","Not Placed"
"CB.EN.U4ECE23427","Nikhil Raman","cb.en.u4ece23427@cb.students.amrita.edu","ECE","E","2027","9.44","2","Not Placed"
"CB.EN.U4ECE23428","Keerthana Joshi","cb.en.u4ece23428@cb.students.amrita.edu","ECE","E","2027","9.63","1","Placed"
"CB.EN.U4ECE23429","Harish Krishnan","cb.en.u4ece23429@cb.students.amrita.edu","ECE","E","2027","7.02","0","Not Placed"
"CB.EN.U4ECE23430","Sneha Krishnan","cb.en.u4ece23430@cb.students.amrita.edu","ECE","E","2027","9.43","1","Not Placed"
"CB.EN.U4ECE23431","Janani Pillai","cb.en.u4ece23431@cb.students.amrita.edu","ECE","E","2027","9.41","2","Placed"
"CB.EN.U4ECE23432","Keerthana Chatterjee","cb.en.u4ece23432@cb.students.amrita.edu","ECE","E","2027","8.62","1","Not Placed"
"CB.EN.U4ECE23433","Akash Nair","cb.en.u4ece23433@cb.students.amrita.edu","ECE","E","2027","6.78","1","Not Placed"
"CB.EN.U4ECE23434","Surya Chatterjee","cb.en.u4ece23434@cb.students.amrita.edu","ECE","E","2027","7.85","1","Placed"
"CB.EN.U4ECE23435","Pooja Krishnan","cb.en.u4ece23435@cb.students.amrita.edu","ECE","E","2027","6.45","1","Not Placed"
"CB.EN.U4ECE23436","Rahul Joshi","cb.en.u4ece23436@cb.students.amrita.edu","ECE","E","2027","9.71","0","Not Placed"
"CB.EN.U4ECE23437","Nikhil Reddy","cb.en.u4ece23437@cb.students.amrita.edu","ECE","E","2027","6.48","0","Placed"
"CB.EN.U4ECE23438","Aishwarya Kulkarni","cb.en.u4ece23438@cb.students.amrita.edu","ECE","E","2027","6.33","0","Not Placed"
"CB.EN.U4ECE23439","Janani Pillai","cb.en.u4ece23439@cb.students.amrita.edu","ECE","E","2027","8.52","0","Not Placed"
"CB.EN.U4ECE23440","Meera Kapoor","cb.en.u4ece23440@cb.students.amrita.edu","ECE","E","2027","6.94","0","Placed"
"CB.EN.U4ECE23441","Meera Kapoor","cb.en.u4ece23441@cb.students.amrita.edu","ECE","E","2027","8.53","0","Not Placed"
"CB.EN.U4ECE23442","Harish Das","cb.en.u4ece23442@cb.students.amrita.edu","ECE","E","2027","8.26","1","Not Placed"
"CB.EN.U4ECE23443","Arya Kulkarni","cb.en.u4ece23443@cb.students.amrita.edu","ECE","E","2027","6.25","2","Placed"
"CB.EN.U4ECE23444","Harish Reddy","cb.en.u4ece23444@cb.students.amrita.edu","ECE","E","2027","6.64","0","Not Placed"
"CB.EN.U4ECE23445","Rahul Mishra","cb.en.u4ece23445@cb.students.amrita.edu","ECE","E","2027","6.26","0","Not Placed"
"CB.EN.U4ECE23446","Harish Kapoor","cb.en.u4ece23446@cb.students.amrita.edu","ECE","E","2027","6.47","0","Placed"
"CB.EN.U4ECE23447","Keerthana Verma","cb.en.u4ece23447@cb.students.amrita.edu","ECE","E","2027","7.95","1","Not Placed"
"CB.EN.U4ECE23448","Nikhil Pillai","cb.en.u4ece23448@cb.students.amrita.edu","ECE","E","2027","6.69","1","Not Placed"
"CB.EN.U4ECE23449","Lakshmi Kulkarni","cb.en.u4ece23449@cb.students.amrita.edu","ECE","E","2027","7.07","0","Placed"
"CB.EN.U4ECE23450","Surya Chatterjee","cb.en.u4ece23450@cb.students.amrita.edu","ECE","E","2027","6.25","2","Not Placed"
"CB.EN.U4ECE23451","Lakshmi Mishra","cb.en.u4ece23451@cb.students.amrita.edu","ECE","E","2027","9.18","2","Not Placed"
"CB.EN.U4ECE23452","Arjun Joshi","cb.en.u4ece23452@cb.students.amrita.edu","ECE","E","2027","8.57","0","Placed"
"CB.EN.U4ECE23453","Diya Raman","cb.en.u4ece23453@cb.students.amrita.edu","ECE","E","2027","7.2","2","Not Placed"
"CB.EN.U4ECE23454","Keerthana Sharma","cb.en.u4ece23454@cb.students.amrita.edu","ECE","E","2027","6.03","1","Not Placed"
"CB.EN.U4ECE23455","Meera Gupta","cb.en.u4ece23455@cb.students.amrita.edu","ECE","E","2027","7.03","0","Placed"
"CB.EN.U4ECE23456","Surya Kulkarni","cb.en.u4ece23456@cb.students.amrita.edu","ECE","E","2027","8.34","1","Not Placed"
"CB.EN.U4ECE23457","Varun Iyer","cb.en.u4ece23457@cb.students.amrita.edu","ECE","E","2027","7.08","2","Not Placed"
"CB.EN.U4ECE23458","Pooja Pillai","cb.en.u4ece23458@cb.students.amrita.edu","ECE","E","2027","7.21","0","Placed"
"CB.EN.U4ECE23459","Zara Verma","cb.en.u4ece23459@cb.students.amrita.edu","ECE","E","2027","8.4","2","Not Placed"
"CB.EN.U4ECE23460","Arya Kulkarni","cb.en.u4ece23460@cb.students.amrita.edu","ECE","E","2027","7.33","1","Not Placed"
"CB.EN.U4MEE23001","Ishaan Kulkarni","cb.en.u4mee23001@cb.students.amrita.edu","MEE","A","2027","8.95","1","Placed"
"CB.EN.U4MEE23002","Sneha Pillai","cb.en.u4mee23002@cb.students.amrita.edu","MEE","A","2027","8.5","2","Not Placed"
"CB.EN.U4MEE23003","Charan Menon","cb.en.u4mee23003@cb.students.amrita.edu","MEE","A","2027","8.46","1","Not Placed"
"CB.EN.U4MEE23004","Yash Raman","cb.en.u4mee23004@cb.students.amrita.edu","MEE","A","2027","8.17","1","Placed"
"CB.EN.U4MEE23005","Karthik Kapoor","cb.en.u4mee23005@cb.students.amrita.edu","MEE","A","2027","7.11","1","Not Placed"
"CB.EN.U4MEE23006","Ishaan Shetty","cb.en.u4mee23006@cb.students.amrita.edu","MEE","A","2027","8.11","0","Not Placed"
"CB.EN.U4MEE23007","Vikram Nair","cb.en.u4mee23007@cb.students.amrita.edu","MEE","A","2027","6.74","0","Placed"
"CB.EN.U4MEE23008","Tanvi Kulkarni","cb.en.u4mee23008@cb.students.amrita.edu","MEE","A","2027","8.61","1","Not Placed"
"CB.EN.U4MEE23009","Riya Patel","cb.en.u4mee23009@cb.students.amrita.edu","MEE","A","2027","8.7","0","Not Placed"
"CB.EN.U4MEE23010","Aarav Gupta","cb.en.u4mee23010@cb.students.amrita.edu","MEE","A","2027","6.56","2","Placed"
"CB.EN.U4MEE23011","Diya Shetty","cb.en.u4mee23011@cb.students.amrita.edu","MEE","A","2027","9.04","1","Not Placed"
"CB.EN.U4MEE23012","Bhavya Sharma","cb.en.u4mee23012@cb.students.amrita.edu","MEE","A","2027","7.21","1","Not Placed"
"CB.EN.U4MEE23013","Aarav Chatterjee","cb.en.u4mee23013@cb.students.amrita.edu","MEE","A","2027","7.21","1","Placed"
"CB.EN.U4MEE23014","Arya Nair","cb.en.u4mee23014@cb.students.amrita.edu","MEE","A","2027","7.52","0","Not Placed"
"CB.EN.U4MEE23015","Akash Krishnan","cb.en.u4mee23015@cb.students.amrita.edu","MEE","A","2027","6.8","1","Not Placed"
"CB.EN.U4MEE23016","Nikhil Patel","cb.en.u4mee23016@cb.students.amrita.edu","MEE","A","2027","6.02","1","Placed"
"CB.EN.U4MEE23017","Keerthana Pillai","cb.en.u4mee23017@cb.students.amrita.edu","MEE","A","2027","8.66","2","Not Placed"
"CB.EN.U4MEE23018","Aarav Reddy","cb.en.u4mee23018@cb.students.amrita.edu","MEE","A","2027","8.98","2","Not Placed"
"CB.EN.U4MEE23019","Sanjay Pillai","cb.en.u4mee23019@cb.students.amrita.edu","MEE","A","2027","7.95","0","Placed"
"CB.EN.U4MEE23020","Diya Verma","cb.en.u4mee23020@cb.students.amrita.edu","MEE","A","2027","8.35","1","Not Placed"
"CB.EN.U4MEE23021","Varun Patel","cb.en.u4mee23021@cb.students.amrita.edu","MEE","A","2027","8.43","1","Not Placed"
"CB.EN.U4MEE23022","Lakshmi Mishra","cb.en.u4mee23022@cb.students.amrita.edu","MEE","A","2027","6.15","0","Placed"
"CB.EN.U4MEE23023","Akash Patel","cb.en.u4mee23023@cb.students.amrita.edu","MEE","A","2027","7.94","2","Not Placed"
"CB.EN.U4MEE23024","Yash Shetty","cb.en.u4mee23024@cb.students.amrita.edu","MEE","A","2027","7.31","0","Not Placed"
"CB.EN.U4MEE23025","Rahul Gupta","cb.en.u4mee23025@cb.students.amrita.edu","MEE","A","2027","9.87","0","Placed"
"CB.EN.U4MEE23026","Yash Mishra","cb.en.u4mee23026@cb.students.amrita.edu","MEE","A","2027","6.83","0","Not Placed"
"CB.EN.U4MEE23027","Arjun Patel","cb.en.u4mee23027@cb.students.amrita.edu","MEE","A","2027","8.11","2","Not Placed"
"CB.EN.U4MEE23028","Keerthana Sharma","cb.en.u4mee23028@cb.students.amrita.edu","MEE","A","2027","7.48","1","Placed"
"CB.EN.U4MEE23029","Varun Nair","cb.en.u4mee23029@cb.students.amrita.edu","MEE","A","2027","8.45","0","Not Placed"
"CB.EN.U4MEE23030","Aditya Kapoor","cb.en.u4mee23030@cb.students.amrita.edu","MEE","A","2027","8.95","0","Not Placed"
"CB.EN.U4MEE23031","Yash Reddy","cb.en.u4mee23031@cb.students.amrita.edu","MEE","A","2027","7.62","1","Placed"
"CB.EN.U4MEE23032","Yash Kapoor","cb.en.u4mee23032@cb.students.amrita.edu","MEE","A","2027","9.14","0","Not Placed"
"CB.EN.U4MEE23033","Harish Krishnan","cb.en.u4mee23033@cb.students.amrita.edu","MEE","A","2027","8.49","0","Not Placed"
"CB.EN.U4MEE23034","Lakshmi Mishra","cb.en.u4mee23034@cb.students.amrita.edu","MEE","A","2027","8.34","2","Placed"
"CB.EN.U4MEE23035","Yash Krishnan","cb.en.u4mee23035@cb.students.amrita.edu","MEE","A","2027","8.28","2","Not Placed"
"CB.EN.U4MEE23036","Tanvi Reddy","cb.en.u4mee23036@cb.students.amrita.edu","MEE","A","2027","8.92","1","Not Placed"
"CB.EN.U4MEE23037","Riya Nagarajan","cb.en.u4mee23037@cb.students.amrita.edu","MEE","A","2027","6.94","2","Placed"
"CB.EN.U4MEE23038","Akash Joshi","cb.en.u4mee23038@cb.students.amrita.edu","MEE","A","2027","8.85","1","Not Placed"
"CB.EN.U4MEE23039","Bhavya Das","cb.en.u4mee23039@cb.students.amrita.edu","MEE","A","2027","7.59","2","Not Placed"
"CB.EN.U4MEE23040","Ishaan Pillai","cb.en.u4mee23040@cb.students.amrita.edu","MEE","A","2027","9.47","2","Placed"
"CB.EN.U4MEE23041","Nikhil Gupta","cb.en.u4mee23041@cb.students.amrita.edu","MEE","A","2027","8.9","1","Not Placed"
"CB.EN.U4MEE23042","Tanvi Krishnan","cb.en.u4mee23042@cb.students.amrita.edu","MEE","A","2027","9.43","0","Not Placed"
"CB.EN.U4MEE23043","Lakshmi Nagarajan","cb.en.u4mee23043@cb.students.amrita.edu","MEE","A","2027","6.96","2","Placed"
"CB.EN.U4MEE23044","Diya Das","cb.en.u4mee23044@cb.students.amrita.edu","MEE","A","2027","6.04","1","Not Placed"
"CB.EN.U4MEE23045","Riya Joshi","cb.en.u4mee23045@cb.students.amrita.edu","MEE","A","2027","9.6","1","Not Placed"
"CB.EN.U4MEE23046","Zara Raman","cb.en.u4mee23046@cb.students.amrita.edu","MEE","A","2027","7.24","2","Placed"
"CB.EN.U4MEE23047","Sneha Joshi","cb.en.u4mee23047@cb.students.amrita.edu","MEE","A","2027","7.19","1","Not Placed"
"CB.EN.U4MEE23048","Surya Das","cb.en.u4mee23048@cb.students.amrita.edu","MEE","A","2027","9.85","1","Not Placed"
"CB.EN.U4MEE23049","Pooja Joshi","cb.en.u4mee23049@cb.students.amrita.edu","MEE","A","2027","8.1","1","Placed"
"CB.EN.U4MEE23050","Bhavya Nair","cb.en.u4mee23050@cb.students.amrita.edu","MEE","A","2027","8.95","2","Not Placed"
"CB.EN.U4MEE23051","Harish Pillai","cb.en.u4mee23051@cb.students.amrita.edu","MEE","A","2027","8.21","1","Not Placed"
"CB.EN.U4MEE23052","Akash Bose","cb.en.u4mee23052@cb.students.amrita.edu","MEE","A","2027","6.11","2","Placed"
"CB.EN.U4MEE23053","Aishwarya Verma","cb.en.u4mee23053@cb.students.amrita.edu","MEE","A","2027","7.89","0","Not Placed"
"CB.EN.U4MEE23054","Zara Kulkarni","cb.en.u4mee23054@cb.students.amrita.edu","MEE","A","2027","9.29","2","Not Placed"
"CB.EN.U4MEE23055","Vikram Mishra","cb.en.u4mee23055@cb.students.amrita.edu","MEE","A","2027","6.25","2","Placed"
"CB.EN.U4MEE23056","Aditya Gupta","cb.en.u4mee23056@cb.students.amrita.edu","MEE","A","2027","9.63","1","Not Placed"
"CB.EN.U4MEE23057","Surya Nair","cb.en.u4mee23057@cb.students.amrita.edu","MEE","A","2027","8.58","1","Not Placed"
"CB.EN.U4MEE23058","Bhavya Gupta","cb.en.u4mee23058@cb.students.amrita.edu","MEE","A","2027","8.92","0","Placed"
"CB.EN.U4MEE23059","Sanjay Gupta","cb.en.u4mee23059@cb.students.amrita.edu","MEE","A","2027","6.99","0","Not Placed"
"CB.EN.U4MEE23060","Aditya Sharma","cb.en.u4mee23060@cb.students.amrita.edu","MEE","A","2027","7.29","1","Not Placed"
"CB.EN.U4MEE23101","Zara Verma","cb.en.u4mee23101@cb.students.amrita.edu","MEE","B","2027","6.25","0","Placed"
"CB.EN.U4MEE23102","Akash Sharma","cb.en.u4mee23102@cb.students.amrita.edu","MEE","B","2027","6.26","0","Not Placed"
"CB.EN.U4MEE23103","Sanjay Raman","cb.en.u4mee23103@cb.students.amrita.edu","MEE","B","2027","9.23","0","Not Placed"
"CB.EN.U4MEE23104","Rahul Raman","cb.en.u4mee23104@cb.students.amrita.edu","MEE","B","2027","6.69","1","Placed"
"CB.EN.U4MEE23105","Karthik Das","cb.en.u4mee23105@cb.students.amrita.edu","MEE","B","2027","8.46","1","Not Placed"
"CB.EN.U4MEE23106","Varun Kulkarni","cb.en.u4mee23106@cb.students.amrita.edu","MEE","B","2027","8.53","2","Not Placed"
"CB.EN.U4MEE23107","Sanjay Pillai","cb.en.u4mee23107@cb.students.amrita.edu","MEE","B","2027","9.16","0","Placed"
"CB.EN.U4MEE23108","Surya Kulkarni","cb.en.u4mee23108@cb.students.amrita.edu","MEE","B","2027","6.3","0","Not Placed"
"CB.EN.U4MEE23109","Anirudh Gupta","cb.en.u4mee23109@cb.students.amrita.edu","MEE","B","2027","9.62","0","Not Placed"
"CB.EN.U4MEE23110","Aishwarya Das","cb.en.u4mee23110@cb.students.amrita.edu","MEE","B","2027","7.35","2","Placed"
"CB.EN.U4MEE23111","Zara Sharma","cb.en.u4mee23111@cb.students.amrita.edu","MEE","B","2027","6.26","2","Not Placed"
"CB.EN.U4MEE23112","Aditya Raman","cb.en.u4mee23112@cb.students.amrita.edu","MEE","B","2027","8.84","2","Not Placed"
"CB.EN.U4MEE23113","Sneha Iyer","cb.en.u4mee23113@cb.students.amrita.edu","MEE","B","2027","6.38","0","Placed"
"CB.EN.U4MEE23114","Anirudh Krishnan","cb.en.u4mee23114@cb.students.amrita.edu","MEE","B","2027","8.58","2","Not Placed"
"CB.EN.U4MEE23115","Akash Mishra","cb.en.u4mee23115@cb.students.amrita.edu","MEE","B","2027","6.69","1","Not Placed"
"CB.EN.U4MEE23116","Varun Chatterjee","cb.en.u4mee23116@cb.students.amrita.edu","MEE","B","2027","7.36","2","Placed"
"CB.EN.U4MEE23117","Anirudh Chatterjee","cb.en.u4mee23117@cb.students.amrita.edu","MEE","B","2027","8.09","0","Not Placed"
"CB.EN.U4MEE23118","Vikram Verma","cb.en.u4mee23118@cb.students.amrita.edu","MEE","B","2027","6.15","1","Not Placed"
"CB.EN.U4MEE23119","Aishwarya Krishnan","cb.en.u4mee23119@cb.students.amrita.edu","MEE","B","2027","9.06","2","Placed"
"CB.EN.U4MEE23120","Arya Sharma","cb.en.u4mee23120@cb.students.amrita.edu","MEE","B","2027","9.82","2","Not Placed"
"CB.EN.U4MEE23121","Aditya Verma","cb.en.u4mee23121@cb.students.amrita.edu","MEE","B","2027","7.06","2","Not Placed"
"CB.EN.U4MEE23122","Lakshmi Nair","cb.en.u4mee23122@cb.students.amrita.edu","MEE","B","2027","8.71","0","Placed"
"CB.EN.U4MEE23123","Bhavya Gupta","cb.en.u4mee23123@cb.students.amrita.edu","MEE","B","2027","7.94","1","Not Placed"
"CB.EN.U4MEE23124","Aishwarya Pillai","cb.en.u4mee23124@cb.students.amrita.edu","MEE","B","2027","8.68","1","Not Placed"
"CB.EN.U4MEE23125","Zara Das","cb.en.u4mee23125@cb.students.amrita.edu","MEE","B","2027","8.71","1","Placed"
"CB.EN.U4MEE23126","Janani Chatterjee","cb.en.u4mee23126@cb.students.amrita.edu","MEE","B","2027","7.13","0","Not Placed"
"CB.EN.U4MEE23127","Ananya Kulkarni","cb.en.u4mee23127@cb.students.amrita.edu","MEE","B","2027","8.86","2","Not Placed"
"CB.EN.U4MEE23128","Rahul Sharma","cb.en.u4mee23128@cb.students.amrita.edu","MEE","B","2027","8.23","1","Placed"
"CB.EN.U4MEE23129","Tanvi Gupta","cb.en.u4mee23129@cb.students.amrita.edu","MEE","B","2027","9.26","2","Not Placed"
"CB.EN.U4MEE23130","Vikram Joshi","cb.en.u4mee23130@cb.students.amrita.edu","MEE","B","2027","9.2","0","Not Placed"
"CB.EN.U4MEE23131","Diya Nair","cb.en.u4mee23131@cb.students.amrita.edu","MEE","B","2027","7.86","0","Placed"
"CB.EN.U4MEE23132","Karthik Kulkarni","cb.en.u4mee23132@cb.students.amrita.edu","MEE","B","2027","9.27","2","Not Placed"
"CB.EN.U4MEE23133","Charan Reddy","cb.en.u4mee23133@cb.students.amrita.edu","MEE","B","2027","9.42","0","Not Placed"
"CB.EN.U4MEE23134","Rahul Kapoor","cb.en.u4mee23134@cb.students.amrita.edu","MEE","B","2027","9.64","1","Placed"
"CB.EN.U4MEE23135","Sanjay Reddy","cb.en.u4mee23135@cb.students.amrita.edu","MEE","B","2027","7.2","1","Not Placed"
"CB.EN.U4MEE23136","Harish Kapoor","cb.en.u4mee23136@cb.students.amrita.edu","MEE","B","2027","8.15","2","Not Placed"
"CB.EN.U4MEE23137","Yash Kulkarni","cb.en.u4mee23137@cb.students.amrita.edu","MEE","B","2027","9.05","0","Placed"
"CB.EN.U4MEE23138","Nikhil Das","cb.en.u4mee23138@cb.students.amrita.edu","MEE","B","2027","6.43","2","Not Placed"
"CB.EN.U4MEE23139","Harish Iyer","cb.en.u4mee23139@cb.students.amrita.edu","MEE","B","2027","9.11","2","Not Placed"
"CB.EN.U4MEE23140","Arya Chatterjee","cb.en.u4mee23140@cb.students.amrita.edu","MEE","B","2027","8.01","0","Placed"
"CB.EN.U4MEE23141","Bhavya Nagarajan","cb.en.u4mee23141@cb.students.amrita.edu","MEE","B","2027","7.11","2","Not Placed"
"CB.EN.U4MEE23142","Harish Joshi","cb.en.u4mee23142@cb.students.amrita.edu","MEE","B","2027","9.39","0","Not Placed"
"CB.EN.U4MEE23143","Ishaan Das","cb.en.u4mee23143@cb.students.amrita.edu","MEE","B","2027","9.55","1","Placed"
"CB.EN.U4MEE23144","Arjun Das","cb.en.u4mee23144@cb.students.amrita.edu","MEE","B","2027","8.77","1","Not Placed"
"CB.EN.U4MEE23145","Arya Patel","cb.en.u4mee23145@cb.students.amrita.edu","MEE","B","2027","8.27","0","Not Placed"
"CB.EN.U4MEE23146","Harish Nair","cb.en.u4mee23146@cb.students.amrita.edu","MEE","B","2027","9.06","0","Placed"
"CB.EN.U4MEE23147","Nikhil Krishnan","cb.en.u4mee23147@cb.students.amrita.edu","MEE","B","2027","9.63","2","Not Placed"
"CB.EN.U4MEE23148","Bhavya Nair","cb.en.u4mee23148@cb.students.amrita.edu","MEE","B","2027","9.08","2","Not Placed"
"CB.EN.U4MEE23149","Bhavya Nair","cb.en.u4mee23149@cb.students.amrita.edu","MEE","B","2027","8.59","0","Placed"
"CB.EN.U4MEE23150","Meera Pillai","cb.en.u4mee23150@cb.students.amrita.edu","MEE","B","2027","7.78","2","Not Placed"
"CB.EN.U4MEE23151","Bhavya Gupta","cb.en.u4mee23151@cb.students.amrita.edu","MEE","B","2027","6.19","2","Not Placed"
"CB.EN.U4MEE23152","Anirudh Gupta","cb.en.u4mee23152@cb.students.amrita.edu","MEE","B","2027","6.86","2","Placed"
"CB.EN.U4MEE23153","Surya Bose","cb.en.u4mee23153@cb.students.amrita.edu","MEE","B","2027","7.38","0","Not Placed"
"CB.EN.U4MEE23154","Bhavya Chatterjee","cb.en.u4mee23154@cb.students.amrita.edu","MEE","B","2027","7.03","1","Not Placed"
"CB.EN.U4MEE23155","Yash Chatterjee","cb.en.u4mee23155@cb.students.amrita.edu","MEE","B","2027","7.3","1","Placed"
"CB.EN.U4MEE23156","Zara Sharma","cb.en.u4mee23156@cb.students.amrita.edu","MEE","B","2027","6.52","2","Not Placed"
"CB.EN.U4MEE23157","Sneha Nair","cb.en.u4mee23157@cb.students.amrita.edu","MEE","B","2027","8.74","1","Not Placed"
"CB.EN.U4MEE23158","Vikram Iyer","cb.en.u4mee23158@cb.students.amrita.edu","MEE","B","2027","7.92","2","Placed"
"CB.EN.U4MEE23159","Anirudh Das","cb.en.u4mee23159@cb.students.amrita.edu","MEE","B","2027","7.65","0","Not Placed"
"CB.EN.U4MEE23160","Zara Pillai","cb.en.u4mee23160@cb.students.amrita.edu","MEE","B","2027","8.7","0","Not Placed"
"CB.EN.U4MEE23201","Akash Das","cb.en.u4mee23201@cb.students.amrita.edu","MEE","C","2027","6.42","0","Placed"
"CB.EN.U4MEE23202","Yash Kulkarni","cb.en.u4mee23202@cb.students.amrita.edu","MEE","C","2027","9.88","2","Not Placed"
"CB.EN.U4MEE23203","Janani Reddy","cb.en.u4mee23203@cb.students.amrita.edu","MEE","C","2027","9.84","0","Not Placed"
"CB.EN.U4MEE23204","Keerthana Sharma","cb.en.u4mee23204@cb.students.amrita.edu","MEE","C","2027","9.14","1","Placed"
"CB.EN.U4MEE23205","Yash Verma","cb.en.u4mee23205@cb.students.amrita.edu","MEE","C","2027","8.07","0","Not Placed"
"CB.EN.U4MEE23206","Pooja Menon","cb.en.u4mee23206@cb.students.amrita.edu","MEE","C","2027","8.01","1","Not Placed"
"CB.EN.U4MEE23207","Pooja Sharma","cb.en.u4mee23207@cb.students.amrita.edu","MEE","C","2027","6.82","2","Placed"
"CB.EN.U4MEE23208","Charan Gupta","cb.en.u4mee23208@cb.students.amrita.edu","MEE","C","2027","6.05","0","Not Placed"
"CB.EN.U4MEE23209","Sanjay Raman","cb.en.u4mee23209@cb.students.amrita.edu","MEE","C","2027","8.78","2","Not Placed"
"CB.EN.U4MEE23210","Diya Pillai","cb.en.u4mee23210@cb.students.amrita.edu","MEE","C","2027","9.62","1","Placed"
"CB.EN.U4MEE23211","Surya Das","cb.en.u4mee23211@cb.students.amrita.edu","MEE","C","2027","6.31","2","Not Placed"
"CB.EN.U4MEE23212","Janani Iyer","cb.en.u4mee23212@cb.students.amrita.edu","MEE","C","2027","8.08","0","Not Placed"
"CB.EN.U4MEE23213","Tanvi Kapoor","cb.en.u4mee23213@cb.students.amrita.edu","MEE","C","2027","8.89","1","Placed"
"CB.EN.U4MEE23214","Ishaan Raman","cb.en.u4mee23214@cb.students.amrita.edu","MEE","C","2027","7.83","0","Not Placed"
"CB.EN.U4MEE23215","Nikhil Verma","cb.en.u4mee23215@cb.students.amrita.edu","MEE","C","2027","7.96","0","Not Placed"
"CB.EN.U4MEE23216","Janani Krishnan","cb.en.u4mee23216@cb.students.amrita.edu","MEE","C","2027","9.66","0","Placed"
"CB.EN.U4MEE23217","Keerthana Sharma","cb.en.u4mee23217@cb.students.amrita.edu","MEE","C","2027","9.27","1","Not Placed"
"CB.EN.U4MEE23218","Aarav Mishra","cb.en.u4mee23218@cb.students.amrita.edu","MEE","C","2027","7.13","1","Not Placed"
"CB.EN.U4MEE23219","Surya Pillai","cb.en.u4mee23219@cb.students.amrita.edu","MEE","C","2027","6.71","1","Placed"
"CB.EN.U4MEE23220","Anirudh Nagarajan","cb.en.u4mee23220@cb.students.amrita.edu","MEE","C","2027","9.79","0","Not Placed"
"CB.EN.U4MEE23221","Karthik Mishra","cb.en.u4mee23221@cb.students.amrita.edu","MEE","C","2027","6.94","0","Not Placed"
"CB.EN.U4MEE23222","Vikram Nagarajan","cb.en.u4mee23222@cb.students.amrita.edu","MEE","C","2027","7.55","2","Placed"
"CB.EN.U4MEE23223","Aarav Reddy","cb.en.u4mee23223@cb.students.amrita.edu","MEE","C","2027","6.29","2","Not Placed"
"CB.EN.U4MEE23224","Yash Raman","cb.en.u4mee23224@cb.students.amrita.edu","MEE","C","2027","8.58","1","Not Placed"
"CB.EN.U4MEE23225","Arjun Iyer","cb.en.u4mee23225@cb.students.amrita.edu","MEE","C","2027","7.74","0","Placed"
"CB.EN.U4MEE23226","Harish Gupta","cb.en.u4mee23226@cb.students.amrita.edu","MEE","C","2027","8.94","1","Not Placed"
"CB.EN.U4MEE23227","Ananya Gupta","cb.en.u4mee23227@cb.students.amrita.edu","MEE","C","2027","9.14","0","Not Placed"
"CB.EN.U4MEE23228","Arjun Chatterjee","cb.en.u4mee23228@cb.students.amrita.edu","MEE","C","2027","6.88","2","Placed"
"CB.EN.U4MEE23229","Aishwarya Patel","cb.en.u4mee23229@cb.students.amrita.edu","MEE","C","2027","9.2","0","Not Placed"
"CB.EN.U4MEE23230","Aishwarya Raman","cb.en.u4mee23230@cb.students.amrita.edu","MEE","C","2027","7.37","0","Not Placed"
"CB.EN.U4MEE23231","Bhavya Verma","cb.en.u4mee23231@cb.students.amrita.edu","MEE","C","2027","7.19","2","Placed"
"CB.EN.U4MEE23232","Ishaan Joshi","cb.en.u4mee23232@cb.students.amrita.edu","MEE","C","2027","6.96","1","Not Placed"
"CB.EN.U4MEE23233","Vikram Chatterjee","cb.en.u4mee23233@cb.students.amrita.edu","MEE","C","2027","7.1","0","Not Placed"
"CB.EN.U4MEE23234","Arjun Krishnan","cb.en.u4mee23234@cb.students.amrita.edu","MEE","C","2027","9.89","0","Placed"
"CB.EN.U4MEE23235","Meera Bose","cb.en.u4mee23235@cb.students.amrita.edu","MEE","C","2027","9.51","0","Not Placed"
"CB.EN.U4MEE23236","Rahul Menon","cb.en.u4mee23236@cb.students.amrita.edu","MEE","C","2027","8.81","1","Not Placed"
"CB.EN.U4MEE23237","Keerthana Chatterjee","cb.en.u4mee23237@cb.students.amrita.edu","MEE","C","2027","9.29","1","Placed"
"CB.EN.U4MEE23238","Janani Nagarajan","cb.en.u4mee23238@cb.students.amrita.edu","MEE","C","2027","7.07","2","Not Placed"
"CB.EN.U4MEE23239","Sneha Gupta","cb.en.u4mee23239@cb.students.amrita.edu","MEE","C","2027","7.85","0","Not Placed"
"CB.EN.U4MEE23240","Akash Gupta","cb.en.u4mee23240@cb.students.amrita.edu","MEE","C","2027","7.78","1","Placed"
"CB.EN.U4MEE23241","Arya Sharma","cb.en.u4mee23241@cb.students.amrita.edu","MEE","C","2027","8.78","0","Not Placed"
"CB.EN.U4MEE23242","Bhavya Gupta","cb.en.u4mee23242@cb.students.amrita.edu","MEE","C","2027","8.47","0","Not Placed"
"CB.EN.U4MEE23243","Vikram Verma","cb.en.u4mee23243@cb.students.amrita.edu","MEE","C","2027","7.94","1","Placed"
"CB.EN.U4MEE23244","Harish Verma","cb.en.u4mee23244@cb.students.amrita.edu","MEE","C","2027","8.76","0","Not Placed"
"CB.EN.U4MEE23245","Pooja Menon","cb.en.u4mee23245@cb.students.amrita.edu","MEE","C","2027","6.22","0","Not Placed"
"CB.EN.U4MEE23246","Akash Bose","cb.en.u4mee23246@cb.students.amrita.edu","MEE","C","2027","8.8","0","Placed"
"CB.EN.U4MEE23247","Janani Nagarajan","cb.en.u4mee23247@cb.students.amrita.edu","MEE","C","2027","9.59","2","Not Placed"
"CB.EN.U4MEE23248","Ishaan Sharma","cb.en.u4mee23248@cb.students.amrita.edu","MEE","C","2027","7.39","1","Not Placed"
"CB.EN.U4MEE23249","Harish Mishra","cb.en.u4mee23249@cb.students.amrita.edu","MEE","C","2027","9.51","2","Placed"
"CB.EN.U4MEE23250","Tanvi Menon","cb.en.u4mee23250@cb.students.amrita.edu","MEE","C","2027","6.63","0","Not Placed"
"CB.EN.U4MEE23251","Tanvi Gupta","cb.en.u4mee23251@cb.students.amrita.edu","MEE","C","2027","6.1","1","Not Placed"
"CB.EN.U4MEE23252","Akash Sharma","cb.en.u4mee23252@cb.students.amrita.edu","MEE","C","2027","7.54","1","Placed"
"CB.EN.U4MEE23253","Charan Das","cb.en.u4mee23253@cb.students.amrita.edu","MEE","C","2027","7.08","2","Not Placed"
"CB.EN.U4MEE23254","Akash Menon","cb.en.u4mee23254@cb.students.amrita.edu","MEE","C","2027","7.59","2","Not Placed"
"CB.EN.U4MEE23255","Rahul Joshi","cb.en.u4mee23255@cb.students.amrita.edu","MEE","C","2027","8.05","2","Placed"
"CB.EN.U4MEE23256","Bhavya Shetty","cb.en.u4mee23256@cb.students.amrita.edu","MEE","C","2027","7.28","1","Not Placed"
"CB.EN.U4MEE23257","Ananya Patel","cb.en.u4mee23257@cb.students.amrita.edu","MEE","C","2027","7.85","0","Not Placed"
"CB.EN.U4MEE23258","Aditya Iyer","cb.en.u4mee23258@cb.students.amrita.edu","MEE","C","2027","7.11","1","Placed"
"CB.EN.U4MEE23259","Tanvi Kulkarni","cb.en.u4mee23259@cb.students.amrita.edu","MEE","C","2027","8.58","0","Not Placed"
"CB.EN.U4MEE23260","Anirudh Nair","cb.en.u4mee23260@cb.students.amrita.edu","MEE","C","2027","9.02","1","Not Placed"
"CB.EN.U4MEE23301","Varun Kapoor","cb.en.u4mee23301@cb.students.amrita.edu","MEE","D","2027","9.33","1","Placed"
"CB.EN.U4MEE23302","Aishwarya Menon","cb.en.u4mee23302@cb.students.amrita.edu","MEE","D","2027","9.8","2","Not Placed"
"CB.EN.U4MEE23303","Anirudh Das","cb.en.u4mee23303@cb.students.amrita.edu","MEE","D","2027","6.97","2","Not Placed"
"CB.EN.U4MEE23304","Akash Krishnan","cb.en.u4mee23304@cb.students.amrita.edu","MEE","D","2027","9.68","2","Placed"
"CB.EN.U4MEE23305","Harish Joshi","cb.en.u4mee23305@cb.students.amrita.edu","MEE","D","2027","8.33","2","Not Placed"
"CB.EN.U4MEE23306","Harish Nair","cb.en.u4mee23306@cb.students.amrita.edu","MEE","D","2027","8.75","1","Not Placed"
"CB.EN.U4MEE23307","Arya Gupta","cb.en.u4mee23307@cb.students.amrita.edu","MEE","D","2027","7.8","2","Placed"
"CB.EN.U4MEE23308","Arjun Shetty","cb.en.u4mee23308@cb.students.amrita.edu","MEE","D","2027","6.38","2","Not Placed"
"CB.EN.U4MEE23309","Tanvi Joshi","cb.en.u4mee23309@cb.students.amrita.edu","MEE","D","2027","7.3","2","Not Placed"
"CB.EN.U4MEE23310","Akash Mishra","cb.en.u4mee23310@cb.students.amrita.edu","MEE","D","2027","6.55","1","Placed"
"CB.EN.U4MEE23311","Aishwarya Nagarajan","cb.en.u4mee23311@cb.students.amrita.edu","MEE","D","2027","6.13","1","Not Placed"
"CB.EN.U4MEE23312","Janani Kapoor","cb.en.u4mee23312@cb.students.amrita.edu","MEE","D","2027","9.73","1","Not Placed"
"CB.EN.U4MEE23313","Diya Iyer","cb.en.u4mee23313@cb.students.amrita.edu","MEE","D","2027","6.03","2","Placed"
"CB.EN.U4MEE23314","Sanjay Pillai","cb.en.u4mee23314@cb.students.amrita.edu","MEE","D","2027","9.43","2","Not Placed"
"CB.EN.U4MEE23315","Aditya Joshi","cb.en.u4mee23315@cb.students.amrita.edu","MEE","D","2027","9.75","1","Not Placed"
"CB.EN.U4MEE23316","Anirudh Shetty","cb.en.u4mee23316@cb.students.amrita.edu","MEE","D","2027","6.69","0","Placed"
"CB.EN.U4MEE23317","Aishwarya Menon","cb.en.u4mee23317@cb.students.amrita.edu","MEE","D","2027","7.53","1","Not Placed"
"CB.EN.U4MEE23318","Lakshmi Mishra","cb.en.u4mee23318@cb.students.amrita.edu","MEE","D","2027","8.61","2","Not Placed"
"CB.EN.U4MEE23319","Aishwarya Nair","cb.en.u4mee23319@cb.students.amrita.edu","MEE","D","2027","8.32","1","Placed"
"CB.EN.U4MEE23320","Zara Nagarajan","cb.en.u4mee23320@cb.students.amrita.edu","MEE","D","2027","8.69","0","Not Placed"
"CB.EN.U4MEE23321","Meera Gupta","cb.en.u4mee23321@cb.students.amrita.edu","MEE","D","2027","7.71","1","Not Placed"
"CB.EN.U4MEE23322","Anirudh Patel","cb.en.u4mee23322@cb.students.amrita.edu","MEE","D","2027","6.38","1","Placed"
"CB.EN.U4MEE23323","Tanvi Joshi","cb.en.u4mee23323@cb.students.amrita.edu","MEE","D","2027","9.34","2","Not Placed"
"CB.EN.U4MEE23324","Aishwarya Menon","cb.en.u4mee23324@cb.students.amrita.edu","MEE","D","2027","8.96","1","Not Placed"
"CB.EN.U4MEE23325","Lakshmi Kapoor","cb.en.u4mee23325@cb.students.amrita.edu","MEE","D","2027","6.11","0","Placed"
"CB.EN.U4MEE23326","Tanvi Patel","cb.en.u4mee23326@cb.students.amrita.edu","MEE","D","2027","6.21","1","Not Placed"
"CB.EN.U4MEE23327","Yash Krishnan","cb.en.u4mee23327@cb.students.amrita.edu","MEE","D","2027","6.83","2","Not Placed"
"CB.EN.U4MEE23328","Zara Nagarajan","cb.en.u4mee23328@cb.students.amrita.edu","MEE","D","2027","6.93","0","Placed"
"CB.EN.U4MEE23329","Lakshmi Verma","cb.en.u4mee23329@cb.students.amrita.edu","MEE","D","2027","9.54","2","Not Placed"
"CB.EN.U4MEE23330","Anirudh Nagarajan","cb.en.u4mee23330@cb.students.amrita.edu","MEE","D","2027","8.98","0","Not Placed"
"CB.EN.U4MEE23331","Bhavya Nagarajan","cb.en.u4mee23331@cb.students.amrita.edu","MEE","D","2027","9.22","0","Placed"
"CB.EN.U4MEE23332","Akash Pillai","cb.en.u4mee23332@cb.students.amrita.edu","MEE","D","2027","6.82","2","Not Placed"
"CB.EN.U4MEE23333","Aditya Kulkarni","cb.en.u4mee23333@cb.students.amrita.edu","MEE","D","2027","7.42","1","Not Placed"
"CB.EN.U4MEE23334","Tanvi Krishnan","cb.en.u4mee23334@cb.students.amrita.edu","MEE","D","2027","8.48","1","Placed"
"CB.EN.U4MEE23335","Keerthana Sharma","cb.en.u4mee23335@cb.students.amrita.edu","MEE","D","2027","7.11","2","Not Placed"
"CB.EN.U4MEE23336","Rahul Bose","cb.en.u4mee23336@cb.students.amrita.edu","MEE","D","2027","7.3","2","Not Placed"
"CB.EN.U4MEE23337","Karthik Verma","cb.en.u4mee23337@cb.students.amrita.edu","MEE","D","2027","8.05","0","Placed"
"CB.EN.U4MEE23338","Meera Mishra","cb.en.u4mee23338@cb.students.amrita.edu","MEE","D","2027","9.25","1","Not Placed"
"CB.EN.U4MEE23339","Zara Kapoor","cb.en.u4mee23339@cb.students.amrita.edu","MEE","D","2027","7.42","0","Not Placed"
"CB.EN.U4MEE23340","Meera Nagarajan","cb.en.u4mee23340@cb.students.amrita.edu","MEE","D","2027","6.54","1","Placed"
"CB.EN.U4MEE23341","Vikram Kulkarni","cb.en.u4mee23341@cb.students.amrita.edu","MEE","D","2027","6.24","1","Not Placed"
"CB.EN.U4MEE23342","Sneha Chatterjee","cb.en.u4mee23342@cb.students.amrita.edu","MEE","D","2027","6.42","2","Not Placed"
"CB.EN.U4MEE23343","Arya Joshi","cb.en.u4mee23343@cb.students.amrita.edu","MEE","D","2027","6.61","1","Placed"
"CB.EN.U4MEE23344","Bhavya Raman","cb.en.u4mee23344@cb.students.amrita.edu","MEE","D","2027","6.48","1","Not Placed"
"CB.EN.U4MEE23345","Pooja Raman","cb.en.u4mee23345@cb.students.amrita.edu","MEE","D","2027","6.97","2","Not Placed"
"CB.EN.U4MEE23346","Arya Mishra","cb.en.u4mee23346@cb.students.amrita.edu","MEE","D","2027","8.61","0","Placed"
"CB.EN.U4MEE23347","Nikhil Joshi","cb.en.u4mee23347@cb.students.amrita.edu","MEE","D","2027","8.65","0","Not Placed"
"CB.EN.U4MEE23348","Nikhil Patel","cb.en.u4mee23348@cb.students.amrita.edu","MEE","D","2027","8.59","1","Not Placed"
"CB.EN.U4MEE23349","Zara Reddy","cb.en.u4mee23349@cb.students.amrita.edu","MEE","D","2027","8.29","2","Placed"
"CB.EN.U4MEE23350","Charan Verma","cb.en.u4mee23350@cb.students.amrita.edu","MEE","D","2027","8.45","0","Not Placed"
"CB.EN.U4MEE23351","Vikram Kapoor","cb.en.u4mee23351@cb.students.amrita.edu","MEE","D","2027","9.58","2","Not Placed"
"CB.EN.U4MEE23352","Zara Verma","cb.en.u4mee23352@cb.students.amrita.edu","MEE","D","2027","8.9","1","Placed"
"CB.EN.U4MEE23353","Yash Menon","cb.en.u4mee23353@cb.students.amrita.edu","MEE","D","2027","9.67","1","Not Placed"
"CB.EN.U4MEE23354","Charan Das","cb.en.u4mee23354@cb.students.amrita.edu","MEE","D","2027","8.99","1","Not Placed"
"CB.EN.U4MEE23355","Aishwarya Bose","cb.en.u4mee23355@cb.students.amrita.edu","MEE","D","2027","6.13","1","Placed"
"CB.EN.U4MEE23356","Ananya Mishra","cb.en.u4mee23356@cb.students.amrita.edu","MEE","D","2027","8.49","2","Not Placed"
"CB.EN.U4MEE23357","Sneha Nagarajan","cb.en.u4mee23357@cb.students.amrita.edu","MEE","D","2027","7.64","0","Not Placed"
"CB.EN.U4MEE23358","Diya Bose","cb.en.u4mee23358@cb.students.amrita.edu","MEE","D","2027","6.13","2","Placed"
"CB.EN.U4MEE23359","Ishaan Kapoor","cb.en.u4mee23359@cb.students.amrita.edu","MEE","D","2027","6.36","2","Not Placed"
"CB.EN.U4MEE23360","Aishwarya Reddy","cb.en.u4mee23360@cb.students.amrita.edu","MEE","D","2027","6.8","2","Not Placed"
"CB.EN.U4MEE23401","Meera Reddy","cb.en.u4mee23401@cb.students.amrita.edu","MEE","E","2027","7.1","1","Placed"
"CB.EN.U4MEE23402","Sneha Kapoor","cb.en.u4mee23402@cb.students.amrita.edu","MEE","E","2027","6.69","1","Not Placed"
"CB.EN.U4MEE23403","Janani Nagarajan","cb.en.u4mee23403@cb.students.amrita.edu","MEE","E","2027","8.35","2","Not Placed"
"CB.EN.U4MEE23404","Akash Reddy","cb.en.u4mee23404@cb.students.amrita.edu","MEE","E","2027","9.15","2","Placed"
"CB.EN.U4MEE23405","Varun Pillai","cb.en.u4mee23405@cb.students.amrita.edu","MEE","E","2027","7.03","0","Not Placed"
"CB.EN.U4MEE23406","Yash Sharma","cb.en.u4mee23406@cb.students.amrita.edu","MEE","E","2027","9","0","Not Placed"
"CB.EN.U4MEE23407","Keerthana Gupta","cb.en.u4mee23407@cb.students.amrita.edu","MEE","E","2027","7.13","0","Placed"
"CB.EN.U4MEE23408","Nikhil Mishra","cb.en.u4mee23408@cb.students.amrita.edu","MEE","E","2027","8.01","1","Not Placed"
"CB.EN.U4MEE23409","Lakshmi Mishra","cb.en.u4mee23409@cb.students.amrita.edu","MEE","E","2027","9.48","2","Not Placed"
"CB.EN.U4MEE23410","Aditya Shetty","cb.en.u4mee23410@cb.students.amrita.edu","MEE","E","2027","9.6","2","Placed"
"CB.EN.U4MEE23411","Surya Menon","cb.en.u4mee23411@cb.students.amrita.edu","MEE","E","2027","7.9","2","Not Placed"
"CB.EN.U4MEE23412","Diya Kulkarni","cb.en.u4mee23412@cb.students.amrita.edu","MEE","E","2027","8.42","1","Not Placed"
"CB.EN.U4MEE23413","Aditya Joshi","cb.en.u4mee23413@cb.students.amrita.edu","MEE","E","2027","8.21","1","Placed"
"CB.EN.U4MEE23414","Yash Das","cb.en.u4mee23414@cb.students.amrita.edu","MEE","E","2027","8.79","1","Not Placed"
"CB.EN.U4MEE23415","Vikram Verma","cb.en.u4mee23415@cb.students.amrita.edu","MEE","E","2027","7.2","0","Not Placed"
"CB.EN.U4MEE23416","Charan Nagarajan","cb.en.u4mee23416@cb.students.amrita.edu","MEE","E","2027","8.6","0","Placed"
"CB.EN.U4MEE23417","Aishwarya Bose","cb.en.u4mee23417@cb.students.amrita.edu","MEE","E","2027","8.03","1","Not Placed"
"CB.EN.U4MEE23418","Riya Raman","cb.en.u4mee23418@cb.students.amrita.edu","MEE","E","2027","9.2","0","Not Placed"
"CB.EN.U4MEE23419","Sanjay Reddy","cb.en.u4mee23419@cb.students.amrita.edu","MEE","E","2027","9.77","1","Placed"
"CB.EN.U4MEE23420","Aarav Pillai","cb.en.u4mee23420@cb.students.amrita.edu","MEE","E","2027","7.76","0","Not Placed"
"CB.EN.U4MEE23421","Arjun Sharma","cb.en.u4mee23421@cb.students.amrita.edu","MEE","E","2027","9.83","1","Not Placed"
"CB.EN.U4MEE23422","Riya Das","cb.en.u4mee23422@cb.students.amrita.edu","MEE","E","2027","8.07","0","Placed"
"CB.EN.U4MEE23423","Riya Joshi","cb.en.u4mee23423@cb.students.amrita.edu","MEE","E","2027","6.04","1","Not Placed"
"CB.EN.U4MEE23424","Anirudh Mishra","cb.en.u4mee23424@cb.students.amrita.edu","MEE","E","2027","9.47","0","Not Placed"
"CB.EN.U4MEE23425","Keerthana Joshi","cb.en.u4mee23425@cb.students.amrita.edu","MEE","E","2027","8.52","0","Placed"
"CB.EN.U4MEE23426","Zara Pillai","cb.en.u4mee23426@cb.students.amrita.edu","MEE","E","2027","8.09","1","Not Placed"
"CB.EN.U4MEE23427","Lakshmi Sharma","cb.en.u4mee23427@cb.students.amrita.edu","MEE","E","2027","8.01","2","Not Placed"
"CB.EN.U4MEE23428","Akash Kulkarni","cb.en.u4mee23428@cb.students.amrita.edu","MEE","E","2027","7.73","0","Placed"
"CB.EN.U4MEE23429","Rahul Kulkarni","cb.en.u4mee23429@cb.students.amrita.edu","MEE","E","2027","9.85","2","Not Placed"
"CB.EN.U4MEE23430","Pooja Bose","cb.en.u4mee23430@cb.students.amrita.edu","MEE","E","2027","7.25","2","Not Placed"
"CB.EN.U4MEE23431","Aarav Chatterjee","cb.en.u4mee23431@cb.students.amrita.edu","MEE","E","2027","7.51","1","Placed"
"CB.EN.U4MEE23432","Lakshmi Gupta","cb.en.u4mee23432@cb.students.amrita.edu","MEE","E","2027","6.68","1","Not Placed"
"CB.EN.U4MEE23433","Bhavya Sharma","cb.en.u4mee23433@cb.students.amrita.edu","MEE","E","2027","7.31","1","Not Placed"
"CB.EN.U4MEE23434","Janani Joshi","cb.en.u4mee23434@cb.students.amrita.edu","MEE","E","2027","6.54","1","Placed"
"CB.EN.U4MEE23435","Lakshmi Patel","cb.en.u4mee23435@cb.students.amrita.edu","MEE","E","2027","7.55","0","Not Placed"
"CB.EN.U4MEE23436","Pooja Menon","cb.en.u4mee23436@cb.students.amrita.edu","MEE","E","2027","7.15","2","Not Placed"
"CB.EN.U4MEE23437","Anirudh Das","cb.en.u4mee23437@cb.students.amrita.edu","MEE","E","2027","8.41","2","Placed"
"CB.EN.U4MEE23438","Surya Mishra","cb.en.u4mee23438@cb.students.amrita.edu","MEE","E","2027","6.09","2","Not Placed"
"CB.EN.U4MEE23439","Surya Nair","cb.en.u4mee23439@cb.students.amrita.edu","MEE","E","2027","9.33","1","Not Placed"
"CB.EN.U4MEE23440","Lakshmi Nair","cb.en.u4mee23440@cb.students.amrita.edu","MEE","E","2027","6.69","1","Placed"
"CB.EN.U4MEE23441","Diya Gupta","cb.en.u4mee23441@cb.students.amrita.edu","MEE","E","2027","8.34","2","Not Placed"
"CB.EN.U4MEE23442","Tanvi Verma","cb.en.u4mee23442@cb.students.amrita.edu","MEE","E","2027","8.16","2","Not Placed"
"CB.EN.U4MEE23443","Arya Krishnan","cb.en.u4mee23443@cb.students.amrita.edu","MEE","E","2027","8.71","1","Placed"
"CB.EN.U4MEE23444","Arjun Mishra","cb.en.u4mee23444@cb.students.amrita.edu","MEE","E","2027","8.54","0","Not Placed"
"CB.EN.U4MEE23445","Diya Mishra","cb.en.u4mee23445@cb.students.amrita.edu","MEE","E","2027","9.38","2","Not Placed"
"CB.EN.U4MEE23446","Nikhil Joshi","cb.en.u4mee23446@cb.students.amrita.edu","MEE","E","2027","8.74","2","Placed"
"CB.EN.U4MEE23447","Tanvi Iyer","cb.en.u4mee23447@cb.students.amrita.edu","MEE","E","2027","7.19","2","Not Placed"
"CB.EN.U4MEE23448","Vikram Iyer","cb.en.u4mee23448@cb.students.amrita.edu","MEE","E","2027","8.34","0","Not Placed"
"CB.EN.U4MEE23449","Zara Mishra","cb.en.u4mee23449@cb.students.amrita.edu","MEE","E","2027","6.47","1","Placed"
"CB.EN.U4MEE23450","Akash Kulkarni","cb.en.u4mee23450@cb.students.amrita.edu","MEE","E","2027","9.62","2","Not Placed"
"CB.EN.U4MEE23451","Sneha Menon","cb.en.u4mee23451@cb.students.amrita.edu","MEE","E","2027","7.1","1","Not Placed"
"CB.EN.U4MEE23452","Pooja Joshi","cb.en.u4mee23452@cb.students.amrita.edu","MEE","E","2027","9.43","0","Placed"
"CB.EN.U4MEE23453","Charan Gupta","cb.en.u4mee23453@cb.students.amrita.edu","MEE","E","2027","9.63","0","Not Placed"
"CB.EN.U4MEE23454","Akash Reddy","cb.en.u4mee23454@cb.students.amrita.edu","MEE","E","2027","6.8","1","Not Placed"
"CB.EN.U4MEE23455","Sanjay Joshi","cb.en.u4mee23455@cb.students.amrita.edu","MEE","E","2027","8.39","0","Placed"
"CB.EN.U4MEE23456","Zara Pillai","cb.en.u4mee23456@cb.students.amrita.edu","MEE","E","2027","6.42","0","Not Placed"
"CB.EN.U4MEE23457","Aditya Joshi","cb.en.u4mee23457@cb.students.amrita.edu","MEE","E","2027","8.08","2","Not Placed"
"CB.EN.U4MEE23458","Vikram Nagarajan","cb.en.u4mee23458@cb.students.amrita.edu","MEE","E","2027","6.15","1","Placed"
"CB.EN.U4MEE23459","Akash Shetty","cb.en.u4mee23459@cb.students.amrita.edu","MEE","E","2027","8.02","0","Not Placed"
"CB.SC.U4CSE23621","Harini","cb.sc.u4cse23621@cb.students.amrita.edu","CSE","B","2027","9.5","0","Not Placed"
